2026-02-20 10:23:39,104 - DAMXDaemon - INFO - ** Starting DAMX-Daemon v0.4.6 **
2026-02-20 10:23:39,104 - DAMXDaemon - INFO - linuwu_sense module found. Proceeding with initialization.
2026-02-20 10:23:39,305 - DAMXDaemon - INFO - Detected laptop type: NITRO
2026-02-20 10:23:39,305 - DAMXDaemon - INFO - Base path: /sys/module/linuwu_sense/drivers/platform:acer-wmi/acer-wmi/nitro_sense
2026-02-20 10:23:39,305 - DAMXDaemon - INFO - Four-zone keyboard: No
2026-02-20 10:23:39,305 - DAMXDaemon - INFO - Available features: backlight_timeout, battery_limiter, thermal_profile, battery_calibration, usb_charging, fan_speed
2026-02-20 10:23:39,305 - DAMXDaemon - INFO - Driver Version: 25.701
2026-02-20 10:23:39,305 - DAMXDaemon - INFO - Creating default config at /etc/DAMX_Daemon/config.ini
2026-02-20 10:23:39,305 - DAMXDaemon - INFO - Log level set to INFO
2026-02-20 10:23:39,305 - DAMXDaemon - INFO - ** Starting DAMX-Daemon v0.4.6 **
2026-02-20 10:23:39,305 - DAMXDaemon - INFO - linuwu_sense module found. Proceeding with initialization.
2026-02-20 10:23:39,506 - DAMXDaemon - INFO - Detected laptop type: NITRO
2026-02-20 10:23:39,506 - DAMXDaemon - INFO - Base path: /sys/module/linuwu_sense/drivers/platform:acer-wmi/acer-wmi/nitro_sense
2026-02-20 10:23:39,506 - DAMXDaemon - INFO - Four-zone keyboard: No
2026-02-20 10:23:39,506 - DAMXDaemon - INFO - Available features: backlight_timeout, battery_limiter, thermal_profile, battery_calibration, usb_charging, fan_speed
2026-02-20 10:23:39,506 - DAMXDaemon - INFO - PowerSourceDetector initialized
2026-02-20 10:23:39,510 - DAMXDaemon - INFO - Switched to AC power
2026-02-20 10:23:39,511 - DAMXDaemon - INFO - Monitoring power source started
2026-02-20 10:23:39,511 - DAMXDaemon - INFO - Detected features: backlight_timeout, battery_calibration, battery_limiter, fan_speed, thermal_profile, usb_charging
2026-02-20 10:23:39,511 - DAMXDaemon - INFO - Monitoring power source started
2026-02-20 10:23:39,511 - DAMXDaemon - INFO - Server listening on /var/run/DAMX.sock
2026-02-20 10:26:42,788 - DAMXDaemon - INFO - Processing command: get_supported_features with params: {}
2026-02-20 10:26:42,796 - DAMXDaemon - INFO - Processing command: get_all_settings with params: {}
2026-02-20 10:27:27,220 - DAMXDaemon - INFO - Processing command: set_battery_limiter with params: {'enabled': False}
2026-02-20 10:27:33,486 - DAMXDaemon - INFO - Processing command: set_battery_limiter with params: {'enabled': True}
2026-02-20 10:27:42,681 - DAMXDaemon - INFO - Processing command: set_thermal_profile with params: {'profile': 'balanced-performance'}
2026-02-20 10:27:43,688 - DAMXDaemon - INFO - Processing command: get_all_settings with params: {}
2026-02-20 10:27:44,560 - DAMXDaemon - INFO - Processing command: set_fan_speed with params: {'cpu': 100, 'gpu': 100}
2026-02-20 10:28:01,672 - DAMXDaemon - INFO - Processing command: set_fan_speed with params: {'cpu': 100, 'gpu': 100}
2026-02-20 10:31:22,725 - DAMXDaemon - INFO - Processing command: set_fan_speed with params: {'cpu': 0, 'gpu': 0}
2026-02-20 10:31:22,732 - DAMXDaemon - INFO - Processing command: get_all_settings with params: {}
2026-02-20 10:31:28,038 - DAMXDaemon - INFO - Processing command: get_supported_features with params: {}
2026-02-20 10:31:28,044 - DAMXDaemon - INFO - Processing command: get_all_settings with params: {}
2026-02-20 10:31:28,115 - DAMXDaemon - INFO - Processing command: set_thermal_profile with params: {'profile': 'balanced-performance'}
2026-02-20 10:31:29,124 - DAMXDaemon - INFO - Processing command: get_all_settings with params: {}
2026-02-20 10:33:24,751 - DAMXDaemon - INFO - Processing command: get_supported_features with params: {}
2026-02-20 10:33:24,758 - DAMXDaemon - INFO - Processing command: get_all_settings with params: {}
2026-02-20 10:33:24,830 - DAMXDaemon - INFO - Processing command: set_thermal_profile with params: {'profile': 'balanced-performance'}
2026-02-20 10:33:25,837 - DAMXDaemon - INFO - Processing command: get_all_settings with params: {}
2026-02-20 10:33:29,400 - DAMXDaemon - INFO - Processing command: set_fan_speed with params: {'cpu': 100, 'gpu': 100}
2026-02-20 10:33:31,463 - DAMXDaemon - INFO - Processing command: set_fan_speed with params: {'cpu': 0, 'gpu': 0}
2026-02-20 10:33:31,469 - DAMXDaemon - INFO - Processing command: get_all_settings with params: {}
2026-02-20 10:33:34,041 - DAMXDaemon - INFO - Processing command: set_thermal_profile with params: {'profile': 'balanced'}
2026-02-20 10:33:35,050 - DAMXDaemon - INFO - Processing command: get_all_settings with params: {}
2026-02-20 10:46:05,858 - DAMXDaemon - INFO - Processing command: get_supported_features with params: {}
2026-02-20 10:46:05,864 - DAMXDaemon - INFO - Processing command: get_all_settings with params: {}
2026-02-20 10:46:27,589 - DAMXDaemon - INFO - Processing command: set_thermal_profile with params: {'profile': 'quiet'}
2026-02-20 10:46:27,605 - DAMXDaemon - INFO - Processing command: set_fan_speed with params: {'cpu': 0, 'gpu': 0}
2026-02-20 10:46:28,611 - DAMXDaemon - INFO - Processing command: get_all_settings with params: {}
2026-02-20 10:46:54,974 - DAMXDaemon - INFO - Processing command: get_supported_features with params: {}
2026-02-20 10:46:54,981 - DAMXDaemon - INFO - Processing command: get_all_settings with params: {}
2026-02-20 10:46:55,055 - DAMXDaemon - INFO - Processing command: set_thermal_profile with params: {'profile': 'quiet'}
2026-02-20 10:46:55,070 - DAMXDaemon - INFO - Processing command: set_fan_speed with params: {'cpu': 0, 'gpu': 0}
2026-02-20 10:46:56,079 - DAMXDaemon - INFO - Processing command: get_all_settings with params: {}
2026-02-20 10:47:02,120 - DAMXDaemon - INFO - Processing command: set_thermal_profile with params: {'profile': 'balanced'}
2026-02-20 10:47:03,128 - DAMXDaemon - INFO - Processing command: get_all_settings with params: {}
2026-02-20 10:47:03,261 - DAMXDaemon - INFO - Processing command: set_fan_speed with params: {'cpu': 100, 'gpu': 100}
2026-02-20 10:50:10,800 - DAMXDaemon - INFO - Processing command: get_supported_features with params: {}
2026-02-20 10:50:10,805 - DAMXDaemon - INFO - Processing command: get_all_settings with params: {}
2026-02-20 10:50:18,133 - DAMXDaemon - INFO - Processing command: set_fan_speed with params: {'cpu': 0, 'gpu': 0}
2026-02-20 10:50:18,140 - DAMXDaemon - INFO - Processing command: get_all_settings with params: {}
2026-02-20 10:50:19,826 - DAMXDaemon - INFO - Processing command: set_thermal_profile with params: {'profile': 'quiet'}
2026-02-20 10:50:19,838 - DAMXDaemon - INFO - Processing command: set_fan_speed with params: {'cpu': 0, 'gpu': 0}
2026-02-20 11:12:49,994 - DAMXDaemon - INFO - Switched to battery power
2026-02-20 11:13:44,974 - DAMXDaemon - INFO - Switched to AC power
2026-02-20 11:47:20,216 - DAMXDaemon - INFO - Switched to battery power
2026-02-20 11:51:01,173 - DAMXDaemon - INFO - Processing command: get_supported_features with params: {}
2026-02-20 11:51:01,183 - DAMXDaemon - INFO - Processing command: get_all_settings with params: {}
2026-02-20 11:51:01,235 - DAMXDaemon - INFO - Processing command: set_thermal_profile with params: {'profile': 'quiet'}
2026-02-20 11:51:01,235 - DAMXDaemon - ERROR - Failed to write to /sys/firmware/acpi/platform_profile: [Errno 95] Operation not supported
2026-02-20 11:51:01,242 - DAMXDaemon - INFO - Processing command: set_fan_speed with params: {'cpu': 0, 'gpu': 0}
2026-02-20 11:51:01,300 - DAMXDaemon - INFO - Processing command: set_thermal_profile with params: {'profile': 'balanced'}
2026-02-20 11:51:02,252 - DAMXDaemon - INFO - Processing command: get_all_settings with params: {}
2026-02-20 11:51:02,309 - DAMXDaemon - INFO - Processing command: get_all_settings with params: {}
2026-02-20 11:51:12,271 - DAMXDaemon - INFO - Processing command: set_thermal_profile with params: {'profile': 'low-power'}
2026-02-20 11:51:13,285 - DAMXDaemon - INFO - Processing command: get_all_settings with params: {}
2026-02-20 11:59:15,498 - DAMXDaemon - INFO - Processing command: get_supported_features with params: {}
2026-02-20 11:59:15,508 - DAMXDaemon - INFO - Processing command: get_all_settings with params: {}
2026-02-20 11:59:15,558 - DAMXDaemon - INFO - Processing command: set_thermal_profile with params: {'profile': 'low-power'}
2026-02-20 11:59:16,575 - DAMXDaemon - INFO - Processing command: get_all_settings with params: {}
2026-02-20 11:59:39,610 - DAMXDaemon - INFO - Processing command: set_thermal_profile with params: {'profile': 'balanced'}
2026-02-20 11:59:40,617 - DAMXDaemon - INFO - Processing command: get_all_settings with params: {}
2026-02-20 11:59:52,157 - DAMXDaemon - INFO - Processing command: set_fan_speed with params: {'cpu': 50, 'gpu': 50}
2026-02-20 11:59:52,176 - DAMXDaemon - INFO - Processing command: set_fan_speed with params: {'cpu': 50, 'gpu': 50}
2026-02-20 12:02:35,225 - DAMXDaemon - INFO - Processing command: get_supported_features with params: {}
2026-02-20 12:02:35,233 - DAMXDaemon - INFO - Processing command: get_all_settings with params: {}
2026-02-20 12:09:51,434 - DAMXDaemon - INFO - Processing command: set_fan_speed with params: {'cpu': 0, 'gpu': 0}
2026-02-20 12:09:51,443 - DAMXDaemon - INFO - Processing command: get_all_settings with params: {}
2026-02-20 12:27:10,570 - DAMXDaemon - INFO - Switched to AC power
2026-02-20 12:48:10,777 - DAMXDaemon - INFO - Switched to battery power
2026-02-20 16:12:29,880 - DAMXDaemon - INFO - Switched to AC power
2026-02-20 16:22:53,772 - DAMXDaemon - INFO - Processing command: get_supported_features with params: {}
2026-02-20 16:22:53,778 - DAMXDaemon - INFO - Processing command: get_all_settings with params: {}
2026-02-20 16:23:00,171 - DAMXDaemon - INFO - Processing command: set_thermal_profile with params: {'profile': 'balanced-performance'}
2026-02-20 16:23:01,178 - DAMXDaemon - INFO - Processing command: get_all_settings with params: {}
2026-02-20 16:23:01,661 - DAMXDaemon - INFO - Processing command: set_fan_speed with params: {'cpu': 100, 'gpu': 100}
2026-02-20 16:23:02,984 - DAMXDaemon - INFO - Processing command: set_thermal_profile with params: {'profile': 'balanced'}
2026-02-20 16:23:03,991 - DAMXDaemon - INFO - Processing command: get_all_settings with params: {}
2026-02-20 16:32:52,286 - DAMXDaemon - INFO - Processing command: set_fan_speed with params: {'cpu': 50, 'gpu': 50}
2026-02-20 16:32:52,303 - DAMXDaemon - INFO - Processing command: set_fan_speed with params: {'cpu': 50, 'gpu': 50}
2026-02-20 16:40:26,921 - DAMXDaemon - INFO - Processing command: get_supported_features with params: {}
2026-02-20 16:40:26,927 - DAMXDaemon - INFO - Processing command: get_all_settings with params: {}
2026-02-20 18:00:19,716 - DAMXDaemon - INFO - Processing command: set_fan_speed with params: {'cpu': 0, 'gpu': 0}
2026-02-20 18:00:19,724 - DAMXDaemon - INFO - Processing command: get_all_settings with params: {}
2026-02-20 18:22:41,932 - DAMXDaemon - INFO - Switched to battery power
2026-02-20 18:29:04,122 - DAMXDaemon - INFO - Processing command: set_thermal_profile with params: {'profile': 'low-power'}
2026-02-20 18:29:05,135 - DAMXDaemon - INFO - Processing command: get_all_settings with params: {}
2026-02-20 18:49:56,904 - DAMXDaemon - INFO - Processing command: set_thermal_profile with params: {'profile': 'balanced'}
2026-02-20 18:49:57,241 - DAMXDaemon - INFO - Switched to AC power
2026-02-20 18:49:57,927 - DAMXDaemon - INFO - Processing command: get_all_settings with params: {}
2026-02-20 18:57:10,373 - DAMXDaemon - INFO - Processing command: set_thermal_profile with params: {'profile': 'balanced-performance'}
2026-02-20 18:57:11,380 - DAMXDaemon - INFO - Processing command: set_fan_speed with params: {'cpu': 100, 'gpu': 100}
2026-02-20 18:57:11,386 - DAMXDaemon - INFO - Processing command: get_all_settings with params: {}
2026-02-20 18:57:15,285 - DAMXDaemon - INFO - Processing command: set_fan_speed with params: {'cpu': 0, 'gpu': 0}
2026-02-20 18:57:15,291 - DAMXDaemon - INFO - Processing command: get_all_settings with params: {}
2026-02-20 18:57:26,138 - DAMXDaemon - INFO - Processing command: set_fan_speed with params: {'cpu': 50, 'gpu': 50}
2026-02-20 18:57:26,154 - DAMXDaemon - INFO - Processing command: set_fan_speed with params: {'cpu': 50, 'gpu': 50}
2026-02-20 18:58:30,526 - DAMXDaemon - INFO - Processing command: set_fan_speed with params: {'cpu': 100, 'gpu': 100}
2026-02-20 19:17:50,063 - DAMXDaemon - INFO - Processing command: set_thermal_profile with params: {'profile': 'balanced'}
2026-02-20 19:17:51,005 - DAMXDaemon - INFO - Processing command: set_fan_speed with params: {'cpu': 0, 'gpu': 0}
2026-02-20 19:17:51,010 - DAMXDaemon - INFO - Processing command: get_all_settings with params: {}
2026-02-20 19:17:51,069 - DAMXDaemon - INFO - Processing command: get_all_settings with params: {}
2026-02-20 20:24:58,067 - DAMXDaemon - INFO - Switched to battery power
2026-02-20 23:25:05,921 - DAMXDaemon - INFO - Switched to AC power
2026-02-21 08:48:27,497 - DAMXDaemon - INFO - Processing command: get_supported_features with params: {}
2026-02-21 08:48:27,503 - DAMXDaemon - INFO - Processing command: get_all_settings with params: {}
2026-02-21 08:48:33,746 - DAMXDaemon - INFO - Processing command: set_fan_speed with params: {'cpu': 100, 'gpu': 100}
2026-02-21 08:48:35,695 - DAMXDaemon - INFO - Processing command: set_fan_speed with params: {'cpu': 0, 'gpu': 0}
2026-02-21 08:48:35,702 - DAMXDaemon - INFO - Processing command: get_all_settings with params: {}
2026-02-21 08:54:17,932 - DAMXDaemon - INFO - Processing command: get_supported_features with params: {}
2026-02-21 08:54:17,938 - DAMXDaemon - INFO - Processing command: get_all_settings with params: {}
2026-02-21 11:49:27,966 - DAMXDaemon - INFO - Switched to battery power
2026-02-21 11:49:33,650 - DAMXDaemon - INFO - Processing command: set_fan_speed with params: {'cpu': 100, 'gpu': 100}
2026-02-21 12:12:35,506 - DAMXDaemon - INFO - Processing command: set_fan_speed with params: {'cpu': 0, 'gpu': 0}
2026-02-21 12:12:35,513 - DAMXDaemon - INFO - Processing command: get_all_settings with params: {}
2026-02-21 12:58:58,465 - DAMXDaemon - INFO - Switched to AC power
2026-02-21 15:36:04,734 - DAMXDaemon - INFO - Switched to battery power
2026-02-21 16:26:05,013 - DAMXDaemon - INFO - Processing command: set_fan_speed with params: {'cpu': 100, 'gpu': 100}
2026-02-21 16:26:16,080 - DAMXDaemon - INFO - Processing command: set_fan_speed with params: {'cpu': 0, 'gpu': 0}
2026-02-21 16:26:16,088 - DAMXDaemon - INFO - Processing command: get_all_settings with params: {}
2026-02-21 16:36:25,770 - DAMXDaemon - INFO - Switched to AC power
2026-02-21 18:55:31,972 - DAMXDaemon - INFO - Switched to battery power
2026-02-21 19:07:07,032 - DAMXDaemon - INFO - Switched to AC power
2026-02-21 19:20:22,139 - DAMXDaemon - INFO - Switched to battery power
2026-02-21 19:42:08,931 - DAMXDaemon - INFO - Switched to AC power
2026-02-21 21:45:09,951 - DAMXDaemon - INFO - Switched to battery power
2026-02-21 22:10:11,621 - DAMXDaemon - INFO - Switched to AC power
2026-02-21 23:29:29,065 - DAMXDaemon - INFO - Switched to battery power
2026-02-21 23:32:24,091 - DAMXDaemon - INFO - Switched to AC power
2026-02-21 23:35:09,121 - DAMXDaemon - INFO - Switched to battery power
2026-02-21 23:43:00,113 - DAMXDaemon - INFO - Received signal 15, shutting down...
2026-02-21 23:43:00,113 - DAMXDaemon - INFO - Received signal 15, shutting down...
2026-02-21 23:43:00,656 - DAMXDaemon - INFO - Cleaning up resources...
2026-02-21 23:43:00,656 - DAMXDaemon - INFO - Stopping server...
2026-02-21 23:43:00,656 - DAMXDaemon - INFO - Removed socket file: /var/run/DAMX.sock
2026-02-21 23:43:00,656 - DAMXDaemon - INFO - Daemon stopped
2026-02-22 09:37:44,453 - DAMXDaemon - INFO - ** Starting DAMX-Daemon v0.4.6 **
2026-02-22 09:37:44,455 - DAMXDaemon - INFO - linuwu_sense module found. Proceeding with initialization.
2026-02-22 09:37:44,656 - DAMXDaemon - INFO - Detected laptop type: NITRO
2026-02-22 09:37:44,656 - DAMXDaemon - INFO - Base path: /sys/module/linuwu_sense/drivers/platform:acer-wmi/acer-wmi/nitro_sense
2026-02-22 09:37:44,656 - DAMXDaemon - INFO - Four-zone keyboard: No
2026-02-22 09:37:44,656 - DAMXDaemon - INFO - Available features: backlight_timeout, usb_charging, fan_speed, thermal_profile, battery_calibration, battery_limiter
2026-02-22 09:37:44,656 - DAMXDaemon - INFO - Driver Version: 25.701
2026-02-22 09:37:44,657 - DAMXDaemon - INFO - Log level set to INFO
2026-02-22 09:37:44,657 - DAMXDaemon - INFO - ** Starting DAMX-Daemon v0.4.6 **
2026-02-22 09:37:44,657 - DAMXDaemon - INFO - linuwu_sense module found. Proceeding with initialization.
2026-02-22 09:37:44,857 - DAMXDaemon - INFO - Detected laptop type: NITRO
2026-02-22 09:37:44,857 - DAMXDaemon - INFO - Base path: /sys/module/linuwu_sense/drivers/platform:acer-wmi/acer-wmi/nitro_sense
2026-02-22 09:37:44,857 - DAMXDaemon - INFO - Four-zone keyboard: No
2026-02-22 09:37:44,857 - DAMXDaemon - INFO - Available features: backlight_timeout, usb_charging, fan_speed, thermal_profile, battery_calibration, battery_limiter
2026-02-22 09:37:44,857 - DAMXDaemon - INFO - PowerSourceDetector initialized
2026-02-22 09:37:44,866 - DAMXDaemon - INFO - Switched to AC power
2026-02-22 09:37:44,866 - DAMXDaemon - INFO - Monitoring power source started
2026-02-22 09:37:44,866 - DAMXDaemon - INFO - Detected features: backlight_timeout, battery_calibration, battery_limiter, fan_speed, thermal_profile, usb_charging
2026-02-22 09:37:44,867 - DAMXDaemon - INFO - Monitoring power source started
2026-02-22 09:37:44,867 - DAMXDaemon - INFO - Server listening on /var/run/DAMX.sock
2026-02-22 10:08:36,289 - DAMXDaemon - INFO - Switched to battery power
2026-02-22 10:47:45,972 - DAMXDaemon - INFO - Received signal 15, shutting down...
2026-02-22 10:47:46,733 - DAMXDaemon - INFO - Cleaning up resources...
2026-02-22 10:47:46,733 - DAMXDaemon - INFO - Stopping server...
2026-02-22 10:47:46,733 - DAMXDaemon - INFO - Removed socket file: /var/run/DAMX.sock
2026-02-22 10:47:46,733 - DAMXDaemon - INFO - Daemon stopped
2026-02-22 12:33:16,475 - DAMXDaemon - INFO - ** Starting DAMX-Daemon v0.4.6 **
2026-02-22 12:33:16,476 - DAMXDaemon - INFO - linuwu_sense module found. Proceeding with initialization.
2026-02-22 12:33:16,676 - DAMXDaemon - INFO - Detected laptop type: NITRO
2026-02-22 12:33:16,676 - DAMXDaemon - INFO - Base path: /sys/module/linuwu_sense/drivers/platform:acer-wmi/acer-wmi/nitro_sense
2026-02-22 12:33:16,676 - DAMXDaemon - INFO - Four-zone keyboard: No
2026-02-22 12:33:16,676 - DAMXDaemon - INFO - Available features: backlight_timeout, thermal_profile, battery_limiter, usb_charging, battery_calibration, fan_speed
2026-02-22 12:33:16,676 - DAMXDaemon - INFO - Driver Version: 25.701
2026-02-22 12:33:16,677 - DAMXDaemon - INFO - Log level set to INFO
2026-02-22 12:33:16,677 - DAMXDaemon - INFO - ** Starting DAMX-Daemon v0.4.6 **
2026-02-22 12:33:16,677 - DAMXDaemon - INFO - linuwu_sense module found. Proceeding with initialization.
2026-02-22 12:33:16,878 - DAMXDaemon - INFO - Detected laptop type: NITRO
2026-02-22 12:33:16,878 - DAMXDaemon - INFO - Base path: /sys/module/linuwu_sense/drivers/platform:acer-wmi/acer-wmi/nitro_sense
2026-02-22 12:33:16,878 - DAMXDaemon - INFO - Four-zone keyboard: No
2026-02-22 12:33:16,878 - DAMXDaemon - INFO - Available features: backlight_timeout, thermal_profile, battery_limiter, usb_charging, battery_calibration, fan_speed
2026-02-22 12:33:16,879 - DAMXDaemon - INFO - PowerSourceDetector initialized
2026-02-22 12:33:16,888 - DAMXDaemon - INFO - Switched to AC power
2026-02-22 12:33:16,888 - DAMXDaemon - INFO - Monitoring power source started
2026-02-22 12:33:16,888 - DAMXDaemon - INFO - Detected features: backlight_timeout, battery_calibration, battery_limiter, fan_speed, thermal_profile, usb_charging
2026-02-22 12:33:16,889 - DAMXDaemon - INFO - Monitoring power source started
2026-02-22 12:33:16,889 - DAMXDaemon - INFO - Server listening on /var/run/DAMX.sock
2026-02-22 12:57:58,063 - DAMXDaemon - INFO - Switched to battery power
2026-02-22 13:00:03,081 - DAMXDaemon - INFO - Switched to AC power
2026-02-22 13:00:05,032 - DAMXDaemon - INFO - Processing command: get_supported_features with params: {}
2026-02-22 13:00:05,038 - DAMXDaemon - INFO - Processing command: get_all_settings with params: {}
2026-02-22 13:00:11,773 - DAMXDaemon - INFO - Processing command: set_fan_speed with params: {'cpu': 100, 'gpu': 100}
2026-02-22 13:00:48,217 - DAMXDaemon - INFO - Processing command: get_supported_features with params: {}
2026-02-22 13:00:48,223 - DAMXDaemon - INFO - Processing command: get_all_settings with params: {}
2026-02-22 13:05:58,137 - DAMXDaemon - INFO - Switched to battery power
2026-02-22 13:07:23,146 - DAMXDaemon - INFO - Switched to AC power
2026-02-22 13:25:47,887 - DAMXDaemon - INFO - Processing command: set_fan_speed with params: {'cpu': 0, 'gpu': 0}
2026-02-22 13:25:47,893 - DAMXDaemon - INFO - Processing command: get_all_settings with params: {}
2026-02-22 14:12:08,744 - DAMXDaemon - INFO - Switched to battery power
2026-02-22 14:13:03,751 - DAMXDaemon - INFO - Switched to AC power
2026-02-22 19:22:44,110 - DAMXDaemon - INFO - Switched to battery power
2026-02-22 19:55:32,965 - DAMXDaemon - INFO - Processing command: get_supported_features with params: {}
2026-02-22 19:55:32,972 - DAMXDaemon - INFO - Processing command: get_all_settings with params: {}
2026-02-22 20:02:39,269 - DAMXDaemon - INFO - Processing command: get_supported_features with params: {}
2026-02-22 20:02:39,278 - DAMXDaemon - INFO - Processing command: get_all_settings with params: {}
2026-02-22 20:24:59,909 - DAMXDaemon - INFO - Switched to AC power
2026-02-22 20:25:13,976 - DAMXDaemon - INFO - Processing command: get_supported_features with params: {}
2026-02-22 20:25:13,982 - DAMXDaemon - INFO - Processing command: get_all_settings with params: {}
2026-02-22 20:25:27,307 - DAMXDaemon - INFO - Processing command: set_fan_speed with params: {'cpu': 100, 'gpu': 100}
2026-02-22 20:45:12,685 - DAMXDaemon - INFO - Processing command: set_fan_speed with params: {'cpu': 100, 'gpu': 100}
2026-02-22 20:57:11,395 - DAMXDaemon - INFO - Processing command: set_fan_speed with params: {'cpu': 0, 'gpu': 0}
2026-02-22 20:57:11,402 - DAMXDaemon - INFO - Processing command: get_all_settings with params: {}
2026-02-23 00:04:41,046 - DAMXDaemon - INFO - Received signal 15, shutting down...
2026-02-23 00:04:41,046 - DAMXDaemon - INFO - Received signal 15, shutting down...
2026-02-23 00:04:41,537 - DAMXDaemon - INFO - Cleaning up resources...
2026-02-23 00:04:41,537 - DAMXDaemon - INFO - Stopping server...
2026-02-23 00:04:41,537 - DAMXDaemon - INFO - Removed socket file: /var/run/DAMX.sock
2026-02-23 00:04:41,537 - DAMXDaemon - INFO - Daemon stopped
2026-02-23 19:03:19,510 - DAMXDaemon - INFO - ** Starting DAMX-Daemon v0.4.6 **
2026-02-23 19:03:19,510 - DAMXDaemon - INFO - linuwu_sense module found. Proceeding with initialization.
2026-02-23 19:03:19,711 - DAMXDaemon - INFO - Detected laptop type: NITRO
2026-02-23 19:03:19,711 - DAMXDaemon - INFO - Base path: /sys/module/linuwu_sense/drivers/platform:acer-wmi/acer-wmi/nitro_sense
2026-02-23 19:03:19,711 - DAMXDaemon - INFO - Four-zone keyboard: No
2026-02-23 19:03:19,711 - DAMXDaemon - INFO - Available features: battery_calibration, battery_limiter, fan_speed, usb_charging, backlight_timeout, thermal_profile
2026-02-23 19:03:19,711 - DAMXDaemon - INFO - Driver Version: 25.701
2026-02-23 19:03:19,712 - DAMXDaemon - INFO - Log level set to INFO
2026-02-23 19:03:19,712 - DAMXDaemon - INFO - ** Starting DAMX-Daemon v0.4.6 **
2026-02-23 19:03:19,712 - DAMXDaemon - INFO - linuwu_sense module found. Proceeding with initialization.
2026-02-23 19:03:19,912 - DAMXDaemon - INFO - Detected laptop type: NITRO
2026-02-23 19:03:19,913 - DAMXDaemon - INFO - Base path: /sys/module/linuwu_sense/drivers/platform:acer-wmi/acer-wmi/nitro_sense
2026-02-23 19:03:19,913 - DAMXDaemon - INFO - Four-zone keyboard: No
2026-02-23 19:03:19,913 - DAMXDaemon - INFO - Available features: battery_calibration, battery_limiter, fan_speed, usb_charging, backlight_timeout, thermal_profile
2026-02-23 19:03:19,913 - DAMXDaemon - INFO - PowerSourceDetector initialized
2026-02-23 19:03:19,922 - DAMXDaemon - INFO - Switched to AC power
2026-02-23 19:03:19,923 - DAMXDaemon - INFO - Monitoring power source started
2026-02-23 19:03:19,923 - DAMXDaemon - INFO - Detected features: backlight_timeout, battery_calibration, battery_limiter, fan_speed, thermal_profile, usb_charging
2026-02-23 19:03:19,923 - DAMXDaemon - INFO - Monitoring power source started
2026-02-23 19:03:19,923 - DAMXDaemon - INFO - Server listening on /var/run/DAMX.sock
2026-02-23 19:17:27,353 - DAMXDaemon - INFO - Processing command: get_supported_features with params: {}
2026-02-23 19:17:27,359 - DAMXDaemon - INFO - Processing command: get_all_settings with params: {}
2026-02-23 19:17:38,196 - DAMXDaemon - INFO - Processing command: set_fan_speed with params: {'cpu': 100, 'gpu': 100}
2026-02-23 19:19:48,068 - DAMXDaemon - INFO - Received signal 15, shutting down...
2026-02-23 19:19:48,468 - DAMXDaemon - INFO - Cleaning up resources...
2026-02-23 19:19:48,468 - DAMXDaemon - INFO - Stopping server...
2026-02-23 19:19:48,468 - DAMXDaemon - INFO - Removed socket file: /var/run/DAMX.sock
2026-02-23 19:19:48,469 - DAMXDaemon - INFO - Daemon stopped
2026-02-23 19:26:11,575 - DAMXDaemon - INFO - ** Starting DAMX-Daemon v0.4.6 **
2026-02-23 19:26:11,575 - DAMXDaemon - INFO - linuwu_sense module found. Proceeding with initialization.
2026-02-23 19:26:11,775 - DAMXDaemon - INFO - Detected laptop type: NITRO
2026-02-23 19:26:11,775 - DAMXDaemon - INFO - Base path: /sys/module/linuwu_sense/drivers/platform:acer-wmi/acer-wmi/nitro_sense
2026-02-23 19:26:11,775 - DAMXDaemon - INFO - Four-zone keyboard: No
2026-02-23 19:26:11,775 - DAMXDaemon - INFO - Available features: fan_speed, battery_calibration, battery_limiter, thermal_profile, backlight_timeout, usb_charging
2026-02-23 19:26:11,776 - DAMXDaemon - INFO - Driver Version: 25.701
2026-02-23 19:26:11,776 - DAMXDaemon - INFO - Log level set to INFO
2026-02-23 19:26:11,776 - DAMXDaemon - INFO - ** Starting DAMX-Daemon v0.4.6 **
2026-02-23 19:26:11,776 - DAMXDaemon - INFO - linuwu_sense module found. Proceeding with initialization.
2026-02-23 19:26:11,977 - DAMXDaemon - INFO - Detected laptop type: NITRO
2026-02-23 19:26:11,977 - DAMXDaemon - INFO - Base path: /sys/module/linuwu_sense/drivers/platform:acer-wmi/acer-wmi/nitro_sense
2026-02-23 19:26:11,977 - DAMXDaemon - INFO - Four-zone keyboard: No
2026-02-23 19:26:11,977 - DAMXDaemon - INFO - Available features: fan_speed, battery_calibration, battery_limiter, thermal_profile, backlight_timeout, usb_charging
2026-02-23 19:26:11,977 - DAMXDaemon - INFO - PowerSourceDetector initialized
2026-02-23 19:26:11,985 - DAMXDaemon - INFO - Switched to AC power
2026-02-23 19:26:11,986 - DAMXDaemon - INFO - Monitoring power source started
2026-02-23 19:26:11,986 - DAMXDaemon - INFO - Detected features: backlight_timeout, battery_calibration, battery_limiter, fan_speed, thermal_profile, usb_charging
2026-02-23 19:26:11,986 - DAMXDaemon - INFO - Monitoring power source started
2026-02-23 19:26:11,987 - DAMXDaemon - INFO - Server listening on /var/run/DAMX.sock
2026-02-23 19:28:25,333 - DAMXDaemon - INFO - Received signal 15, shutting down...
2026-02-23 19:28:25,333 - DAMXDaemon - INFO - Received signal 15, shutting down...
2026-02-23 19:28:26,133 - DAMXDaemon - INFO - Cleaning up resources...
2026-02-23 19:28:26,133 - DAMXDaemon - INFO - Stopping server...
2026-02-23 19:28:26,133 - DAMXDaemon - INFO - Removed socket file: /var/run/DAMX.sock
2026-02-23 19:28:26,133 - DAMXDaemon - INFO - Daemon stopped
2026-02-23 19:29:09,497 - DAMXDaemon - INFO - ** Starting DAMX-Daemon v0.4.6 **
2026-02-23 19:29:09,498 - DAMXDaemon - INFO - linuwu_sense module found. Proceeding with initialization.
2026-02-23 19:29:09,698 - DAMXDaemon - INFO - Detected laptop type: NITRO
2026-02-23 19:29:09,698 - DAMXDaemon - INFO - Base path: /sys/module/linuwu_sense/drivers/platform:acer-wmi/acer-wmi/nitro_sense
2026-02-23 19:29:09,698 - DAMXDaemon - INFO - Four-zone keyboard: No
2026-02-23 19:29:09,698 - DAMXDaemon - INFO - Available features: backlight_timeout, battery_calibration, thermal_profile, battery_limiter, usb_charging, fan_speed
2026-02-23 19:29:09,698 - DAMXDaemon - INFO - Driver Version: 25.701
2026-02-23 19:29:09,699 - DAMXDaemon - INFO - Log level set to INFO
2026-02-23 19:29:09,699 - DAMXDaemon - INFO - ** Starting DAMX-Daemon v0.4.6 **
2026-02-23 19:29:09,699 - DAMXDaemon - INFO - linuwu_sense module found. Proceeding with initialization.
2026-02-23 19:29:09,900 - DAMXDaemon - INFO - Detected laptop type: NITRO
2026-02-23 19:29:09,900 - DAMXDaemon - INFO - Base path: /sys/module/linuwu_sense/drivers/platform:acer-wmi/acer-wmi/nitro_sense
2026-02-23 19:29:09,900 - DAMXDaemon - INFO - Four-zone keyboard: No
2026-02-23 19:29:09,900 - DAMXDaemon - INFO - Available features: backlight_timeout, battery_calibration, thermal_profile, battery_limiter, usb_charging, fan_speed
2026-02-23 19:29:09,900 - DAMXDaemon - INFO - PowerSourceDetector initialized
2026-02-23 19:29:09,910 - DAMXDaemon - INFO - Switched to AC power
2026-02-23 19:29:09,910 - DAMXDaemon - INFO - Monitoring power source started
2026-02-23 19:29:09,911 - DAMXDaemon - INFO - Detected features: backlight_timeout, battery_calibration, battery_limiter, fan_speed, thermal_profile, usb_charging
2026-02-23 19:29:09,911 - DAMXDaemon - INFO - Monitoring power source started
2026-02-23 19:29:09,911 - DAMXDaemon - INFO - Server listening on /var/run/DAMX.sock
2026-02-23 19:29:48,703 - DAMXDaemon - INFO - Processing command: get_supported_features with params: {}
2026-02-23 19:29:48,710 - DAMXDaemon - INFO - Processing command: get_all_settings with params: {}
2026-02-23 19:30:19,641 - DAMXDaemon - INFO - Processing command: get_supported_features with params: {}
2026-02-23 19:30:19,647 - DAMXDaemon - INFO - Processing command: get_all_settings with params: {}
2026-02-23 19:30:23,284 - DAMXDaemon - INFO - Processing command: set_fan_speed with params: {'cpu': 100, 'gpu': 100}
2026-02-23 20:23:17,848 - DAMXDaemon - INFO - Processing command: get_supported_features with params: {}
2026-02-23 20:23:17,853 - DAMXDaemon - INFO - Processing command: get_all_settings with params: {}
2026-02-23 20:23:26,279 - DAMXDaemon - INFO - Processing command: set_fan_speed with params: {'cpu': 100, 'gpu': 100}
2026-02-23 20:23:33,383 - DAMXDaemon - INFO - Processing command: set_fan_speed with params: {'cpu': 0, 'gpu': 0}
2026-02-23 20:23:33,389 - DAMXDaemon - INFO - Processing command: get_all_settings with params: {}
2026-02-23 22:05:19,725 - DAMXDaemon - INFO - Received signal 15, shutting down...
2026-02-23 22:05:20,419 - DAMXDaemon - INFO - Cleaning up resources...
2026-02-23 22:05:20,419 - DAMXDaemon - INFO - Stopping server...
2026-02-23 22:05:20,419 - DAMXDaemon - INFO - Removed socket file: /var/run/DAMX.sock
2026-02-23 22:05:20,419 - DAMXDaemon - INFO - Daemon stopped
2026-02-23 23:01:07,618 - DAMXDaemon - INFO - ** Starting DAMX-Daemon v0.4.6 **
2026-02-23 23:01:07,619 - DAMXDaemon - INFO - linuwu_sense module found. Proceeding with initialization.
2026-02-23 23:01:07,819 - DAMXDaemon - INFO - Detected laptop type: NITRO
2026-02-23 23:01:07,819 - DAMXDaemon - INFO - Base path: /sys/module/linuwu_sense/drivers/platform:acer-wmi/acer-wmi/nitro_sense
2026-02-23 23:01:07,819 - DAMXDaemon - INFO - Four-zone keyboard: No
2026-02-23 23:01:07,819 - DAMXDaemon - INFO - Available features: backlight_timeout, battery_calibration, usb_charging, thermal_profile, battery_limiter, fan_speed
2026-02-23 23:01:07,819 - DAMXDaemon - INFO - Driver Version: 25.701
2026-02-23 23:01:07,820 - DAMXDaemon - INFO - Log level set to INFO
2026-02-23 23:01:07,820 - DAMXDaemon - INFO - ** Starting DAMX-Daemon v0.4.6 **
2026-02-23 23:01:07,820 - DAMXDaemon - INFO - linuwu_sense module found. Proceeding with initialization.
2026-02-23 23:01:08,021 - DAMXDaemon - INFO - Detected laptop type: NITRO
2026-02-23 23:01:08,021 - DAMXDaemon - INFO - Base path: /sys/module/linuwu_sense/drivers/platform:acer-wmi/acer-wmi/nitro_sense
2026-02-23 23:01:08,021 - DAMXDaemon - INFO - Four-zone keyboard: No
2026-02-23 23:01:08,021 - DAMXDaemon - INFO - Available features: backlight_timeout, battery_calibration, usb_charging, thermal_profile, battery_limiter, fan_speed
2026-02-23 23:01:08,021 - DAMXDaemon - INFO - PowerSourceDetector initialized
2026-02-23 23:01:08,030 - DAMXDaemon - INFO - Switched to AC power
2026-02-23 23:01:08,031 - DAMXDaemon - INFO - Monitoring power source started
2026-02-23 23:01:08,031 - DAMXDaemon - INFO - Detected features: backlight_timeout, battery_calibration, battery_limiter, fan_speed, thermal_profile, usb_charging
2026-02-23 23:01:08,032 - DAMXDaemon - INFO - Monitoring power source started
2026-02-23 23:01:08,032 - DAMXDaemon - INFO - Server listening on /var/run/DAMX.sock
2026-02-23 23:01:57,386 - DAMXDaemon - INFO - Processing command: get_supported_features with params: {}
2026-02-23 23:01:57,391 - DAMXDaemon - INFO - Processing command: get_all_settings with params: {}
2026-02-23 23:02:02,489 - DAMXDaemon - INFO - Processing command: set_fan_speed with params: {'cpu': 100, 'gpu': 100}
2026-02-23 23:04:10,408 - DAMXDaemon - INFO - Received signal 15, shutting down...
2026-02-23 23:04:10,526 - DAMXDaemon - INFO - Cleaning up resources...
2026-02-23 23:04:10,526 - DAMXDaemon - INFO - Stopping server...
2026-02-23 23:04:10,526 - DAMXDaemon - INFO - Removed socket file: /var/run/DAMX.sock
2026-02-23 23:04:10,526 - DAMXDaemon - INFO - Daemon stopped
2026-02-24 07:34:34,530 - DAMXDaemon - INFO - ** Starting DAMX-Daemon v0.4.6 **
2026-02-24 07:34:34,530 - DAMXDaemon - INFO - linuwu_sense module found. Proceeding with initialization.
2026-02-24 07:34:34,731 - DAMXDaemon - INFO - Detected laptop type: NITRO
2026-02-24 07:34:34,731 - DAMXDaemon - INFO - Base path: /sys/module/linuwu_sense/drivers/platform:acer-wmi/acer-wmi/nitro_sense
2026-02-24 07:34:34,731 - DAMXDaemon - INFO - Four-zone keyboard: No
2026-02-24 07:34:34,731 - DAMXDaemon - INFO - Available features: battery_limiter, thermal_profile, backlight_timeout, usb_charging, fan_speed, battery_calibration
2026-02-24 07:34:34,731 - DAMXDaemon - INFO - Driver Version: 25.701
2026-02-24 07:34:34,732 - DAMXDaemon - INFO - Log level set to INFO
2026-02-24 07:34:34,732 - DAMXDaemon - INFO - ** Starting DAMX-Daemon v0.4.6 **
2026-02-24 07:34:34,732 - DAMXDaemon - INFO - linuwu_sense module found. Proceeding with initialization.
2026-02-24 07:34:34,933 - DAMXDaemon - INFO - Detected laptop type: NITRO
2026-02-24 07:34:34,933 - DAMXDaemon - INFO - Base path: /sys/module/linuwu_sense/drivers/platform:acer-wmi/acer-wmi/nitro_sense
2026-02-24 07:34:34,933 - DAMXDaemon - INFO - Four-zone keyboard: No
2026-02-24 07:34:34,933 - DAMXDaemon - INFO - Available features: battery_limiter, thermal_profile, backlight_timeout, usb_charging, fan_speed, battery_calibration
2026-02-24 07:34:34,933 - DAMXDaemon - INFO - PowerSourceDetector initialized
2026-02-24 07:34:34,943 - DAMXDaemon - INFO - Switched to battery power
2026-02-24 07:34:34,944 - DAMXDaemon - INFO - Monitoring power source started
2026-02-24 07:34:34,944 - DAMXDaemon - INFO - Detected features: backlight_timeout, battery_calibration, battery_limiter, fan_speed, thermal_profile, usb_charging
2026-02-24 07:34:34,944 - DAMXDaemon - INFO - Monitoring power source started
2026-02-24 07:34:34,944 - DAMXDaemon - INFO - Server listening on /var/run/DAMX.sock
2026-02-24 07:35:12,865 - DAMXDaemon - INFO - Processing command: get_supported_features with params: {}
2026-02-24 07:35:12,874 - DAMXDaemon - INFO - Processing command: get_all_settings with params: {}
2026-02-24 16:19:24,371 - DAMXDaemon - INFO - Switched to AC power
2026-02-24 16:26:34,443 - DAMXDaemon - INFO - Switched to battery power
2026-02-24 16:27:14,447 - DAMXDaemon - INFO - Switched to AC power
2026-02-24 16:28:29,494 - DAMXDaemon - INFO - Switched to battery power
2026-02-24 16:28:34,468 - DAMXDaemon - INFO - Switched to AC power
2026-02-24 17:40:59,160 - DAMXDaemon - INFO - Processing command: get_supported_features with params: {}
2026-02-24 17:40:59,165 - DAMXDaemon - INFO - Processing command: get_all_settings with params: {}
2026-02-24 17:41:02,456 - DAMXDaemon - INFO - Processing command: set_fan_speed with params: {'cpu': 0, 'gpu': 0}
2026-02-24 17:41:02,463 - DAMXDaemon - INFO - Processing command: get_all_settings with params: {}
2026-02-24 17:41:02,959 - DAMXDaemon - INFO - Processing command: set_fan_speed with params: {'cpu': 100, 'gpu': 100}
2026-02-24 17:41:45,029 - DAMXDaemon - INFO - Processing command: set_fan_speed with params: {'cpu': 0, 'gpu': 0}
2026-02-24 17:41:45,036 - DAMXDaemon - INFO - Processing command: get_all_settings with params: {}
2026-02-25 00:08:09,221 - DAMXDaemon - INFO - Received signal 15, shutting down...
2026-02-25 00:08:09,924 - DAMXDaemon - INFO - Cleaning up resources...
2026-02-25 00:08:09,924 - DAMXDaemon - INFO - Stopping server...
2026-02-25 00:08:09,924 - DAMXDaemon - INFO - Removed socket file: /var/run/DAMX.sock
2026-02-25 00:08:09,924 - DAMXDaemon - INFO - Daemon stopped
2026-02-25 14:51:16,575 - DAMXDaemon - INFO - ** Starting DAMX-Daemon v0.4.6 **
2026-02-25 14:51:16,576 - DAMXDaemon - INFO - linuwu_sense module found. Proceeding with initialization.
2026-02-25 14:51:16,776 - DAMXDaemon - INFO - Detected laptop type: NITRO
2026-02-25 14:51:16,776 - DAMXDaemon - INFO - Base path: /sys/module/linuwu_sense/drivers/platform:acer-wmi/acer-wmi/nitro_sense
2026-02-25 14:51:16,776 - DAMXDaemon - INFO - Four-zone keyboard: No
2026-02-25 14:51:16,776 - DAMXDaemon - INFO - Available features: fan_speed, battery_limiter, backlight_timeout, usb_charging, thermal_profile, battery_calibration
2026-02-25 14:51:16,776 - DAMXDaemon - INFO - Driver Version: 25.701
2026-02-25 14:51:16,777 - DAMXDaemon - INFO - Log level set to INFO
2026-02-25 14:51:16,777 - DAMXDaemon - INFO - ** Starting DAMX-Daemon v0.4.6 **
2026-02-25 14:51:16,777 - DAMXDaemon - INFO - linuwu_sense module found. Proceeding with initialization.
2026-02-25 14:51:16,977 - DAMXDaemon - INFO - Detected laptop type: NITRO
2026-02-25 14:51:16,977 - DAMXDaemon - INFO - Base path: /sys/module/linuwu_sense/drivers/platform:acer-wmi/acer-wmi/nitro_sense
2026-02-25 14:51:16,978 - DAMXDaemon - INFO - Four-zone keyboard: No
2026-02-25 14:51:16,978 - DAMXDaemon - INFO - Available features: fan_speed, battery_limiter, backlight_timeout, usb_charging, thermal_profile, battery_calibration
2026-02-25 14:51:16,978 - DAMXDaemon - INFO - PowerSourceDetector initialized
2026-02-25 14:51:16,986 - DAMXDaemon - INFO - Switched to battery power
2026-02-25 14:51:16,986 - DAMXDaemon - INFO - Monitoring power source started
2026-02-25 14:51:16,986 - DAMXDaemon - INFO - Detected features: backlight_timeout, battery_calibration, battery_limiter, fan_speed, thermal_profile, usb_charging
2026-02-25 14:51:16,987 - DAMXDaemon - INFO - Monitoring power source started
2026-02-25 14:51:16,987 - DAMXDaemon - INFO - Server listening on /var/run/DAMX.sock
2026-02-25 15:11:27,184 - DAMXDaemon - INFO - Switched to AC power
2026-02-25 15:24:17,300 - DAMXDaemon - INFO - Processing command: get_supported_features with params: {}
2026-02-25 15:24:17,307 - DAMXDaemon - INFO - Processing command: get_all_settings with params: {}
2026-02-25 15:24:21,003 - DAMXDaemon - INFO - Processing command: set_fan_speed with params: {'cpu': 100, 'gpu': 100}
2026-02-25 15:24:59,234 - DAMXDaemon - INFO - Received signal 15, shutting down...
2026-02-25 15:24:59,234 - DAMXDaemon - INFO - Received signal 15, shutting down...
2026-02-25 15:24:59,328 - DAMXDaemon - INFO - Cleaning up resources...
2026-02-25 15:24:59,328 - DAMXDaemon - INFO - Stopping server...
2026-02-25 15:24:59,328 - DAMXDaemon - INFO - Removed socket file: /var/run/DAMX.sock
2026-02-25 15:24:59,328 - DAMXDaemon - INFO - Daemon stopped
2026-02-25 17:18:29,591 - DAMXDaemon - INFO - ** Starting DAMX-Daemon v0.4.6 **
2026-02-25 17:18:29,591 - DAMXDaemon - INFO - linuwu_sense module found. Proceeding with initialization.
2026-02-25 17:18:29,791 - DAMXDaemon - INFO - Detected laptop type: NITRO
2026-02-25 17:18:29,791 - DAMXDaemon - INFO - Base path: /sys/module/linuwu_sense/drivers/platform:acer-wmi/acer-wmi/nitro_sense
2026-02-25 17:18:29,791 - DAMXDaemon - INFO - Four-zone keyboard: No
2026-02-25 17:18:29,791 - DAMXDaemon - INFO - Available features: usb_charging, fan_speed, thermal_profile, battery_limiter, battery_calibration, backlight_timeout
2026-02-25 17:18:29,791 - DAMXDaemon - INFO - Driver Version: 25.701
2026-02-25 17:18:29,794 - DAMXDaemon - INFO - Log level set to INFO
2026-02-25 17:18:29,794 - DAMXDaemon - INFO - ** Starting DAMX-Daemon v0.4.6 **
2026-02-25 17:18:29,794 - DAMXDaemon - INFO - linuwu_sense module found. Proceeding with initialization.
2026-02-25 17:18:29,994 - DAMXDaemon - INFO - Detected laptop type: NITRO
2026-02-25 17:18:29,995 - DAMXDaemon - INFO - Base path: /sys/module/linuwu_sense/drivers/platform:acer-wmi/acer-wmi/nitro_sense
2026-02-25 17:18:29,995 - DAMXDaemon - INFO - Four-zone keyboard: No
2026-02-25 17:18:29,995 - DAMXDaemon - INFO - Available features: usb_charging, fan_speed, thermal_profile, battery_limiter, battery_calibration, backlight_timeout
2026-02-25 17:18:29,995 - DAMXDaemon - INFO - PowerSourceDetector initialized
2026-02-25 17:18:30,004 - DAMXDaemon - INFO - Switched to AC power
2026-02-25 17:18:30,004 - DAMXDaemon - INFO - Monitoring power source started
2026-02-25 17:18:30,004 - DAMXDaemon - INFO - Detected features: backlight_timeout, battery_calibration, battery_limiter, fan_speed, thermal_profile, usb_charging
2026-02-25 17:18:30,005 - DAMXDaemon - INFO - Monitoring power source started
2026-02-25 17:18:30,005 - DAMXDaemon - INFO - Server listening on /var/run/DAMX.sock
2026-02-25 17:20:01,119 - DAMXDaemon - INFO - Received signal 15, shutting down...
2026-02-25 17:20:02,104 - DAMXDaemon - INFO - Cleaning up resources...
2026-02-25 17:20:02,104 - DAMXDaemon - INFO - Stopping server...
2026-02-25 17:20:02,104 - DAMXDaemon - INFO - Removed socket file: /var/run/DAMX.sock
2026-02-25 17:20:02,104 - DAMXDaemon - INFO - Daemon stopped
2026-02-25 17:20:28,668 - DAMXDaemon - INFO - ** Starting DAMX-Daemon v0.4.6 **
2026-02-25 17:20:28,669 - DAMXDaemon - INFO - linuwu_sense module found. Proceeding with initialization.
2026-02-25 17:20:28,869 - DAMXDaemon - INFO - Detected laptop type: NITRO
2026-02-25 17:20:28,869 - DAMXDaemon - INFO - Base path: /sys/module/linuwu_sense/drivers/platform:acer-wmi/acer-wmi/nitro_sense
2026-02-25 17:20:28,869 - DAMXDaemon - INFO - Four-zone keyboard: No
2026-02-25 17:20:28,869 - DAMXDaemon - INFO - Available features: battery_calibration, backlight_timeout, battery_limiter, fan_speed, usb_charging, thermal_profile
2026-02-25 17:20:28,869 - DAMXDaemon - INFO - Driver Version: 25.701
2026-02-25 17:20:28,870 - DAMXDaemon - INFO - Log level set to INFO
2026-02-25 17:20:28,870 - DAMXDaemon - INFO - ** Starting DAMX-Daemon v0.4.6 **
2026-02-25 17:20:28,870 - DAMXDaemon - INFO - linuwu_sense module found. Proceeding with initialization.
2026-02-25 17:20:29,071 - DAMXDaemon - INFO - Detected laptop type: NITRO
2026-02-25 17:20:29,071 - DAMXDaemon - INFO - Base path: /sys/module/linuwu_sense/drivers/platform:acer-wmi/acer-wmi/nitro_sense
2026-02-25 17:20:29,071 - DAMXDaemon - INFO - Four-zone keyboard: No
2026-02-25 17:20:29,071 - DAMXDaemon - INFO - Available features: battery_calibration, backlight_timeout, battery_limiter, fan_speed, usb_charging, thermal_profile
2026-02-25 17:20:29,071 - DAMXDaemon - INFO - PowerSourceDetector initialized
2026-02-25 17:20:29,080 - DAMXDaemon - INFO - Switched to AC power
2026-02-25 17:20:29,081 - DAMXDaemon - INFO - Monitoring power source started
2026-02-25 17:20:29,081 - DAMXDaemon - INFO - Detected features: backlight_timeout, battery_calibration, battery_limiter, fan_speed, thermal_profile, usb_charging
2026-02-25 17:20:29,081 - DAMXDaemon - INFO - Monitoring power source started
2026-02-25 17:20:29,081 - DAMXDaemon - INFO - Server listening on /var/run/DAMX.sock
2026-02-25 17:20:55,770 - DAMXDaemon - INFO - Processing command: get_supported_features with params: {}
2026-02-25 17:20:55,776 - DAMXDaemon - INFO - Processing command: get_all_settings with params: {}
2026-02-25 17:20:59,624 - DAMXDaemon - INFO - Processing command: set_fan_speed with params: {'cpu': 100, 'gpu': 100}
2026-02-25 17:36:19,967 - DAMXDaemon - INFO - Processing command: set_fan_speed with params: {'cpu': 0, 'gpu': 0}
2026-02-25 17:36:19,974 - DAMXDaemon - INFO - Processing command: get_all_settings with params: {}
2026-02-25 18:00:13,822 - DAMXDaemon - INFO - Received signal 15, shutting down...
2026-02-25 18:00:13,822 - DAMXDaemon - INFO - Received signal 15, shutting down...
2026-02-25 18:00:14,150 - DAMXDaemon - INFO - Cleaning up resources...
2026-02-25 18:00:14,150 - DAMXDaemon - INFO - Stopping server...
2026-02-25 18:00:14,150 - DAMXDaemon - INFO - Removed socket file: /var/run/DAMX.sock
2026-02-25 18:00:14,150 - DAMXDaemon - INFO - Daemon stopped
2026-02-25 19:32:01,574 - DAMXDaemon - INFO - ** Starting DAMX-Daemon v0.4.6 **
2026-02-25 19:32:01,574 - DAMXDaemon - INFO - linuwu_sense module found. Proceeding with initialization.
2026-02-25 19:32:01,775 - DAMXDaemon - INFO - Detected laptop type: NITRO
2026-02-25 19:32:01,775 - DAMXDaemon - INFO - Base path: /sys/module/linuwu_sense/drivers/platform:acer-wmi/acer-wmi/nitro_sense
2026-02-25 19:32:01,775 - DAMXDaemon - INFO - Four-zone keyboard: No
2026-02-25 19:32:01,775 - DAMXDaemon - INFO - Available features: backlight_timeout, thermal_profile, battery_limiter, fan_speed, usb_charging, battery_calibration
2026-02-25 19:32:01,775 - DAMXDaemon - INFO - Driver Version: 25.701
2026-02-25 19:32:01,776 - DAMXDaemon - INFO - Log level set to INFO
2026-02-25 19:32:01,776 - DAMXDaemon - INFO - ** Starting DAMX-Daemon v0.4.6 **
2026-02-25 19:32:01,776 - DAMXDaemon - INFO - linuwu_sense module found. Proceeding with initialization.
2026-02-25 19:32:01,976 - DAMXDaemon - INFO - Detected laptop type: NITRO
2026-02-25 19:32:01,977 - DAMXDaemon - INFO - Base path: /sys/module/linuwu_sense/drivers/platform:acer-wmi/acer-wmi/nitro_sense
2026-02-25 19:32:01,977 - DAMXDaemon - INFO - Four-zone keyboard: No
2026-02-25 19:32:01,977 - DAMXDaemon - INFO - Available features: backlight_timeout, thermal_profile, battery_limiter, fan_speed, usb_charging, battery_calibration
2026-02-25 19:32:01,977 - DAMXDaemon - INFO - PowerSourceDetector initialized
2026-02-25 19:32:01,986 - DAMXDaemon - INFO - Switched to AC power
2026-02-25 19:32:01,986 - DAMXDaemon - INFO - Monitoring power source started
2026-02-25 19:32:01,986 - DAMXDaemon - INFO - Detected features: backlight_timeout, battery_calibration, battery_limiter, fan_speed, thermal_profile, usb_charging
2026-02-25 19:32:01,987 - DAMXDaemon - INFO - Monitoring power source started
2026-02-25 19:32:01,987 - DAMXDaemon - INFO - Server listening on /var/run/DAMX.sock
2026-02-25 19:32:52,458 - DAMXDaemon - INFO - Received signal 15, shutting down...
2026-02-25 19:32:53,040 - DAMXDaemon - INFO - Cleaning up resources...
2026-02-25 19:32:53,040 - DAMXDaemon - INFO - Stopping server...
2026-02-25 19:32:53,040 - DAMXDaemon - INFO - Removed socket file: /var/run/DAMX.sock
2026-02-25 19:32:53,040 - DAMXDaemon - INFO - Daemon stopped
2026-02-25 20:04:05,669 - DAMXDaemon - INFO - ** Starting DAMX-Daemon v0.4.6 **
2026-02-25 20:04:05,669 - DAMXDaemon - INFO - linuwu_sense module found. Proceeding with initialization.
2026-02-25 20:04:05,869 - DAMXDaemon - INFO - Detected laptop type: NITRO
2026-02-25 20:04:05,869 - DAMXDaemon - INFO - Base path: /sys/module/linuwu_sense/drivers/platform:acer-wmi/acer-wmi/nitro_sense
2026-02-25 20:04:05,869 - DAMXDaemon - INFO - Four-zone keyboard: No
2026-02-25 20:04:05,869 - DAMXDaemon - INFO - Available features: battery_calibration, backlight_timeout, fan_speed, thermal_profile, battery_limiter, usb_charging
2026-02-25 20:04:05,869 - DAMXDaemon - INFO - Driver Version: 25.701
2026-02-25 20:04:05,870 - DAMXDaemon - INFO - Log level set to INFO
2026-02-25 20:04:05,870 - DAMXDaemon - INFO - ** Starting DAMX-Daemon v0.4.6 **
2026-02-25 20:04:05,870 - DAMXDaemon - INFO - linuwu_sense module found. Proceeding with initialization.
2026-02-25 20:04:06,071 - DAMXDaemon - INFO - Detected laptop type: NITRO
2026-02-25 20:04:06,071 - DAMXDaemon - INFO - Base path: /sys/module/linuwu_sense/drivers/platform:acer-wmi/acer-wmi/nitro_sense
2026-02-25 20:04:06,071 - DAMXDaemon - INFO - Four-zone keyboard: No
2026-02-25 20:04:06,071 - DAMXDaemon - INFO - Available features: battery_calibration, backlight_timeout, fan_speed, thermal_profile, battery_limiter, usb_charging
2026-02-25 20:04:06,072 - DAMXDaemon - INFO - PowerSourceDetector initialized
2026-02-25 20:04:06,080 - DAMXDaemon - INFO - Switched to AC power
2026-02-25 20:04:06,081 - DAMXDaemon - INFO - Monitoring power source started
2026-02-25 20:04:06,081 - DAMXDaemon - INFO - Detected features: backlight_timeout, battery_calibration, battery_limiter, fan_speed, thermal_profile, usb_charging
2026-02-25 20:04:06,082 - DAMXDaemon - INFO - Monitoring power source started
2026-02-25 20:04:06,082 - DAMXDaemon - INFO - Server listening on /var/run/DAMX.sock
2026-02-25 20:05:18,738 - DAMXDaemon - INFO - Processing command: get_supported_features with params: {}
2026-02-25 20:05:18,745 - DAMXDaemon - INFO - Processing command: get_all_settings with params: {}
2026-02-25 20:05:50,640 - DAMXDaemon - INFO - Received signal 15, shutting down...
2026-02-25 20:05:50,640 - DAMXDaemon - INFO - Received signal 15, shutting down...
2026-02-25 20:05:50,746 - DAMXDaemon - INFO - Cleaning up resources...
2026-02-25 20:05:50,747 - DAMXDaemon - INFO - Stopping server...
2026-02-25 20:05:50,747 - DAMXDaemon - INFO - Removed socket file: /var/run/DAMX.sock
2026-02-25 20:05:50,747 - DAMXDaemon - INFO - Daemon stopped
2026-02-25 20:14:23,578 - DAMXDaemon - INFO - ** Starting DAMX-Daemon v0.4.6 **
2026-02-25 20:14:23,585 - DAMXDaemon - INFO - linuwu_sense module found. Proceeding with initialization.
2026-02-25 20:14:23,785 - DAMXDaemon - INFO - Detected laptop type: NITRO
2026-02-25 20:14:23,785 - DAMXDaemon - INFO - Base path: /sys/module/linuwu_sense/drivers/platform:acer-wmi/acer-wmi/nitro_sense
2026-02-25 20:14:23,785 - DAMXDaemon - INFO - Four-zone keyboard: No
2026-02-25 20:14:23,786 - DAMXDaemon - INFO - Available features: backlight_timeout, battery_limiter, usb_charging, thermal_profile, battery_calibration, fan_speed
2026-02-25 20:14:23,786 - DAMXDaemon - INFO - Driver Version: 25.701
2026-02-25 20:14:23,786 - DAMXDaemon - INFO - Log level set to INFO
2026-02-25 20:14:23,787 - DAMXDaemon - INFO - ** Starting DAMX-Daemon v0.4.6 **
2026-02-25 20:14:23,787 - DAMXDaemon - INFO - linuwu_sense module found. Proceeding with initialization.
2026-02-25 20:14:23,987 - DAMXDaemon - INFO - Detected laptop type: NITRO
2026-02-25 20:14:23,987 - DAMXDaemon - INFO - Base path: /sys/module/linuwu_sense/drivers/platform:acer-wmi/acer-wmi/nitro_sense
2026-02-25 20:14:23,987 - DAMXDaemon - INFO - Four-zone keyboard: No
2026-02-25 20:14:23,988 - DAMXDaemon - INFO - Available features: backlight_timeout, battery_limiter, usb_charging, thermal_profile, battery_calibration, fan_speed
2026-02-25 20:14:23,988 - DAMXDaemon - INFO - PowerSourceDetector initialized
2026-02-25 20:14:23,999 - DAMXDaemon - INFO - Switched to AC power
2026-02-25 20:14:23,999 - DAMXDaemon - INFO - Monitoring power source started
2026-02-25 20:14:23,999 - DAMXDaemon - INFO - Detected features: backlight_timeout, battery_calibration, battery_limiter, fan_speed, thermal_profile, usb_charging
2026-02-25 20:14:24,000 - DAMXDaemon - INFO - Monitoring power source started
2026-02-25 20:14:24,000 - DAMXDaemon - INFO - Server listening on /var/run/DAMX.sock
                                                                                                                                                                                                                                                                                                                                                                              2026-02-25 20:15:17,605 - DAMXDaemon - INFO - ** Starting DAMX-Daemon v0.4.6 **
2026-02-25 20:15:17,606 - DAMXDaemon - INFO - linuwu_sense module found. Proceeding with initialization.
2026-02-25 20:15:17,806 - DAMXDaemon - INFO - Detected laptop type: NITRO
2026-02-25 20:15:17,806 - DAMXDaemon - INFO - Base path: /sys/module/linuwu_sense/drivers/platform:acer-wmi/acer-wmi/nitro_sense
2026-02-25 20:15:17,806 - DAMXDaemon - INFO - Four-zone keyboard: No
2026-02-25 20:15:17,806 - DAMXDaemon - INFO - Available features: battery_calibration, backlight_timeout, fan_speed, thermal_profile, usb_charging, battery_limiter
2026-02-25 20:15:17,806 - DAMXDaemon - INFO - Driver Version: 25.701
2026-02-25 20:15:17,807 - DAMXDaemon - INFO - Log level set to INFO
2026-02-25 20:15:17,807 - DAMXDaemon - INFO - ** Starting DAMX-Daemon v0.4.6 **
2026-02-25 20:15:17,807 - DAMXDaemon - INFO - linuwu_sense module found. Proceeding with initialization.
2026-02-25 20:15:18,008 - DAMXDaemon - INFO - Detected laptop type: NITRO
2026-02-25 20:15:18,008 - DAMXDaemon - INFO - Base path: /sys/module/linuwu_sense/drivers/platform:acer-wmi/acer-wmi/nitro_sense
2026-02-25 20:15:18,008 - DAMXDaemon - INFO - Four-zone keyboard: No
2026-02-25 20:15:18,008 - DAMXDaemon - INFO - Available features: battery_calibration, backlight_timeout, fan_speed, thermal_profile, usb_charging, battery_limiter
2026-02-25 20:15:18,008 - DAMXDaemon - INFO - PowerSourceDetector initialized
2026-02-25 20:15:18,019 - DAMXDaemon - INFO - Switched to AC power
2026-02-25 20:15:18,019 - DAMXDaemon - INFO - Monitoring power source started
2026-02-25 20:15:18,019 - DAMXDaemon - INFO - Detected features: backlight_timeout, battery_calibration, battery_limiter, fan_speed, thermal_profile, usb_charging
2026-02-25 20:15:18,020 - DAMXDaemon - INFO - Monitoring power source started
2026-02-25 20:15:18,020 - DAMXDaemon - INFO - Server listening on /var/run/DAMX.sock
2026-02-25 20:15:44,217 - DAMXDaemon - INFO - Processing command: get_supported_features with params: {}
2026-02-25 20:15:44,223 - DAMXDaemon - INFO - Processing command: get_all_settings with params: {}
2026-02-25 20:15:59,986 - DAMXDaemon - INFO - Processing command: get_supported_features with params: {}
2026-02-25 20:15:59,992 - DAMXDaemon - INFO - Processing command: get_all_settings with params: {}
2026-02-25 20:16:03,931 - DAMXDaemon - INFO - Processing command: set_fan_speed with params: {'cpu': 100, 'gpu': 100}
2026-02-25 20:38:50,699 - DAMXDaemon - INFO - Processing command: get_supported_features with params: {}
2026-02-25 20:38:50,705 - DAMXDaemon - INFO - Processing command: get_all_settings with params: {}
2026-02-25 20:38:56,391 - DAMXDaemon - INFO - Processing command: set_fan_speed with params: {'cpu': 0, 'gpu': 0}
2026-02-25 20:38:56,398 - DAMXDaemon - INFO - Processing command: get_all_settings with params: {}
2026-02-26 00:25:25,928 - DAMXDaemon - INFO - Received signal 15, shutting down...
2026-02-26 00:25:25,928 - DAMXDaemon - INFO - Received signal 15, shutting down...
2026-02-26 00:25:26,820 - DAMXDaemon - INFO - Cleaning up resources...
2026-02-26 00:25:26,820 - DAMXDaemon - INFO - Stopping server...
2026-02-26 00:25:26,820 - DAMXDaemon - INFO - Removed socket file: /var/run/DAMX.sock
2026-02-26 00:25:26,820 - DAMXDaemon - INFO - Daemon stopped
2026-02-26 15:31:05,611 - DAMXDaemon - INFO - ** Starting DAMX-Daemon v0.4.6 **
2026-02-26 15:31:05,611 - DAMXDaemon - INFO - linuwu_sense module found. Proceeding with initialization.
2026-02-26 15:31:05,812 - DAMXDaemon - INFO - Detected laptop type: NITRO
2026-02-26 15:31:05,812 - DAMXDaemon - INFO - Base path: /sys/module/linuwu_sense/drivers/platform:acer-wmi/acer-wmi/nitro_sense
2026-02-26 15:31:05,812 - DAMXDaemon - INFO - Four-zone keyboard: No
2026-02-26 15:31:05,812 - DAMXDaemon - INFO - Available features: backlight_timeout, fan_speed, battery_limiter, battery_calibration, usb_charging, thermal_profile
2026-02-26 15:31:05,812 - DAMXDaemon - INFO - Driver Version: 25.701
2026-02-26 15:31:05,813 - DAMXDaemon - INFO - Log level set to INFO
2026-02-26 15:31:05,813 - DAMXDaemon - INFO - ** Starting DAMX-Daemon v0.4.6 **
2026-02-26 15:31:05,813 - DAMXDaemon - INFO - linuwu_sense module found. Proceeding with initialization.
2026-02-26 15:31:06,013 - DAMXDaemon - INFO - Detected laptop type: NITRO
2026-02-26 15:31:06,013 - DAMXDaemon - INFO - Base path: /sys/module/linuwu_sense/drivers/platform:acer-wmi/acer-wmi/nitro_sense
2026-02-26 15:31:06,014 - DAMXDaemon - INFO - Four-zone keyboard: No
2026-02-26 15:31:06,014 - DAMXDaemon - INFO - Available features: backlight_timeout, fan_speed, battery_limiter, battery_calibration, usb_charging, thermal_profile
2026-02-26 15:31:06,014 - DAMXDaemon - INFO - PowerSourceDetector initialized
2026-02-26 15:31:06,023 - DAMXDaemon - INFO - Switched to AC power
2026-02-26 15:31:06,023 - DAMXDaemon - INFO - Monitoring power source started
2026-02-26 15:31:06,023 - DAMXDaemon - INFO - Detected features: backlight_timeout, battery_calibration, battery_limiter, fan_speed, thermal_profile, usb_charging
2026-02-26 15:31:06,024 - DAMXDaemon - INFO - Monitoring power source started
2026-02-26 15:31:06,024 - DAMXDaemon - INFO - Server listening on /var/run/DAMX.sock
2026-02-26 15:31:43,909 - DAMXDaemon - INFO - Processing command: get_supported_features with params: {}
2026-02-26 15:31:43,915 - DAMXDaemon - INFO - Processing command: get_all_settings with params: {}
2026-02-26 16:12:16,419 - DAMXDaemon - INFO - Received signal 15, shutting down...
2026-02-26 16:12:17,347 - DAMXDaemon - INFO - Cleaning up resources...
2026-02-26 16:12:17,347 - DAMXDaemon - INFO - Stopping server...
2026-02-26 16:12:17,347 - DAMXDaemon - INFO - Removed socket file: /var/run/DAMX.sock
2026-02-26 16:12:17,347 - DAMXDaemon - INFO - Daemon stopped
2026-02-26 18:50:55,576 - DAMXDaemon - INFO - ** Starting DAMX-Daemon v0.4.6 **
2026-02-26 18:50:55,577 - DAMXDaemon - INFO - linuwu_sense module found. Proceeding with initialization.
2026-02-26 18:50:55,777 - DAMXDaemon - INFO - Detected laptop type: NITRO
2026-02-26 18:50:55,777 - DAMXDaemon - INFO - Base path: /sys/module/linuwu_sense/drivers/platform:acer-wmi/acer-wmi/nitro_sense
2026-02-26 18:50:55,777 - DAMXDaemon - INFO - Four-zone keyboard: No
2026-02-26 18:50:55,777 - DAMXDaemon - INFO - Available features: battery_calibration, thermal_profile, backlight_timeout, usb_charging, battery_limiter, fan_speed
2026-02-26 18:50:55,777 - DAMXDaemon - INFO - Driver Version: 25.701
2026-02-26 18:50:55,778 - DAMXDaemon - INFO - Log level set to INFO
2026-02-26 18:50:55,778 - DAMXDaemon - INFO - ** Starting DAMX-Daemon v0.4.6 **
2026-02-26 18:50:55,778 - DAMXDaemon - INFO - linuwu_sense module found. Proceeding with initialization.
2026-02-26 18:50:55,979 - DAMXDaemon - INFO - Detected laptop type: NITRO
2026-02-26 18:50:55,979 - DAMXDaemon - INFO - Base path: /sys/module/linuwu_sense/drivers/platform:acer-wmi/acer-wmi/nitro_sense
2026-02-26 18:50:55,979 - DAMXDaemon - INFO - Four-zone keyboard: No
2026-02-26 18:50:55,979 - DAMXDaemon - INFO - Available features: battery_calibration, thermal_profile, backlight_timeout, usb_charging, battery_limiter, fan_speed
2026-02-26 18:50:55,979 - DAMXDaemon - INFO - PowerSourceDetector initialized
2026-02-26 18:50:55,988 - DAMXDaemon - INFO - Switched to AC power
2026-02-26 18:50:55,989 - DAMXDaemon - INFO - Monitoring power source started
2026-02-26 18:50:55,989 - DAMXDaemon - INFO - Detected features: backlight_timeout, battery_calibration, battery_limiter, fan_speed, thermal_profile, usb_charging
2026-02-26 18:50:55,989 - DAMXDaemon - INFO - Monitoring power source started
2026-02-26 18:50:55,989 - DAMXDaemon - INFO - Server listening on /var/run/DAMX.sock
2026-02-26 18:51:35,708 - DAMXDaemon - INFO - Processing command: get_supported_features with params: {}
2026-02-26 18:51:35,713 - DAMXDaemon - INFO - Processing command: get_all_settings with params: {}
2026-02-26 18:51:39,007 - DAMXDaemon - INFO - Processing command: set_fan_speed with params: {'cpu': 100, 'gpu': 100}
2026-02-26 18:57:46,066 - DAMXDaemon - INFO - Switched to battery power
2026-02-26 19:05:44,338 - DAMXDaemon - INFO - Processing command: set_fan_speed with params: {'cpu': 0, 'gpu': 0}
2026-02-26 19:05:44,346 - DAMXDaemon - INFO - Processing command: get_all_settings with params: {}
2026-02-26 20:46:23,326 - DAMXDaemon - INFO - Switched to AC power
2026-02-26 21:01:15,115 - DAMXDaemon - INFO - Processing command: get_supported_features with params: {}
2026-02-26 21:01:15,121 - DAMXDaemon - INFO - Processing command: get_all_settings with params: {}
2026-02-26 21:01:29,707 - DAMXDaemon - INFO - Processing command: get_supported_features with params: {}
2026-02-26 21:01:29,712 - DAMXDaemon - INFO - Processing command: get_all_settings with params: {}
2026-02-26 21:01:42,097 - DAMXDaemon - INFO - Processing command: set_fan_speed with params: {'cpu': 50, 'gpu': 50}
2026-02-26 21:01:42,112 - DAMXDaemon - INFO - Processing command: set_fan_speed with params: {'cpu': 50, 'gpu': 50}
2026-02-26 21:26:59,052 - DAMXDaemon - INFO - Processing command: set_fan_speed with params: {'cpu': 100, 'gpu': 100}
2026-02-26 21:32:26,771 - DAMXDaemon - INFO - Processing command: set_fan_speed with params: {'cpu': 0, 'gpu': 0}
2026-02-26 21:32:26,776 - DAMXDaemon - INFO - Processing command: get_all_settings with params: {}
2026-02-26 21:35:07,177 - DAMXDaemon - INFO - Processing command: get_supported_features with params: {}
2026-02-26 21:35:07,184 - DAMXDaemon - INFO - Processing command: get_all_settings with params: {}
2026-02-26 21:35:10,219 - DAMXDaemon - INFO - Processing command: set_fan_speed with params: {'cpu': 100, 'gpu': 100}
2026-02-26 21:48:23,900 - DAMXDaemon - INFO - Processing command: set_fan_speed with params: {'cpu': 0, 'gpu': 0}
2026-02-26 21:48:23,906 - DAMXDaemon - INFO - Processing command: get_all_settings with params: {}
2026-02-26 23:28:54,907 - DAMXDaemon - INFO - Switched to battery power
2026-02-26 23:29:29,885 - DAMXDaemon - INFO - Switched to AC power
2026-02-26 23:37:49,788 - DAMXDaemon - INFO - Received signal 15, shutting down...
2026-02-26 23:37:49,788 - DAMXDaemon - INFO - Received signal 15, shutting down...
2026-02-26 23:37:50,383 - DAMXDaemon - INFO - Cleaning up resources...
2026-02-26 23:37:50,383 - DAMXDaemon - INFO - Stopping server...
2026-02-26 23:37:50,383 - DAMXDaemon - INFO - Removed socket file: /var/run/DAMX.sock
2026-02-26 23:37:50,383 - DAMXDaemon - INFO - Daemon stopped
2026-02-27 13:13:32,589 - DAMXDaemon - INFO - ** Starting DAMX-Daemon v0.4.6 **
2026-02-27 13:13:32,589 - DAMXDaemon - INFO - linuwu_sense module found. Proceeding with initialization.
2026-02-27 13:13:32,790 - DAMXDaemon - INFO - Detected laptop type: NITRO
2026-02-27 13:13:32,790 - DAMXDaemon - INFO - Base path: /sys/module/linuwu_sense/drivers/platform:acer-wmi/acer-wmi/nitro_sense
2026-02-27 13:13:32,790 - DAMXDaemon - INFO - Four-zone keyboard: No
2026-02-27 13:13:32,790 - DAMXDaemon - INFO - Available features: backlight_timeout, battery_calibration, thermal_profile, fan_speed, battery_limiter, usb_charging
2026-02-27 13:13:32,790 - DAMXDaemon - INFO - Driver Version: 25.701
2026-02-27 13:13:32,791 - DAMXDaemon - INFO - Log level set to INFO
2026-02-27 13:13:32,791 - DAMXDaemon - INFO - ** Starting DAMX-Daemon v0.4.6 **
2026-02-27 13:13:32,791 - DAMXDaemon - INFO - linuwu_sense module found. Proceeding with initialization.
2026-02-27 13:13:32,991 - DAMXDaemon - INFO - Detected laptop type: NITRO
2026-02-27 13:13:32,992 - DAMXDaemon - INFO - Base path: /sys/module/linuwu_sense/drivers/platform:acer-wmi/acer-wmi/nitro_sense
2026-02-27 13:13:32,992 - DAMXDaemon - INFO - Four-zone keyboard: No
2026-02-27 13:13:32,992 - DAMXDaemon - INFO - Available features: backlight_timeout, battery_calibration, thermal_profile, fan_speed, battery_limiter, usb_charging
2026-02-27 13:13:32,992 - DAMXDaemon - INFO - PowerSourceDetector initialized
2026-02-27 13:13:33,002 - DAMXDaemon - INFO - Switched to AC power
2026-02-27 13:13:33,002 - DAMXDaemon - INFO - Monitoring power source started
2026-02-27 13:13:33,003 - DAMXDaemon - INFO - Detected features: backlight_timeout, battery_calibration, battery_limiter, fan_speed, thermal_profile, usb_charging
2026-02-27 13:13:33,003 - DAMXDaemon - INFO - Monitoring power source started
2026-02-27 13:13:33,003 - DAMXDaemon - INFO - Server listening on /var/run/DAMX.sock
2026-02-27 13:14:06,519 - DAMXDaemon - INFO - Processing command: get_supported_features with params: {}
2026-02-27 13:14:06,526 - DAMXDaemon - INFO - Processing command: get_all_settings with params: {}
2026-02-27 13:14:12,159 - DAMXDaemon - INFO - Processing command: get_supported_features with params: {}
2026-02-27 13:14:12,164 - DAMXDaemon - INFO - Processing command: get_all_settings with params: {}
2026-02-27 13:14:18,324 - DAMXDaemon - INFO - Processing command: set_battery_limiter with params: {'enabled': False}
2026-02-27 13:14:48,954 - DAMXDaemon - INFO - Processing command: set_battery_limiter with params: {'enabled': True}
2026-02-27 13:14:49,482 - DAMXDaemon - INFO - Processing command: set_battery_limiter with params: {'enabled': False}
2026-02-27 13:14:49,590 - DAMXDaemon - INFO - Processing command: set_battery_limiter with params: {'enabled': True}
2026-02-27 13:15:01,596 - DAMXDaemon - INFO - Processing command: set_battery_limiter with params: {'enabled': False}
2026-02-27 13:38:50,128 - DAMXDaemon - INFO - Switched to battery power
2026-02-27 13:38:50,344 - DAMXDaemon - INFO - Received signal 15, shutting down...
2026-02-27 13:38:50,344 - DAMXDaemon - INFO - Received signal 15, shutting down...
2026-02-27 13:38:51,018 - DAMXDaemon - INFO - Cleaning up resources...
2026-02-27 13:38:51,019 - DAMXDaemon - INFO - Stopping server...
2026-02-27 13:38:51,019 - DAMXDaemon - INFO - Removed socket file: /var/run/DAMX.sock
2026-02-27 13:38:51,019 - DAMXDaemon - INFO - Daemon stopped
2026-02-27 13:39:16,572 - DAMXDaemon - INFO - ** Starting DAMX-Daemon v0.4.6 **
2026-02-27 13:39:16,572 - DAMXDaemon - INFO - linuwu_sense module found. Proceeding with initialization.
2026-02-27 13:39:16,772 - DAMXDaemon - INFO - Detected laptop type: NITRO
2026-02-27 13:39:16,773 - DAMXDaemon - INFO - Base path: /sys/module/linuwu_sense/drivers/platform:acer-wmi/acer-wmi/nitro_sense
2026-02-27 13:39:16,773 - DAMXDaemon - INFO - Four-zone keyboard: No
2026-02-27 13:39:16,773 - DAMXDaemon - INFO - Available features: battery_calibration, fan_speed, backlight_timeout, battery_limiter, thermal_profile, usb_charging
2026-02-27 13:39:16,773 - DAMXDaemon - INFO - Driver Version: 25.701
2026-02-27 13:39:16,774 - DAMXDaemon - INFO - Log level set to INFO
2026-02-27 13:39:16,774 - DAMXDaemon - INFO - ** Starting DAMX-Daemon v0.4.6 **
2026-02-27 13:39:16,774 - DAMXDaemon - INFO - linuwu_sense module found. Proceeding with initialization.
2026-02-27 13:39:16,974 - DAMXDaemon - INFO - Detected laptop type: NITRO
2026-02-27 13:39:16,975 - DAMXDaemon - INFO - Base path: /sys/module/linuwu_sense/drivers/platform:acer-wmi/acer-wmi/nitro_sense
2026-02-27 13:39:16,975 - DAMXDaemon - INFO - Four-zone keyboard: No
2026-02-27 13:39:16,975 - DAMXDaemon - INFO - Available features: battery_calibration, fan_speed, backlight_timeout, battery_limiter, thermal_profile, usb_charging
2026-02-27 13:39:16,975 - DAMXDaemon - INFO - PowerSourceDetector initialized
2026-02-27 13:39:16,984 - DAMXDaemon - INFO - Switched to battery power
2026-02-27 13:39:16,984 - DAMXDaemon - INFO - Monitoring power source started
2026-02-27 13:39:16,984 - DAMXDaemon - INFO - Detected features: backlight_timeout, battery_calibration, battery_limiter, fan_speed, thermal_profile, usb_charging
2026-02-27 13:39:16,985 - DAMXDaemon - INFO - Monitoring power source started
2026-02-27 13:39:16,985 - DAMXDaemon - INFO - Server listening on /var/run/DAMX.sock
2026-02-27 13:39:56,570 - DAMXDaemon - INFO - Processing command: get_supported_features with params: {}
2026-02-27 13:39:56,578 - DAMXDaemon - INFO - Processing command: get_all_settings with params: {}
2026-02-27 13:40:05,764 - DAMXDaemon - INFO - Processing command: set_battery_limiter with params: {'enabled': True}
2026-02-27 13:40:10,511 - DAMXDaemon - INFO - Processing command: set_backlight_timeout with params: {'enabled': False}
2026-02-27 13:40:11,116 - DAMXDaemon - INFO - Processing command: set_backlight_timeout with params: {'enabled': True}
2026-02-27 13:42:45,861 - DAMXDaemon - INFO - Processing command: get_supported_features with params: {}
2026-02-27 13:42:45,868 - DAMXDaemon - INFO - Processing command: get_all_settings with params: {}
2026-02-27 13:43:25,213 - DAMXDaemon - INFO - Switched to AC power
2026-02-27 13:43:35,584 - DAMXDaemon - INFO - Processing command: set_battery_limiter with params: {'enabled': False}
2026-02-27 13:47:39,698 - DAMXDaemon - INFO - Processing command: set_fan_speed with params: {'cpu': 100, 'gpu': 100}
2026-02-27 13:47:42,925 - DAMXDaemon - INFO - Processing command: set_fan_speed with params: {'cpu': 0, 'gpu': 0}
2026-02-27 13:47:42,932 - DAMXDaemon - INFO - Processing command: get_all_settings with params: {}
2026-02-27 13:59:02,507 - DAMXDaemon - INFO - Processing command: get_supported_features with params: {}
2026-02-27 13:59:02,513 - DAMXDaemon - INFO - Processing command: get_all_settings with params: {}
2026-02-27 14:08:22,590 - DAMXDaemon - INFO - Processing command: get_supported_features with params: {}
2026-02-27 14:08:22,647 - DAMXDaemon - INFO - Processing command: get_all_settings with params: {}
2026-02-27 14:11:12,250 - DAMXDaemon - INFO - Switched to battery power
2026-02-27 14:20:28,888 - DAMXDaemon - INFO - Processing command: set_battery_limiter with params: {'enabled': True}
2026-02-27 14:20:57,333 - DAMXDaemon - INFO - Switched to AC power
2026-02-27 14:31:45,256 - DAMXDaemon - INFO - Received signal 15, shutting down...
2026-02-27 14:31:45,959 - DAMXDaemon - INFO - Cleaning up resources...
2026-02-27 14:31:45,959 - DAMXDaemon - INFO - Stopping server...
2026-02-27 14:31:45,959 - DAMXDaemon - INFO - Removed socket file: /var/run/DAMX.sock
2026-02-27 14:31:45,959 - DAMXDaemon - INFO - Daemon stopped
2026-02-27 14:32:01,342 - DAMXDaemon - INFO - ** Starting DAMX-Daemon v0.4.6 **
2026-02-27 14:32:01,343 - DAMXDaemon - ERROR - linuwu_sense module not found. Please install the linuwu_sense driver first.
2026-02-27 14:32:01,543 - DAMXDaemon - WARNING - Unknown laptop type detected, attempting driver restart (attempt 1/20)...
2026-02-27 14:32:01,543 - DAMXDaemon - INFO - Attempting to restart drivers and daemon (attempt 1/20)...
2026-02-27 14:32:01,615 - DAMXDaemon - ERROR - Unexpected error during restart (attempt 1): Command '['sudo', 'rmmod', 'linuwu-sense']' returned non-zero exit status 1.
2026-02-27 14:32:01,615 - DAMXDaemon - ERROR - Failed to restart drivers (attempt 1), continuing with limited functionality
2026-02-27 14:32:01,615 - DAMXDaemon - INFO - Detected laptop type: UNKNOWN
2026-02-27 14:32:01,615 - DAMXDaemon - INFO - Base path: 
2026-02-27 14:32:01,615 - DAMXDaemon - INFO - Four-zone keyboard: No
2026-02-27 14:32:01,616 - DAMXDaemon - INFO - Available features: 
2026-02-27 14:32:01,616 - DAMXDaemon - INFO - Driver Version: Unknown Version
2026-02-27 14:32:01,616 - DAMXDaemon - INFO - Log level set to INFO
2026-02-27 14:32:01,616 - DAMXDaemon - INFO - ** Starting DAMX-Daemon v0.4.6 **
2026-02-27 14:32:01,616 - DAMXDaemon - ERROR - linuwu_sense module not found. Please install the linuwu_sense driver first.
2026-02-27 14:32:01,817 - DAMXDaemon - WARNING - Unknown laptop type detected, attempting driver restart (attempt 2/20)...
2026-02-27 14:32:01,817 - DAMXDaemon - INFO - Attempting to restart drivers and daemon (attempt 2/20)...
2026-02-27 14:32:01,825 - DAMXDaemon - ERROR - Unexpected error during restart (attempt 2): Command '['sudo', 'rmmod', 'linuwu-sense']' returned non-zero exit status 1.
2026-02-27 14:32:01,825 - DAMXDaemon - ERROR - Failed to restart drivers (attempt 2), continuing with limited functionality
2026-02-27 14:32:01,825 - DAMXDaemon - INFO - Detected laptop type: UNKNOWN
2026-02-27 14:32:01,825 - DAMXDaemon - INFO - Base path: 
2026-02-27 14:32:01,825 - DAMXDaemon - INFO - Four-zone keyboard: No
2026-02-27 14:32:01,825 - DAMXDaemon - INFO - Available features: 
2026-02-27 14:32:01,825 - DAMXDaemon - INFO - PowerSourceDetector initialized
2026-02-27 14:32:01,826 - DAMXDaemon - INFO - Monitoring power source started
2026-02-27 14:32:01,826 - DAMXDaemon - INFO - Detected features: 
2026-02-27 14:32:01,826 - DAMXDaemon - INFO - Monitoring power source started
2026-02-27 14:32:01,826 - DAMXDaemon - INFO - Server listening on /var/run/DAMX.sock
2026-02-27 14:32:25,734 - DAMXDaemon - INFO - Processing command: get_supported_features with params: {}
2026-02-27 14:32:25,740 - DAMXDaemon - INFO - Processing command: get_all_settings with params: {}
2026-02-27 14:32:50,659 - DAMXDaemon - INFO - Received signal 15, shutting down...
2026-02-27 14:32:50,659 - DAMXDaemon - INFO - Received signal 15, shutting down...
2026-02-27 14:32:51,178 - DAMXDaemon - INFO - Cleaning up resources...
2026-02-27 14:32:51,179 - DAMXDaemon - INFO - Stopping server...
2026-02-27 14:32:51,179 - DAMXDaemon - INFO - Removed socket file: /var/run/DAMX.sock
2026-02-27 14:32:51,179 - DAMXDaemon - INFO - Daemon stopped
2026-02-27 14:33:14,527 - DAMXDaemon - INFO - ** Starting DAMX-Daemon v0.4.6 **
2026-02-27 14:33:14,527 - DAMXDaemon - ERROR - linuwu_sense module not found. Please install the linuwu_sense driver first.
2026-02-27 14:33:14,728 - DAMXDaemon - WARNING - Unknown laptop type detected, attempting driver restart (attempt 1/20)...
2026-02-27 14:33:14,728 - DAMXDaemon - INFO - Attempting to restart drivers and daemon (attempt 1/20)...
2026-02-27 14:33:14,745 - DAMXDaemon - ERROR - Unexpected error during restart (attempt 1): Command '['sudo', 'rmmod', 'linuwu-sense']' returned non-zero exit status 1.
2026-02-27 14:33:14,746 - DAMXDaemon - ERROR - Failed to restart drivers (attempt 1), continuing with limited functionality
2026-02-27 14:33:14,746 - DAMXDaemon - INFO - Detected laptop type: UNKNOWN
2026-02-27 14:33:14,746 - DAMXDaemon - INFO - Base path: 
2026-02-27 14:33:14,746 - DAMXDaemon - INFO - Four-zone keyboard: No
2026-02-27 14:33:14,746 - DAMXDaemon - INFO - Available features: 
2026-02-27 14:33:14,746 - DAMXDaemon - INFO - Driver Version: Unknown Version
2026-02-27 14:33:14,747 - DAMXDaemon - INFO - Log level set to INFO
2026-02-27 14:33:14,747 - DAMXDaemon - INFO - ** Starting DAMX-Daemon v0.4.6 **
2026-02-27 14:33:14,747 - DAMXDaemon - ERROR - linuwu_sense module not found. Please install the linuwu_sense driver first.
2026-02-27 14:33:14,947 - DAMXDaemon - WARNING - Unknown laptop type detected, attempting driver restart (attempt 2/20)...
2026-02-27 14:33:14,948 - DAMXDaemon - INFO - Attempting to restart drivers and daemon (attempt 2/20)...
2026-02-27 14:33:14,959 - DAMXDaemon - ERROR - Unexpected error during restart (attempt 2): Command '['sudo', 'rmmod', 'linuwu-sense']' returned non-zero exit status 1.
2026-02-27 14:33:14,959 - DAMXDaemon - ERROR - Failed to restart drivers (attempt 2), continuing with limited functionality
2026-02-27 14:33:14,959 - DAMXDaemon - INFO - Detected laptop type: UNKNOWN
2026-02-27 14:33:14,959 - DAMXDaemon - INFO - Base path: 
2026-02-27 14:33:14,959 - DAMXDaemon - INFO - Four-zone keyboard: No
2026-02-27 14:33:14,959 - DAMXDaemon - INFO - Available features: 
2026-02-27 14:33:14,959 - DAMXDaemon - INFO - PowerSourceDetector initialized
2026-02-27 14:33:14,960 - DAMXDaemon - INFO - Monitoring power source started
2026-02-27 14:33:14,960 - DAMXDaemon - INFO - Detected features: 
2026-02-27 14:33:14,961 - DAMXDaemon - INFO - Monitoring power source started
2026-02-27 14:33:14,961 - DAMXDaemon - INFO - Server listening on /var/run/DAMX.sock
2026-02-27 14:34:03,282 - DAMXDaemon - INFO - Received signal 15, shutting down...
2026-02-27 14:34:04,014 - DAMXDaemon - INFO - Cleaning up resources...
2026-02-27 14:34:04,014 - DAMXDaemon - INFO - Stopping server...
2026-02-27 14:34:04,014 - DAMXDaemon - INFO - Removed socket file: /var/run/DAMX.sock
2026-02-27 14:34:04,014 - DAMXDaemon - INFO - Daemon stopped
2026-02-27 14:34:25,656 - DAMXDaemon - INFO - ** Starting DAMX-Daemon v0.4.6 **
2026-02-27 14:34:25,656 - DAMXDaemon - ERROR - linuwu_sense module not found. Please install the linuwu_sense driver first.
2026-02-27 14:34:25,856 - DAMXDaemon - WARNING - Unknown laptop type detected, attempting driver restart (attempt 1/20)...
2026-02-27 14:34:25,856 - DAMXDaemon - INFO - Attempting to restart drivers and daemon (attempt 1/20)...
2026-02-27 14:34:25,873 - DAMXDaemon - ERROR - Unexpected error during restart (attempt 1): Command '['sudo', 'rmmod', 'linuwu-sense']' returned non-zero exit status 1.
2026-02-27 14:34:25,873 - DAMXDaemon - ERROR - Failed to restart drivers (attempt 1), continuing with limited functionality
2026-02-27 14:34:25,873 - DAMXDaemon - INFO - Detected laptop type: UNKNOWN
2026-02-27 14:34:25,873 - DAMXDaemon - INFO - Base path: 
2026-02-27 14:34:25,874 - DAMXDaemon - INFO - Four-zone keyboard: No
2026-02-27 14:34:25,874 - DAMXDaemon - INFO - Available features: 
2026-02-27 14:34:25,874 - DAMXDaemon - INFO - Driver Version: Unknown Version
2026-02-27 14:34:25,874 - DAMXDaemon - INFO - Log level set to INFO
2026-02-27 14:34:25,874 - DAMXDaemon - INFO - ** Starting DAMX-Daemon v0.4.6 **
2026-02-27 14:34:25,875 - DAMXDaemon - ERROR - linuwu_sense module not found. Please install the linuwu_sense driver first.
2026-02-27 14:34:26,075 - DAMXDaemon - WARNING - Unknown laptop type detected, attempting driver restart (attempt 2/20)...
2026-02-27 14:34:26,075 - DAMXDaemon - INFO - Attempting to restart drivers and daemon (attempt 2/20)...
2026-02-27 14:34:26,087 - DAMXDaemon - ERROR - Unexpected error during restart (attempt 2): Command '['sudo', 'rmmod', 'linuwu-sense']' returned non-zero exit status 1.
2026-02-27 14:34:26,088 - DAMXDaemon - ERROR - Failed to restart drivers (attempt 2), continuing with limited functionality
2026-02-27 14:34:26,088 - DAMXDaemon - INFO - Detected laptop type: UNKNOWN
2026-02-27 14:34:26,088 - DAMXDaemon - INFO - Base path: 
2026-02-27 14:34:26,088 - DAMXDaemon - INFO - Four-zone keyboard: No
2026-02-27 14:34:26,088 - DAMXDaemon - INFO - Available features: 
2026-02-27 14:34:26,088 - DAMXDaemon - INFO - PowerSourceDetector initialized
2026-02-27 14:34:26,089 - DAMXDaemon - INFO - Monitoring power source started
2026-02-27 14:34:26,089 - DAMXDaemon - INFO - Detected features: 
2026-02-27 14:34:26,089 - DAMXDaemon - INFO - Monitoring power source started
2026-02-27 14:34:26,089 - DAMXDaemon - INFO - Server listening on /var/run/DAMX.sock
2026-02-27 14:35:27,124 - DAMXDaemon - INFO - Received signal 15, shutting down...
2026-02-27 14:35:27,151 - DAMXDaemon - INFO - Cleaning up resources...
2026-02-27 14:35:27,151 - DAMXDaemon - INFO - Stopping server...
2026-02-27 14:35:27,151 - DAMXDaemon - INFO - Removed socket file: /var/run/DAMX.sock
2026-02-27 14:35:27,151 - DAMXDaemon - INFO - Daemon stopped
2026-02-27 14:36:22,634 - DAMXDaemon - INFO - ** Starting DAMX-Daemon v0.4.6 **
2026-02-27 14:36:22,634 - DAMXDaemon - ERROR - linuwu_sense module not found. Please install the linuwu_sense driver first.
2026-02-27 14:36:22,835 - DAMXDaemon - WARNING - Unknown laptop type detected, attempting driver restart (attempt 1/20)...
2026-02-27 14:36:22,835 - DAMXDaemon - INFO - Attempting to restart drivers and daemon (attempt 1/20)...
2026-02-27 14:36:22,853 - DAMXDaemon - ERROR - Unexpected error during restart (attempt 1): Command '['sudo', 'rmmod', 'linuwu-sense']' returned non-zero exit status 1.
2026-02-27 14:36:22,853 - DAMXDaemon - ERROR - Failed to restart drivers (attempt 1), continuing with limited functionality
2026-02-27 14:36:22,853 - DAMXDaemon - INFO - Detected laptop type: UNKNOWN
2026-02-27 14:36:22,853 - DAMXDaemon - INFO - Base path: 
2026-02-27 14:36:22,853 - DAMXDaemon - INFO - Four-zone keyboard: No
2026-02-27 14:36:22,853 - DAMXDaemon - INFO - Available features: 
2026-02-27 14:36:22,853 - DAMXDaemon - INFO - Driver Version: Unknown Version
2026-02-27 14:36:22,854 - DAMXDaemon - INFO - Log level set to INFO
2026-02-27 14:36:22,854 - DAMXDaemon - INFO - ** Starting DAMX-Daemon v0.4.6 **
2026-02-27 14:36:22,854 - DAMXDaemon - ERROR - linuwu_sense module not found. Please install the linuwu_sense driver first.
2026-02-27 14:36:23,055 - DAMXDaemon - WARNING - Unknown laptop type detected, attempting driver restart (attempt 2/20)...
2026-02-27 14:36:23,055 - DAMXDaemon - INFO - Attempting to restart drivers and daemon (attempt 2/20)...
2026-02-27 14:36:23,070 - DAMXDaemon - ERROR - Unexpected error during restart (attempt 2): Command '['sudo', 'rmmod', 'linuwu-sense']' returned non-zero exit status 1.
2026-02-27 14:36:23,070 - DAMXDaemon - ERROR - Failed to restart drivers (attempt 2), continuing with limited functionality
2026-02-27 14:36:23,070 - DAMXDaemon - INFO - Detected laptop type: UNKNOWN
2026-02-27 14:36:23,070 - DAMXDaemon - INFO - Base path: 
2026-02-27 14:36:23,070 - DAMXDaemon - INFO - Four-zone keyboard: No
2026-02-27 14:36:23,070 - DAMXDaemon - INFO - Available features: 
2026-02-27 14:36:23,070 - DAMXDaemon - INFO - PowerSourceDetector initialized
2026-02-27 14:36:23,071 - DAMXDaemon - INFO - Monitoring power source started
2026-02-27 14:36:23,071 - DAMXDaemon - INFO - Detected features: 
2026-02-27 14:36:23,072 - DAMXDaemon - INFO - Monitoring power source started
2026-02-27 14:36:23,072 - DAMXDaemon - INFO - Server listening on /var/run/DAMX.sock
2026-02-27 14:37:17,640 - DAMXDaemon - INFO - Processing command: get_supported_features with params: {}
2026-02-27 14:37:17,646 - DAMXDaemon - INFO - Processing command: get_all_settings with params: {}
2026-02-27 14:37:45,625 - DAMXDaemon - INFO - Processing command: get_supported_features with params: {}
2026-02-27 14:37:45,631 - DAMXDaemon - INFO - Processing command: get_all_settings with params: {}
2026-02-27 14:39:26,860 - DAMXDaemon - INFO - Received signal 15, shutting down...
2026-02-27 14:39:27,707 - DAMXDaemon - INFO - Cleaning up resources...
2026-02-27 14:39:27,707 - DAMXDaemon - INFO - Stopping server...
2026-02-27 14:39:27,707 - DAMXDaemon - INFO - Removed socket file: /var/run/DAMX.sock
2026-02-27 14:39:27,707 - DAMXDaemon - INFO - Daemon stopped
2026-02-27 14:39:32,796 - DAMXDaemon - INFO - ** Starting DAMX-Daemon v0.4.6 **
2026-02-27 14:39:32,796 - DAMXDaemon - INFO - linuwu_sense module found. Proceeding with initialization.
2026-02-27 14:39:32,997 - DAMXDaemon - INFO - Detected laptop type: NITRO
2026-02-27 14:39:32,997 - DAMXDaemon - INFO - Base path: /sys/module/linuwu_sense/drivers/platform:acer-wmi/acer-wmi/nitro_sense
2026-02-27 14:39:32,997 - DAMXDaemon - INFO - Four-zone keyboard: No
2026-02-27 14:39:32,997 - DAMXDaemon - INFO - Available features: battery_limiter, battery_calibration, thermal_profile, backlight_timeout, fan_speed, usb_charging
2026-02-27 14:39:32,997 - DAMXDaemon - INFO - Driver Version: 25.701
2026-02-27 14:39:32,997 - DAMXDaemon - INFO - Log level set to INFO
2026-02-27 14:39:32,997 - DAMXDaemon - INFO - ** Starting DAMX-Daemon v0.4.6 **
2026-02-27 14:39:32,997 - DAMXDaemon - INFO - linuwu_sense module found. Proceeding with initialization.
2026-02-27 14:39:33,198 - DAMXDaemon - INFO - Detected laptop type: NITRO
2026-02-27 14:39:33,198 - DAMXDaemon - INFO - Base path: /sys/module/linuwu_sense/drivers/platform:acer-wmi/acer-wmi/nitro_sense
2026-02-27 14:39:33,198 - DAMXDaemon - INFO - Four-zone keyboard: No
2026-02-27 14:39:33,198 - DAMXDaemon - INFO - Available features: battery_limiter, battery_calibration, thermal_profile, backlight_timeout, fan_speed, usb_charging
2026-02-27 14:39:33,198 - DAMXDaemon - INFO - PowerSourceDetector initialized
2026-02-27 14:39:33,203 - DAMXDaemon - INFO - Switched to AC power
2026-02-27 14:39:33,203 - DAMXDaemon - INFO - Monitoring power source started
2026-02-27 14:39:33,203 - DAMXDaemon - INFO - Detected features: backlight_timeout, battery_calibration, battery_limiter, fan_speed, thermal_profile, usb_charging
2026-02-27 14:39:33,203 - DAMXDaemon - INFO - Monitoring power source started
2026-02-27 14:39:33,203 - DAMXDaemon - INFO - Server listening on /var/run/DAMX.sock
2026-02-27 14:39:43,236 - DAMXDaemon - INFO - Processing command: get_supported_features with params: {}
2026-02-27 14:39:43,242 - DAMXDaemon - INFO - Processing command: get_all_settings with params: {}
2026-02-27 14:40:12,459 - DAMXDaemon - INFO - Processing command: get_supported_features with params: {}
2026-02-27 14:40:12,464 - DAMXDaemon - INFO - Processing command: get_all_settings with params: {}
2026-02-27 16:35:08,567 - DAMXDaemon - INFO - Processing command: get_supported_features with params: {}
2026-02-27 16:35:08,573 - DAMXDaemon - INFO - Processing command: get_all_settings with params: {}
2026-02-27 16:35:12,672 - DAMXDaemon - INFO - Processing command: set_fan_speed with params: {'cpu': 100, 'gpu': 100}
2026-02-27 16:35:15,071 - DAMXDaemon - INFO - Processing command: set_fan_speed with params: {'cpu': 0, 'gpu': 0}
2026-02-27 16:35:15,077 - DAMXDaemon - INFO - Processing command: get_all_settings with params: {}
2026-02-27 16:41:09,030 - DAMXDaemon - INFO - Processing command: get_supported_features with params: {}
2026-02-27 16:41:09,037 - DAMXDaemon - INFO - Processing command: get_all_settings with params: {}
2026-02-27 16:41:13,336 - DAMXDaemon - INFO - Processing command: get_supported_features with params: {}
2026-02-27 16:41:13,341 - DAMXDaemon - INFO - Processing command: get_all_settings with params: {}
2026-02-27 16:42:01,055 - DAMXDaemon - INFO - Processing command: get_supported_features with params: {}
2026-02-27 16:42:01,061 - DAMXDaemon - INFO - Processing command: get_all_settings with params: {}
2026-02-27 16:54:04,747 - DAMXDaemon - INFO - Switched to battery power
2026-02-27 17:42:51,420 - DAMXDaemon - INFO - Switched to AC power
2026-02-27 17:42:56,420 - DAMXDaemon - INFO - Switched to battery power
2026-02-27 20:23:58,826 - DAMXDaemon - INFO - Processing command: get_supported_features with params: {}
2026-02-27 20:23:58,833 - DAMXDaemon - INFO - Processing command: get_all_settings with params: {}
2026-02-27 20:24:02,683 - DAMXDaemon - INFO - Switched to AC power
2026-02-27 20:24:03,895 - DAMXDaemon - INFO - Processing command: set_battery_limiter with params: {'enabled': False}
2026-02-27 20:26:59,776 - DAMXDaemon - INFO - Received signal 15, shutting down...
2026-02-27 20:26:59,776 - DAMXDaemon - INFO - Received signal 15, shutting down...
2026-02-27 20:26:59,984 - DAMXDaemon - INFO - Cleaning up resources...
2026-02-27 20:26:59,985 - DAMXDaemon - INFO - Stopping server...
2026-02-27 20:26:59,985 - DAMXDaemon - INFO - Removed socket file: /var/run/DAMX.sock
2026-02-27 20:26:59,985 - DAMXDaemon - INFO - Daemon stopped
2026-02-27 20:27:15,612 - DAMXDaemon - INFO - ** Starting DAMX-Daemon v0.4.6 **
2026-02-27 20:27:15,612 - DAMXDaemon - INFO - linuwu_sense module found. Proceeding with initialization.
2026-02-27 20:27:15,812 - DAMXDaemon - INFO - Detected laptop type: NITRO
2026-02-27 20:27:15,812 - DAMXDaemon - INFO - Base path: /sys/module/linuwu_sense/drivers/platform:acer-wmi/acer-wmi/nitro_sense
2026-02-27 20:27:15,813 - DAMXDaemon - INFO - Four-zone keyboard: No
2026-02-27 20:27:15,813 - DAMXDaemon - INFO - Available features: battery_calibration, battery_limiter, thermal_profile, usb_charging, fan_speed, backlight_timeout
2026-02-27 20:27:15,813 - DAMXDaemon - INFO - Driver Version: 25.701
2026-02-27 20:27:15,814 - DAMXDaemon - INFO - Log level set to INFO
2026-02-27 20:27:15,814 - DAMXDaemon - INFO - ** Starting DAMX-Daemon v0.4.6 **
2026-02-27 20:27:15,814 - DAMXDaemon - INFO - linuwu_sense module found. Proceeding with initialization.
2026-02-27 20:27:16,015 - DAMXDaemon - INFO - Detected laptop type: NITRO
2026-02-27 20:27:16,015 - DAMXDaemon - INFO - Base path: /sys/module/linuwu_sense/drivers/platform:acer-wmi/acer-wmi/nitro_sense
2026-02-27 20:27:16,015 - DAMXDaemon - INFO - Four-zone keyboard: No
2026-02-27 20:27:16,015 - DAMXDaemon - INFO - Available features: battery_calibration, battery_limiter, thermal_profile, usb_charging, fan_speed, backlight_timeout
2026-02-27 20:27:16,015 - DAMXDaemon - INFO - PowerSourceDetector initialized
2026-02-27 20:27:16,024 - DAMXDaemon - INFO - Switched to AC power
2026-02-27 20:27:16,024 - DAMXDaemon - INFO - Monitoring power source started
2026-02-27 20:27:16,025 - DAMXDaemon - INFO - Detected features: backlight_timeout, battery_calibration, battery_limiter, fan_speed, thermal_profile, usb_charging
2026-02-27 20:27:16,025 - DAMXDaemon - INFO - Monitoring power source started
2026-02-27 20:27:16,025 - DAMXDaemon - INFO - Server listening on /var/run/DAMX.sock
2026-02-27 20:33:18,163 - DAMXDaemon - INFO - Received signal 15, shutting down...
2026-02-27 20:33:18,163 - DAMXDaemon - INFO - Received signal 15, shutting down...
2026-02-27 20:33:18,389 - DAMXDaemon - INFO - Cleaning up resources...
2026-02-27 20:33:18,389 - DAMXDaemon - INFO - Stopping server...
2026-02-27 20:33:18,389 - DAMXDaemon - INFO - Removed socket file: /var/run/DAMX.sock
2026-02-27 20:33:18,389 - DAMXDaemon - INFO - Daemon stopped
2026-02-27 20:33:33,600 - DAMXDaemon - INFO - ** Starting DAMX-Daemon v0.4.6 **
2026-02-27 20:33:33,601 - DAMXDaemon - INFO - linuwu_sense module found. Proceeding with initialization.
2026-02-27 20:33:33,801 - DAMXDaemon - INFO - Detected laptop type: NITRO
2026-02-27 20:33:33,801 - DAMXDaemon - INFO - Base path: /sys/module/linuwu_sense/drivers/platform:acer-wmi/acer-wmi/nitro_sense
2026-02-27 20:33:33,801 - DAMXDaemon - INFO - Four-zone keyboard: No
2026-02-27 20:33:33,801 - DAMXDaemon - INFO - Available features: thermal_profile, battery_calibration, usb_charging, fan_speed, battery_limiter, backlight_timeout
2026-02-27 20:33:33,801 - DAMXDaemon - INFO - Driver Version: 25.701
2026-02-27 20:33:33,802 - DAMXDaemon - INFO - Log level set to INFO
2026-02-27 20:33:33,802 - DAMXDaemon - INFO - ** Starting DAMX-Daemon v0.4.6 **
2026-02-27 20:33:33,802 - DAMXDaemon - INFO - linuwu_sense module found. Proceeding with initialization.
2026-02-27 20:33:34,002 - DAMXDaemon - INFO - Detected laptop type: NITRO
2026-02-27 20:33:34,003 - DAMXDaemon - INFO - Base path: /sys/module/linuwu_sense/drivers/platform:acer-wmi/acer-wmi/nitro_sense
2026-02-27 20:33:34,003 - DAMXDaemon - INFO - Four-zone keyboard: No
2026-02-27 20:33:34,003 - DAMXDaemon - INFO - Available features: thermal_profile, battery_calibration, usb_charging, fan_speed, battery_limiter, backlight_timeout
2026-02-27 20:33:34,003 - DAMXDaemon - INFO - PowerSourceDetector initialized
2026-02-27 20:33:34,012 - DAMXDaemon - INFO - Switched to AC power
2026-02-27 20:33:34,012 - DAMXDaemon - INFO - Monitoring power source started
2026-02-27 20:33:34,012 - DAMXDaemon - INFO - Detected features: backlight_timeout, battery_calibration, battery_limiter, fan_speed, thermal_profile, usb_charging
2026-02-27 20:33:34,013 - DAMXDaemon - INFO - Monitoring power source started
2026-02-27 20:33:34,013 - DAMXDaemon - INFO - Server listening on /var/run/DAMX.sock
2026-02-27 20:44:07,414 - DAMXDaemon - INFO - Switched to battery power
2026-02-27 20:58:58,936 - DAMXDaemon - INFO - Processing command: get_supported_features with params: {}
2026-02-27 20:58:58,945 - DAMXDaemon - INFO - Processing command: get_all_settings with params: {}
2026-02-27 20:59:49,797 - DAMXDaemon - INFO - Received signal 15, shutting down...
2026-02-27 20:59:49,798 - DAMXDaemon - INFO - Received signal 15, shutting down...
2026-02-27 20:59:49,971 - DAMXDaemon - INFO - Cleaning up resources...
2026-02-27 20:59:49,971 - DAMXDaemon - INFO - Stopping server...
2026-02-27 20:59:49,971 - DAMXDaemon - INFO - Removed socket file: /var/run/DAMX.sock
2026-02-27 20:59:49,971 - DAMXDaemon - INFO - Daemon stopped
2026-02-27 21:00:10,539 - DAMXDaemon - INFO - ** Starting DAMX-Daemon v0.4.6 **
2026-02-27 21:00:10,539 - DAMXDaemon - INFO - linuwu_sense module found. Proceeding with initialization.
2026-02-27 21:00:10,740 - DAMXDaemon - INFO - Detected laptop type: NITRO
2026-02-27 21:00:10,740 - DAMXDaemon - INFO - Base path: /sys/module/linuwu_sense/drivers/platform:acer-wmi/acer-wmi/nitro_sense
2026-02-27 21:00:10,740 - DAMXDaemon - INFO - Four-zone keyboard: No
2026-02-27 21:00:10,740 - DAMXDaemon - INFO - Available features: fan_speed, thermal_profile, usb_charging, battery_limiter, backlight_timeout, battery_calibration
2026-02-27 21:00:10,740 - DAMXDaemon - INFO - Driver Version: 25.701
2026-02-27 21:00:10,741 - DAMXDaemon - INFO - Log level set to INFO
2026-02-27 21:00:10,741 - DAMXDaemon - INFO - ** Starting DAMX-Daemon v0.4.6 **
2026-02-27 21:00:10,741 - DAMXDaemon - INFO - linuwu_sense module found. Proceeding with initialization.
2026-02-27 21:00:10,942 - DAMXDaemon - INFO - Detected laptop type: NITRO
2026-02-27 21:00:10,942 - DAMXDaemon - INFO - Base path: /sys/module/linuwu_sense/drivers/platform:acer-wmi/acer-wmi/nitro_sense
2026-02-27 21:00:10,942 - DAMXDaemon - INFO - Four-zone keyboard: No
2026-02-27 21:00:10,942 - DAMXDaemon - INFO - Available features: fan_speed, thermal_profile, usb_charging, battery_limiter, backlight_timeout, battery_calibration
2026-02-27 21:00:10,942 - DAMXDaemon - INFO - PowerSourceDetector initialized
2026-02-27 21:00:10,952 - DAMXDaemon - INFO - Switched to battery power
2026-02-27 21:00:10,952 - DAMXDaemon - INFO - Monitoring power source started
2026-02-27 21:00:10,952 - DAMXDaemon - INFO - Detected features: backlight_timeout, battery_calibration, battery_limiter, fan_speed, thermal_profile, usb_charging
2026-02-27 21:00:10,953 - DAMXDaemon - INFO - Monitoring power source started
2026-02-27 21:00:10,953 - DAMXDaemon - INFO - Server listening on /var/run/DAMX.sock
2026-02-27 21:01:06,387 - DAMXDaemon - INFO - Processing command: get_supported_features with params: {}
2026-02-27 21:01:06,395 - DAMXDaemon - INFO - Processing command: get_all_settings with params: {}
2026-02-27 21:01:31,781 - DAMXDaemon - INFO - Received signal 15, shutting down...
2026-02-27 21:01:31,781 - DAMXDaemon - INFO - Received signal 15, shutting down...
2026-02-27 21:01:32,389 - DAMXDaemon - INFO - Cleaning up resources...
2026-02-27 21:01:32,389 - DAMXDaemon - INFO - Stopping server...
2026-02-27 21:01:32,389 - DAMXDaemon - INFO - Removed socket file: /var/run/DAMX.sock
2026-02-27 21:01:32,389 - DAMXDaemon - INFO - Daemon stopped
2026-02-27 21:02:22,561 - DAMXDaemon - INFO - ** Starting DAMX-Daemon v0.4.6 **
2026-02-27 21:02:22,562 - DAMXDaemon - INFO - linuwu_sense module found. Proceeding with initialization.
2026-02-27 21:02:22,762 - DAMXDaemon - INFO - Detected laptop type: NITRO
2026-02-27 21:02:22,762 - DAMXDaemon - INFO - Base path: /sys/module/linuwu_sense/drivers/platform:acer-wmi/acer-wmi/nitro_sense
2026-02-27 21:02:22,762 - DAMXDaemon - INFO - Four-zone keyboard: No
2026-02-27 21:02:22,762 - DAMXDaemon - INFO - Available features: backlight_timeout, battery_calibration, usb_charging, thermal_profile, battery_limiter, fan_speed
2026-02-27 21:02:22,762 - DAMXDaemon - INFO - Driver Version: 25.701
2026-02-27 21:02:22,763 - DAMXDaemon - INFO - Log level set to INFO
2026-02-27 21:02:22,763 - DAMXDaemon - INFO - ** Starting DAMX-Daemon v0.4.6 **
2026-02-27 21:02:22,763 - DAMXDaemon - INFO - linuwu_sense module found. Proceeding with initialization.
2026-02-27 21:02:22,964 - DAMXDaemon - INFO - Detected laptop type: NITRO
2026-02-27 21:02:22,964 - DAMXDaemon - INFO - Base path: /sys/module/linuwu_sense/drivers/platform:acer-wmi/acer-wmi/nitro_sense
2026-02-27 21:02:22,964 - DAMXDaemon - INFO - Four-zone keyboard: No
2026-02-27 21:02:22,964 - DAMXDaemon - INFO - Available features: backlight_timeout, battery_calibration, usb_charging, thermal_profile, battery_limiter, fan_speed
2026-02-27 21:02:22,964 - DAMXDaemon - INFO - PowerSourceDetector initialized
2026-02-27 21:02:22,973 - DAMXDaemon - INFO - Switched to battery power
2026-02-27 21:02:22,973 - DAMXDaemon - INFO - Monitoring power source started
2026-02-27 21:02:22,973 - DAMXDaemon - INFO - Detected features: backlight_timeout, battery_calibration, battery_limiter, fan_speed, thermal_profile, usb_charging
2026-02-27 21:02:22,974 - DAMXDaemon - INFO - Monitoring power source started
2026-02-27 21:02:22,974 - DAMXDaemon - INFO - Server listening on /var/run/DAMX.sock
2026-02-27 21:02:52,957 - DAMXDaemon - INFO - Processing command: get_supported_features with params: {}
2026-02-27 21:02:52,964 - DAMXDaemon - INFO - Processing command: get_all_settings with params: {}
2026-02-27 21:02:56,638 - DAMXDaemon - INFO - Processing command: set_fan_speed with params: {'cpu': 100, 'gpu': 100}
2026-02-27 21:05:45,421 - DAMXDaemon - INFO - Processing command: get_supported_features with params: {}
2026-02-27 21:05:45,428 - DAMXDaemon - INFO - Processing command: get_all_settings with params: {}
2026-02-27 21:05:48,327 - DAMXDaemon - INFO - Processing command: set_fan_speed with params: {'cpu': 0, 'gpu': 0}
2026-02-27 21:05:48,336 - DAMXDaemon - INFO - Processing command: get_all_settings with params: {}
2026-02-27 21:55:33,474 - DAMXDaemon - INFO - Switched to AC power
2026-02-27 22:26:58,807 - DAMXDaemon - INFO - Switched to battery power
2026-02-27 23:39:24,402 - DAMXDaemon - INFO - Switched to AC power
2026-02-28 00:02:10,948 - DAMXDaemon - INFO - Switched to battery power
2026-02-28 14:37:03,030 - DAMXDaemon - INFO - Switched to AC power
2026-02-28 15:17:24,351 - DAMXDaemon - INFO - Switched to battery power
2026-02-28 15:41:54,583 - DAMXDaemon - INFO - Switched to AC power
2026-02-28 16:43:10,241 - DAMXDaemon - INFO - Switched to battery power
2026-02-28 21:07:23,975 - DAMXDaemon - INFO - Processing command: get_supported_features with params: {}
2026-02-28 21:07:23,983 - DAMXDaemon - INFO - Processing command: get_all_settings with params: {}
2026-02-28 21:07:27,174 - DAMXDaemon - INFO - Processing command: set_battery_limiter with params: {'enabled': True}
2026-02-28 21:32:17,682 - DAMXDaemon - INFO - Processing command: get_supported_features with params: {}
2026-02-28 21:32:17,690 - DAMXDaemon - INFO - Processing command: get_all_settings with params: {}
2026-02-28 21:32:21,452 - DAMXDaemon - INFO - Processing command: set_thermal_profile with params: {'profile': 'low-power'}
2026-02-28 21:32:22,465 - DAMXDaemon - INFO - Processing command: get_all_settings with params: {}
2026-02-28 21:32:38,609 - DAMXDaemon - INFO - Processing command: get_supported_features with params: {}
2026-02-28 21:32:38,637 - DAMXDaemon - INFO - Processing command: get_all_settings with params: {}
2026-02-28 21:32:38,816 - DAMXDaemon - INFO - Processing command: set_thermal_profile with params: {'profile': 'low-power'}
2026-02-28 21:32:39,869 - DAMXDaemon - INFO - Processing command: get_all_settings with params: {}
2026-03-01 09:58:33,218 - DAMXDaemon - INFO - Received signal 15, shutting down...
2026-03-01 09:58:33,218 - DAMXDaemon - INFO - Received signal 15, shutting down...
2026-03-01 09:58:33,480 - DAMXDaemon - INFO - Cleaning up resources...
2026-03-01 09:58:33,480 - DAMXDaemon - INFO - Stopping server...
2026-03-01 09:58:33,480 - DAMXDaemon - INFO - Removed socket file: /var/run/DAMX.sock
2026-03-01 09:58:33,481 - DAMXDaemon - INFO - Daemon stopped
2026-03-01 10:08:51,272 - DAMXDaemon - INFO - ** Starting DAMX-Daemon v0.4.6 **
2026-03-01 10:08:51,272 - DAMXDaemon - INFO - linuwu_sense module found. Proceeding with initialization.
2026-03-01 10:08:51,472 - DAMXDaemon - INFO - Detected laptop type: NITRO
2026-03-01 10:08:51,472 - DAMXDaemon - INFO - Base path: /sys/module/linuwu_sense/drivers/platform:acer-wmi/acer-wmi/nitro_sense
2026-03-01 10:08:51,472 - DAMXDaemon - INFO - Four-zone keyboard: No
2026-03-01 10:08:51,472 - DAMXDaemon - INFO - Available features: fan_speed, thermal_profile, battery_calibration, battery_limiter, backlight_timeout, usb_charging
2026-03-01 10:08:51,472 - DAMXDaemon - INFO - Driver Version: 25.701
2026-03-01 10:08:51,474 - DAMXDaemon - INFO - Log level set to INFO
2026-03-01 10:08:51,474 - DAMXDaemon - INFO - ** Starting DAMX-Daemon v0.4.6 **
2026-03-01 10:08:51,474 - DAMXDaemon - INFO - linuwu_sense module found. Proceeding with initialization.
2026-03-01 10:08:51,674 - DAMXDaemon - INFO - Detected laptop type: NITRO
2026-03-01 10:08:51,674 - DAMXDaemon - INFO - Base path: /sys/module/linuwu_sense/drivers/platform:acer-wmi/acer-wmi/nitro_sense
2026-03-01 10:08:51,674 - DAMXDaemon - INFO - Four-zone keyboard: No
2026-03-01 10:08:51,674 - DAMXDaemon - INFO - Available features: fan_speed, thermal_profile, battery_calibration, battery_limiter, backlight_timeout, usb_charging
2026-03-01 10:08:51,674 - DAMXDaemon - INFO - PowerSourceDetector initialized
2026-03-01 10:08:51,680 - DAMXDaemon - INFO - Switched to battery power
2026-03-01 10:08:51,680 - DAMXDaemon - INFO - Monitoring power source started
2026-03-01 10:08:51,681 - DAMXDaemon - INFO - Detected features: backlight_timeout, battery_calibration, battery_limiter, fan_speed, thermal_profile, usb_charging
2026-03-01 10:08:51,681 - DAMXDaemon - INFO - Monitoring power source started
2026-03-01 10:08:51,681 - DAMXDaemon - INFO - Server listening on /var/run/DAMX.sock
2026-03-01 10:10:14,443 - DAMXDaemon - INFO - Received signal 15, shutting down...
2026-03-01 10:10:14,443 - DAMXDaemon - INFO - Received signal 15, shutting down...
2026-03-01 10:10:14,772 - DAMXDaemon - INFO - Cleaning up resources...
2026-03-01 10:10:14,772 - DAMXDaemon - INFO - Stopping server...
2026-03-01 10:10:14,772 - DAMXDaemon - INFO - Removed socket file: /var/run/DAMX.sock
2026-03-01 10:10:14,773 - DAMXDaemon - INFO - Daemon stopped
2026-03-01 10:10:30,538 - DAMXDaemon - INFO - ** Starting DAMX-Daemon v0.4.6 **
2026-03-01 10:10:30,538 - DAMXDaemon - INFO - linuwu_sense module found. Proceeding with initialization.
2026-03-01 10:10:30,739 - DAMXDaemon - INFO - Detected laptop type: NITRO
2026-03-01 10:10:30,739 - DAMXDaemon - INFO - Base path: /sys/module/linuwu_sense/drivers/platform:acer-wmi/acer-wmi/nitro_sense
2026-03-01 10:10:30,739 - DAMXDaemon - INFO - Four-zone keyboard: No
2026-03-01 10:10:30,739 - DAMXDaemon - INFO - Available features: backlight_timeout, fan_speed, usb_charging, battery_limiter, thermal_profile, battery_calibration
2026-03-01 10:10:30,739 - DAMXDaemon - INFO - Driver Version: 25.701
2026-03-01 10:10:30,740 - DAMXDaemon - INFO - Log level set to INFO
2026-03-01 10:10:30,740 - DAMXDaemon - INFO - ** Starting DAMX-Daemon v0.4.6 **
2026-03-01 10:10:30,740 - DAMXDaemon - INFO - linuwu_sense module found. Proceeding with initialization.
2026-03-01 10:10:30,941 - DAMXDaemon - INFO - Detected laptop type: NITRO
2026-03-01 10:10:30,941 - DAMXDaemon - INFO - Base path: /sys/module/linuwu_sense/drivers/platform:acer-wmi/acer-wmi/nitro_sense
2026-03-01 10:10:30,941 - DAMXDaemon - INFO - Four-zone keyboard: No
2026-03-01 10:10:30,941 - DAMXDaemon - INFO - Available features: backlight_timeout, fan_speed, usb_charging, battery_limiter, thermal_profile, battery_calibration
2026-03-01 10:10:30,941 - DAMXDaemon - INFO - PowerSourceDetector initialized
2026-03-01 10:10:30,951 - DAMXDaemon - INFO - Switched to battery power
2026-03-01 10:10:30,952 - DAMXDaemon - INFO - Monitoring power source started
2026-03-01 10:10:30,952 - DAMXDaemon - INFO - Detected features: backlight_timeout, battery_calibration, battery_limiter, fan_speed, thermal_profile, usb_charging
2026-03-01 10:10:30,952 - DAMXDaemon - INFO - Monitoring power source started
2026-03-01 10:10:30,952 - DAMXDaemon - INFO - Server listening on /var/run/DAMX.sock
2026-03-01 10:10:55,936 - DAMXDaemon - INFO - Processing command: get_supported_features with params: {}
2026-03-01 10:10:55,954 - DAMXDaemon - INFO - Processing command: get_all_settings with params: {}
2026-03-01 10:11:02,086 - DAMXDaemon - INFO - Processing command: set_fan_speed with params: {'cpu': 100, 'gpu': 100}
2026-03-01 10:11:10,998 - DAMXDaemon - INFO - Switched to AC power
2026-03-01 10:11:13,478 - DAMXDaemon - INFO - Processing command: set_thermal_profile with params: {'profile': 'balanced-performance'}
2026-03-01 10:11:13,478 - DAMXDaemon - ERROR - Failed to write to /sys/firmware/acpi/platform_profile: [Errno 95] Operation not supported
2026-03-01 10:11:14,328 - DAMXDaemon - INFO - Processing command: set_thermal_profile with params: {'profile': 'balanced'}
2026-03-01 10:11:14,481 - DAMXDaemon - INFO - Processing command: get_all_settings with params: {}
2026-03-01 10:11:15,348 - DAMXDaemon - INFO - Processing command: get_all_settings with params: {}
2026-03-01 10:11:17,079 - DAMXDaemon - INFO - Processing command: set_fan_speed with params: {'cpu': 100, 'gpu': 100}
2026-03-01 10:11:18,209 - DAMXDaemon - INFO - Processing command: set_thermal_profile with params: {'profile': 'balanced-performance'}
2026-03-01 10:11:18,210 - DAMXDaemon - ERROR - Failed to write to /sys/firmware/acpi/platform_profile: [Errno 95] Operation not supported
2026-03-01 10:11:19,211 - DAMXDaemon - INFO - Processing command: get_all_settings with params: {}
2026-03-01 10:11:19,335 - DAMXDaemon - INFO - Processing command: set_thermal_profile with params: {'profile': 'balanced'}
2026-03-01 10:11:20,372 - DAMXDaemon - INFO - Processing command: get_all_settings with params: {}
2026-03-01 10:12:18,556 - DAMXDaemon - INFO - Received signal 15, shutting down...
2026-03-01 10:12:18,556 - DAMXDaemon - INFO - Received signal 15, shutting down...
2026-03-01 10:12:18,947 - DAMXDaemon - INFO - Cleaning up resources...
2026-03-01 10:12:18,947 - DAMXDaemon - INFO - Stopping server...
2026-03-01 10:12:18,947 - DAMXDaemon - INFO - Removed socket file: /var/run/DAMX.sock
2026-03-01 10:12:18,947 - DAMXDaemon - INFO - Daemon stopped
2026-03-01 19:21:02,597 - DAMXDaemon - INFO - ** Starting DAMX-Daemon v0.4.6 **
2026-03-01 19:21:02,597 - DAMXDaemon - INFO - linuwu_sense module found. Proceeding with initialization.
2026-03-01 19:21:02,798 - DAMXDaemon - INFO - Detected laptop type: NITRO
2026-03-01 19:21:02,798 - DAMXDaemon - INFO - Base path: /sys/module/linuwu_sense/drivers/platform:acer-wmi/acer-wmi/nitro_sense
2026-03-01 19:21:02,798 - DAMXDaemon - INFO - Four-zone keyboard: No
2026-03-01 19:21:02,798 - DAMXDaemon - INFO - Available features: usb_charging, battery_limiter, backlight_timeout, thermal_profile, battery_calibration, fan_speed
2026-03-01 19:21:02,798 - DAMXDaemon - INFO - Driver Version: 25.701
2026-03-01 19:21:02,800 - DAMXDaemon - INFO - Log level set to INFO
2026-03-01 19:21:02,800 - DAMXDaemon - INFO - ** Starting DAMX-Daemon v0.4.6 **
2026-03-01 19:21:02,800 - DAMXDaemon - INFO - linuwu_sense module found. Proceeding with initialization.
2026-03-01 19:21:03,000 - DAMXDaemon - INFO - Detected laptop type: NITRO
2026-03-01 19:21:03,000 - DAMXDaemon - INFO - Base path: /sys/module/linuwu_sense/drivers/platform:acer-wmi/acer-wmi/nitro_sense
2026-03-01 19:21:03,000 - DAMXDaemon - INFO - Four-zone keyboard: No
2026-03-01 19:21:03,001 - DAMXDaemon - INFO - Available features: usb_charging, battery_limiter, backlight_timeout, thermal_profile, battery_calibration, fan_speed
2026-03-01 19:21:03,001 - DAMXDaemon - INFO - PowerSourceDetector initialized
2026-03-01 19:21:03,012 - DAMXDaemon - INFO - Switched to AC power
2026-03-01 19:21:03,012 - DAMXDaemon - INFO - Monitoring power source started
2026-03-01 19:21:03,012 - DAMXDaemon - INFO - Detected features: backlight_timeout, battery_calibration, battery_limiter, fan_speed, thermal_profile, usb_charging
2026-03-01 19:21:03,012 - DAMXDaemon - INFO - Monitoring power source started
2026-03-01 19:21:03,012 - DAMXDaemon - INFO - Server listening on /var/run/DAMX.sock
2026-03-01 19:22:01,233 - DAMXDaemon - INFO - Processing command: get_supported_features with params: {}
2026-03-01 19:22:01,254 - DAMXDaemon - INFO - Processing command: get_all_settings with params: {}
2026-03-01 21:09:11,922 - DAMXDaemon - INFO - Switched to battery power
2026-03-01 21:14:12,026 - DAMXDaemon - INFO - Switched to AC power
2026-03-02 12:59:25,260 - DAMXDaemon - INFO - Switched to battery power
2026-03-02 15:44:24,293 - DAMXDaemon - INFO - Switched to AC power
2026-03-02 19:28:49,130 - DAMXDaemon - INFO - Switched to battery power
2026-03-02 19:29:19,160 - DAMXDaemon - INFO - Switched to AC power
2026-03-02 19:38:39,404 - DAMXDaemon - INFO - Switched to battery power
2026-03-02 19:39:04,423 - DAMXDaemon - INFO - Switched to AC power
2026-03-03 20:34:30,179 - DAMXDaemon - INFO - Received signal 15, shutting down...
2026-03-03 20:34:30,919 - DAMXDaemon - INFO - Cleaning up resources...
2026-03-03 20:34:30,919 - DAMXDaemon - INFO - Stopping server...
2026-03-03 20:34:30,920 - DAMXDaemon - INFO - Removed socket file: /var/run/DAMX.sock
2026-03-03 20:34:30,920 - DAMXDaemon - INFO - Daemon stopped
2026-03-03 22:13:22,557 - DAMXDaemon - INFO - ** Starting DAMX-Daemon v0.4.6 **
2026-03-03 22:13:22,557 - DAMXDaemon - INFO - linuwu_sense module found. Proceeding with initialization.
2026-03-03 22:13:22,757 - DAMXDaemon - INFO - Detected laptop type: NITRO
2026-03-03 22:13:22,758 - DAMXDaemon - INFO - Base path: /sys/module/linuwu_sense/drivers/platform:acer-wmi/acer-wmi/nitro_sense
2026-03-03 22:13:22,758 - DAMXDaemon - INFO - Four-zone keyboard: No
2026-03-03 22:13:22,758 - DAMXDaemon - INFO - Available features: usb_charging, battery_calibration, fan_speed, backlight_timeout, battery_limiter, thermal_profile
2026-03-03 22:13:22,758 - DAMXDaemon - INFO - Driver Version: 25.701
2026-03-03 22:13:22,759 - DAMXDaemon - INFO - Log level set to INFO
2026-03-03 22:13:22,759 - DAMXDaemon - INFO - ** Starting DAMX-Daemon v0.4.6 **
2026-03-03 22:13:22,759 - DAMXDaemon - INFO - linuwu_sense module found. Proceeding with initialization.
2026-03-03 22:13:22,960 - DAMXDaemon - INFO - Detected laptop type: NITRO
2026-03-03 22:13:22,960 - DAMXDaemon - INFO - Base path: /sys/module/linuwu_sense/drivers/platform:acer-wmi/acer-wmi/nitro_sense
2026-03-03 22:13:22,960 - DAMXDaemon - INFO - Four-zone keyboard: No
2026-03-03 22:13:22,960 - DAMXDaemon - INFO - Available features: usb_charging, battery_calibration, fan_speed, backlight_timeout, battery_limiter, thermal_profile
2026-03-03 22:13:22,960 - DAMXDaemon - INFO - PowerSourceDetector initialized
2026-03-03 22:13:22,974 - DAMXDaemon - INFO - Switched to AC power
2026-03-03 22:13:22,975 - DAMXDaemon - INFO - Monitoring power source started
2026-03-03 22:13:22,975 - DAMXDaemon - INFO - Detected features: backlight_timeout, battery_calibration, battery_limiter, fan_speed, thermal_profile, usb_charging
2026-03-03 22:13:22,976 - DAMXDaemon - INFO - Monitoring power source started
2026-03-03 22:13:22,977 - DAMXDaemon - INFO - Server listening on /var/run/DAMX.sock
2026-03-03 22:14:18,854 - DAMXDaemon - INFO - Processing command: get_supported_features with params: {}
2026-03-03 22:14:18,872 - DAMXDaemon - INFO - Processing command: get_all_settings with params: {}
2026-03-03 22:14:23,758 - DAMXDaemon - INFO - Processing command: set_fan_speed with params: {'cpu': 100, 'gpu': 100}
2026-03-03 22:21:09,456 - DAMXDaemon - INFO - Processing command: get_supported_features with params: {}
2026-03-03 22:21:09,480 - DAMXDaemon - INFO - Processing command: get_all_settings with params: {}
2026-03-03 22:21:15,383 - DAMXDaemon - INFO - Processing command: set_fan_speed with params: {'cpu': 0, 'gpu': 0}
2026-03-03 22:21:15,404 - DAMXDaemon - INFO - Processing command: get_all_settings with params: {}
2026-03-03 23:48:12,689 - DAMXDaemon - INFO - Received signal 15, shutting down...
2026-03-03 23:48:12,782 - DAMXDaemon - INFO - Cleaning up resources...
2026-03-03 23:48:12,783 - DAMXDaemon - INFO - Stopping server...
2026-03-03 23:48:12,783 - DAMXDaemon - INFO - Removed socket file: /var/run/DAMX.sock
2026-03-03 23:48:12,783 - DAMXDaemon - INFO - Daemon stopped
2026-03-04 18:58:34,671 - DAMXDaemon - INFO - ** Starting DAMX-Daemon v0.4.6 **
2026-03-04 18:58:34,672 - DAMXDaemon - INFO - linuwu_sense module found. Proceeding with initialization.
2026-03-04 18:58:34,872 - DAMXDaemon - INFO - Detected laptop type: NITRO
2026-03-04 18:58:34,872 - DAMXDaemon - INFO - Base path: /sys/module/linuwu_sense/drivers/platform:acer-wmi/acer-wmi/nitro_sense
2026-03-04 18:58:34,872 - DAMXDaemon - INFO - Four-zone keyboard: No
2026-03-04 18:58:34,872 - DAMXDaemon - INFO - Available features: usb_charging, backlight_timeout, fan_speed, battery_limiter, thermal_profile, battery_calibration
2026-03-04 18:58:34,872 - DAMXDaemon - INFO - Driver Version: 25.701
2026-03-04 18:58:34,874 - DAMXDaemon - INFO - Log level set to INFO
2026-03-04 18:58:34,874 - DAMXDaemon - INFO - ** Starting DAMX-Daemon v0.4.6 **
2026-03-04 18:58:34,874 - DAMXDaemon - INFO - linuwu_sense module found. Proceeding with initialization.
2026-03-04 18:58:35,075 - DAMXDaemon - INFO - Detected laptop type: NITRO
2026-03-04 18:58:35,075 - DAMXDaemon - INFO - Base path: /sys/module/linuwu_sense/drivers/platform:acer-wmi/acer-wmi/nitro_sense
2026-03-04 18:58:35,075 - DAMXDaemon - INFO - Four-zone keyboard: No
2026-03-04 18:58:35,075 - DAMXDaemon - INFO - Available features: usb_charging, backlight_timeout, fan_speed, battery_limiter, thermal_profile, battery_calibration
2026-03-04 18:58:35,075 - DAMXDaemon - INFO - PowerSourceDetector initialized
2026-03-04 18:58:35,084 - DAMXDaemon - INFO - Switched to battery power
2026-03-04 18:58:35,084 - DAMXDaemon - INFO - Monitoring power source started
2026-03-04 18:58:35,084 - DAMXDaemon - INFO - Detected features: backlight_timeout, battery_calibration, battery_limiter, fan_speed, thermal_profile, usb_charging
2026-03-04 18:58:35,085 - DAMXDaemon - INFO - Monitoring power source started
2026-03-04 18:58:35,085 - DAMXDaemon - INFO - Server listening on /var/run/DAMX.sock
2026-03-04 18:58:56,777 - DAMXDaemon - INFO - Processing command: get_supported_features with params: {}
2026-03-04 18:58:56,798 - DAMXDaemon - INFO - Processing command: get_all_settings with params: {}
                   2026-03-04 19:00:18,668 - DAMXDaemon - INFO - ** Starting DAMX-Daemon v0.4.6 **
2026-03-04 19:00:18,668 - DAMXDaemon - INFO - linuwu_sense module found. Proceeding with initialization.
2026-03-04 19:00:18,868 - DAMXDaemon - INFO - Detected laptop type: NITRO
2026-03-04 19:00:18,868 - DAMXDaemon - INFO - Base path: /sys/module/linuwu_sense/drivers/platform:acer-wmi/acer-wmi/nitro_sense
2026-03-04 19:00:18,868 - DAMXDaemon - INFO - Four-zone keyboard: No
2026-03-04 19:00:18,868 - DAMXDaemon - INFO - Available features: battery_calibration, fan_speed, battery_limiter, usb_charging, thermal_profile, backlight_timeout
2026-03-04 19:00:18,868 - DAMXDaemon - INFO - Driver Version: 25.701
2026-03-04 19:00:18,869 - DAMXDaemon - INFO - Log level set to INFO
2026-03-04 19:00:18,869 - DAMXDaemon - INFO - ** Starting DAMX-Daemon v0.4.6 **
2026-03-04 19:00:18,869 - DAMXDaemon - INFO - linuwu_sense module found. Proceeding with initialization.
2026-03-04 19:00:19,070 - DAMXDaemon - INFO - Detected laptop type: NITRO
2026-03-04 19:00:19,070 - DAMXDaemon - INFO - Base path: /sys/module/linuwu_sense/drivers/platform:acer-wmi/acer-wmi/nitro_sense
2026-03-04 19:00:19,070 - DAMXDaemon - INFO - Four-zone keyboard: No
2026-03-04 19:00:19,070 - DAMXDaemon - INFO - Available features: battery_calibration, fan_speed, battery_limiter, usb_charging, thermal_profile, backlight_timeout
2026-03-04 19:00:19,071 - DAMXDaemon - INFO - PowerSourceDetector initialized
2026-03-04 19:00:19,082 - DAMXDaemon - INFO - Switched to battery power
2026-03-04 19:00:19,082 - DAMXDaemon - INFO - Monitoring power source started
2026-03-04 19:00:19,082 - DAMXDaemon - INFO - Detected features: backlight_timeout, battery_calibration, battery_limiter, fan_speed, thermal_profile, usb_charging
2026-03-04 19:00:19,083 - DAMXDaemon - INFO - Monitoring power source started
2026-03-04 19:00:19,083 - DAMXDaemon - INFO - Server listening on /var/run/DAMX.sock
2026-03-04 19:25:54,385 - DAMXDaemon - INFO - Switched to AC power
2026-03-04 20:37:30,971 - DAMXDaemon - INFO - ** Starting DAMX-Daemon v0.4.6 **
2026-03-04 20:37:30,972 - DAMXDaemon - INFO - linuwu_sense module found. Proceeding with initialization.
2026-03-04 20:37:31,172 - DAMXDaemon - INFO - Detected laptop type: NITRO
2026-03-04 20:37:31,172 - DAMXDaemon - INFO - Base path: /sys/module/linuwu_sense/drivers/platform:acer-wmi/acer-wmi/nitro_sense
2026-03-04 20:37:31,172 - DAMXDaemon - INFO - Four-zone keyboard: No
2026-03-04 20:37:31,172 - DAMXDaemon - INFO - Available features: fan_speed, backlight_timeout, usb_charging, thermal_profile, battery_limiter, battery_calibration
2026-03-04 20:37:31,172 - DAMXDaemon - INFO - Driver Version: 25.701
2026-03-04 20:37:31,173 - DAMXDaemon - INFO - Log level set to INFO
2026-03-04 20:37:31,173 - DAMXDaemon - INFO - ** Starting DAMX-Daemon v0.4.6 **
2026-03-04 20:37:31,173 - DAMXDaemon - INFO - linuwu_sense module found. Proceeding with initialization.
2026-03-04 20:37:31,374 - DAMXDaemon - INFO - Detected laptop type: NITRO
2026-03-04 20:37:31,374 - DAMXDaemon - INFO - Base path: /sys/module/linuwu_sense/drivers/platform:acer-wmi/acer-wmi/nitro_sense
2026-03-04 20:37:31,374 - DAMXDaemon - INFO - Four-zone keyboard: No
2026-03-04 20:37:31,374 - DAMXDaemon - INFO - Available features: fan_speed, backlight_timeout, usb_charging, thermal_profile, battery_limiter, battery_calibration
2026-03-04 20:37:31,374 - DAMXDaemon - INFO - PowerSourceDetector initialized
2026-03-04 20:37:31,392 - DAMXDaemon - INFO - Switched to AC power
2026-03-04 20:37:31,393 - DAMXDaemon - INFO - Monitoring power source started
2026-03-04 20:37:31,393 - DAMXDaemon - INFO - Detected features: backlight_timeout, battery_calibration, battery_limiter, fan_speed, thermal_profile, usb_charging
2026-03-04 20:37:31,394 - DAMXDaemon - INFO - Monitoring power source started
2026-03-04 20:37:31,394 - DAMXDaemon - INFO - Server listening on /var/run/DAMX.sock
2026-03-04 21:13:37,104 - DAMXDaemon - INFO - Processing command: get_supported_features with params: {}
2026-03-04 21:13:37,125 - DAMXDaemon - INFO - Processing command: get_all_settings with params: {}
2026-03-04 21:44:25,796 - DAMXDaemon - INFO - ** Starting DAMX-Daemon v0.4.6 **
2026-03-04 21:44:25,796 - DAMXDaemon - INFO - linuwu_sense module found. Proceeding with initialization.
2026-03-04 21:44:25,996 - DAMXDaemon - INFO - Detected laptop type: NITRO
2026-03-04 21:44:25,996 - DAMXDaemon - INFO - Base path: /sys/module/linuwu_sense/drivers/platform:acer-wmi/acer-wmi/nitro_sense
2026-03-04 21:44:25,997 - DAMXDaemon - INFO - Four-zone keyboard: No
2026-03-04 21:44:25,997 - DAMXDaemon - INFO - Available features: battery_calibration, battery_limiter, thermal_profile, fan_speed, usb_charging, backlight_timeout
2026-03-04 21:44:25,997 - DAMXDaemon - INFO - Driver Version: 25.701
2026-03-04 21:44:25,998 - DAMXDaemon - INFO - Log level set to INFO
2026-03-04 21:44:25,998 - DAMXDaemon - INFO - ** Starting DAMX-Daemon v0.4.6 **
2026-03-04 21:44:25,998 - DAMXDaemon - INFO - linuwu_sense module found. Proceeding with initialization.
2026-03-04 21:44:26,198 - DAMXDaemon - INFO - Detected laptop type: NITRO
2026-03-04 21:44:26,198 - DAMXDaemon - INFO - Base path: /sys/module/linuwu_sense/drivers/platform:acer-wmi/acer-wmi/nitro_sense
2026-03-04 21:44:26,198 - DAMXDaemon - INFO - Four-zone keyboard: No
2026-03-04 21:44:26,198 - DAMXDaemon - INFO - Available features: battery_calibration, battery_limiter, thermal_profile, fan_speed, usb_charging, backlight_timeout
2026-03-04 21:44:26,198 - DAMXDaemon - INFO - PowerSourceDetector initialized
2026-03-04 21:44:26,210 - DAMXDaemon - INFO - Switched to AC power
2026-03-04 21:44:26,210 - DAMXDaemon - INFO - Monitoring power source started
2026-03-04 21:44:26,211 - DAMXDaemon - INFO - Detected features: backlight_timeout, battery_calibration, battery_limiter, fan_speed, thermal_profile, usb_charging
2026-03-04 21:44:26,211 - DAMXDaemon - INFO - Monitoring power source started
2026-03-04 21:44:26,211 - DAMXDaemon - INFO - Server listening on /var/run/DAMX.sock
2026-03-04 21:45:13,807 - DAMXDaemon - INFO - Processing command: get_supported_features with params: {}
2026-03-04 21:45:13,826 - DAMXDaemon - INFO - Processing command: get_all_settings with params: {}
2026-03-04 21:45:21,282 - DAMXDaemon - INFO - Processing command: set_fan_speed with params: {'cpu': 100, 'gpu': 100}
2026-03-04 21:49:04,057 - DAMXDaemon - INFO - Processing command: get_supported_features with params: {}
2026-03-04 21:49:04,083 - DAMXDaemon - INFO - Processing command: get_all_settings with params: {}
2026-03-04 21:49:12,525 - DAMXDaemon - INFO - Processing command: set_fan_speed with params: {'cpu': 50, 'gpu': 50}
2026-03-04 21:49:12,601 - DAMXDaemon - INFO - Processing command: set_fan_speed with params: {'cpu': 50, 'gpu': 50}
2026-03-04 22:05:14,000 - DAMXDaemon - INFO - Processing command: set_fan_speed with params: {'cpu': 0, 'gpu': 0}
2026-03-04 22:05:14,022 - DAMXDaemon - INFO - Processing command: get_all_settings with params: {}
2026-03-05 07:18:29,284 - DAMXDaemon - INFO - Switched to battery power
2026-03-05 10:36:42,712 - DAMXDaemon - INFO - Processing command: get_supported_features with params: {}
2026-03-05 10:36:42,737 - DAMXDaemon - INFO - Processing command: get_all_settings with params: {}
2026-03-05 10:36:47,577 - DAMXDaemon - INFO - Processing command: set_thermal_profile with params: {'profile': 'low-power'}
2026-03-05 10:36:48,625 - DAMXDaemon - INFO - Processing command: get_all_settings with params: {}
2026-03-05 10:38:34,869 - DAMXDaemon - INFO - Processing command: get_supported_features with params: {}
2026-03-05 10:38:34,891 - DAMXDaemon - INFO - Processing command: get_all_settings with params: {}
2026-03-05 10:38:35,070 - DAMXDaemon - INFO - Processing command: set_thermal_profile with params: {'profile': 'low-power'}
2026-03-05 10:38:36,122 - DAMXDaemon - INFO - Processing command: get_all_settings with params: {}
2026-03-05 10:38:44,697 - DAMXDaemon - INFO - Processing command: set_fan_speed with params: {'cpu': 0, 'gpu': 0}
2026-03-05 10:38:44,715 - DAMXDaemon - INFO - Processing command: set_fan_speed with params: {'cpu': 0, 'gpu': 0}
2026-03-05 10:38:50,071 - DAMXDaemon - INFO - Processing command: set_fan_speed with params: {'cpu': 0, 'gpu': 0}
2026-03-05 10:38:50,092 - DAMXDaemon - INFO - Processing command: set_fan_speed with params: {'cpu': 0, 'gpu': 0}
2026-03-05 10:38:50,251 - DAMXDaemon - INFO - Processing command: set_fan_speed with params: {'cpu': 0, 'gpu': 0}
2026-03-05 10:38:50,270 - DAMXDaemon - INFO - Processing command: set_fan_speed with params: {'cpu': 0, 'gpu': 0}
2026-03-05 10:48:56,888 - DAMXDaemon - INFO - Processing command: set_fan_speed with params: {'cpu': 100, 'gpu': 100}
2026-03-05 10:48:59,894 - DAMXDaemon - INFO - Processing command: set_fan_speed with params: {'cpu': 0, 'gpu': 0}
2026-03-05 10:48:59,918 - DAMXDaemon - INFO - Processing command: get_all_settings with params: {}
2026-03-05 10:49:00,033 - DAMXDaemon - INFO - Processing command: set_thermal_profile with params: {'profile': 'balanced'}
2026-03-05 10:49:01,062 - DAMXDaemon - INFO - Processing command: get_all_settings with params: {}
2026-03-05 10:49:03,247 - DAMXDaemon - INFO - Processing command: set_thermal_profile with params: {'profile': 'low-power'}
2026-03-05 10:49:04,293 - DAMXDaemon - INFO - Processing command: get_all_settings with params: {}
2026-03-05 16:36:16,880 - DAMXDaemon - INFO - Processing command: get_supported_features with params: {}
2026-03-05 16:36:16,901 - DAMXDaemon - INFO - Processing command: get_all_settings with params: {}
2026-03-05 16:36:34,100 - DAMXDaemon - INFO - Switched to AC power
2026-03-05 17:50:50,327 - DAMXDaemon - INFO - Switched to battery power
2026-03-05 19:20:50,441 - DAMXDaemon - INFO - Switched to AC power
2026-03-05 19:31:22,646 - DAMXDaemon - INFO - Received signal 15, shutting down...
2026-03-05 19:31:22,647 - DAMXDaemon - INFO - Received signal 15, shutting down...
2026-03-05 19:31:23,192 - DAMXDaemon - INFO - Cleaning up resources...
2026-03-05 19:31:23,192 - DAMXDaemon - INFO - Stopping server...
2026-03-05 19:31:23,192 - DAMXDaemon - INFO - Removed socket file: /var/run/DAMX.sock
2026-03-05 19:31:23,192 - DAMXDaemon - INFO - Daemon stopped
2026-03-05 19:31:38,546 - DAMXDaemon - INFO - ** Starting DAMX-Daemon v0.4.6 **
2026-03-05 19:31:38,547 - DAMXDaemon - INFO - linuwu_sense module found. Proceeding with initialization.
2026-03-05 19:31:38,747 - DAMXDaemon - INFO - Detected laptop type: NITRO
2026-03-05 19:31:38,747 - DAMXDaemon - INFO - Base path: /sys/module/linuwu_sense/drivers/platform:acer-wmi/acer-wmi/nitro_sense
2026-03-05 19:31:38,747 - DAMXDaemon - INFO - Four-zone keyboard: No
2026-03-05 19:31:38,747 - DAMXDaemon - INFO - Available features: backlight_timeout, thermal_profile, usb_charging, fan_speed, battery_calibration, battery_limiter
2026-03-05 19:31:38,748 - DAMXDaemon - INFO - Driver Version: 25.701
2026-03-05 19:31:38,749 - DAMXDaemon - INFO - Log level set to INFO
2026-03-05 19:31:38,749 - DAMXDaemon - INFO - ** Starting DAMX-Daemon v0.4.6 **
2026-03-05 19:31:38,749 - DAMXDaemon - INFO - linuwu_sense module found. Proceeding with initialization.
2026-03-05 19:31:38,949 - DAMXDaemon - INFO - Detected laptop type: NITRO
2026-03-05 19:31:38,949 - DAMXDaemon - INFO - Base path: /sys/module/linuwu_sense/drivers/platform:acer-wmi/acer-wmi/nitro_sense
2026-03-05 19:31:38,949 - DAMXDaemon - INFO - Four-zone keyboard: No
2026-03-05 19:31:38,949 - DAMXDaemon - INFO - Available features: backlight_timeout, thermal_profile, usb_charging, fan_speed, battery_calibration, battery_limiter
2026-03-05 19:31:38,949 - DAMXDaemon - INFO - PowerSourceDetector initialized
2026-03-05 19:31:38,964 - DAMXDaemon - INFO - Switched to AC power
2026-03-05 19:31:38,964 - DAMXDaemon - INFO - Monitoring power source started
2026-03-05 19:31:38,965 - DAMXDaemon - INFO - Detected features: backlight_timeout, battery_calibration, battery_limiter, fan_speed, thermal_profile, usb_charging
2026-03-05 19:31:38,966 - DAMXDaemon - INFO - Monitoring power source started
2026-03-05 19:31:38,966 - DAMXDaemon - INFO - Server listening on /var/run/DAMX.sock
2026-03-05 19:31:57,106 - DAMXDaemon - INFO - Processing command: get_supported_features with params: {}
2026-03-05 19:31:57,134 - DAMXDaemon - INFO - Processing command: get_all_settings with params: {}
2026-03-05 19:36:29,056 - DAMXDaemon - INFO - Switched to battery power
2026-03-05 19:37:09,091 - DAMXDaemon - INFO - Switched to AC power
                                                                                   2026-03-05 19:38:04,699 - DAMXDaemon - INFO - ** Starting DAMX-Daemon v0.4.6 **
2026-03-05 19:38:04,699 - DAMXDaemon - INFO - linuwu_sense module found. Proceeding with initialization.
2026-03-05 19:38:04,899 - DAMXDaemon - INFO - Detected laptop type: NITRO
2026-03-05 19:38:04,899 - DAMXDaemon - INFO - Base path: /sys/module/linuwu_sense/drivers/platform:acer-wmi/acer-wmi/nitro_sense
2026-03-05 19:38:04,899 - DAMXDaemon - INFO - Four-zone keyboard: No
2026-03-05 19:38:04,900 - DAMXDaemon - INFO - Available features: usb_charging, backlight_timeout, thermal_profile, battery_limiter, battery_calibration, fan_speed
2026-03-05 19:38:04,900 - DAMXDaemon - INFO - Driver Version: 25.701
2026-03-05 19:38:04,901 - DAMXDaemon - INFO - Log level set to INFO
2026-03-05 19:38:04,901 - DAMXDaemon - INFO - ** Starting DAMX-Daemon v0.4.6 **
2026-03-05 19:38:04,901 - DAMXDaemon - INFO - linuwu_sense module found. Proceeding with initialization.
2026-03-05 19:38:05,101 - DAMXDaemon - INFO - Detected laptop type: NITRO
2026-03-05 19:38:05,102 - DAMXDaemon - INFO - Base path: /sys/module/linuwu_sense/drivers/platform:acer-wmi/acer-wmi/nitro_sense
2026-03-05 19:38:05,102 - DAMXDaemon - INFO - Four-zone keyboard: No
2026-03-05 19:38:05,102 - DAMXDaemon - INFO - Available features: usb_charging, backlight_timeout, thermal_profile, battery_limiter, battery_calibration, fan_speed
2026-03-05 19:38:05,102 - DAMXDaemon - INFO - PowerSourceDetector initialized
2026-03-05 19:38:05,120 - DAMXDaemon - INFO - Switched to AC power
2026-03-05 19:38:05,121 - DAMXDaemon - INFO - Monitoring power source started
2026-03-05 19:38:05,121 - DAMXDaemon - INFO - Detected features: backlight_timeout, battery_calibration, battery_limiter, fan_speed, thermal_profile, usb_charging
2026-03-05 19:38:05,122 - DAMXDaemon - INFO - Monitoring power source started
2026-03-05 19:38:05,122 - DAMXDaemon - INFO - Server listening on /var/run/DAMX.sock
2026-03-05 19:38:15,139 - DAMXDaemon - INFO - Switched to battery power
2026-03-05 19:38:20,165 - DAMXDaemon - INFO - Switched to AC power
2026-03-05 19:38:40,001 - DAMXDaemon - INFO - Processing command: get_supported_features with params: {}
2026-03-05 19:38:40,025 - DAMXDaemon - INFO - Processing command: get_all_settings with params: {}
2026-03-05 19:50:50,383 - DAMXDaemon - INFO - Switched to battery power
2026-03-05 19:51:30,413 - DAMXDaemon - INFO - Switched to AC power
2026-03-05 19:52:35,450 - DAMXDaemon - INFO - Switched to battery power
2026-03-05 19:52:40,474 - DAMXDaemon - INFO - Switched to AC power
2026-03-05 20:45:13,888 - DAMXDaemon - INFO - Received signal 15, shutting down...
2026-03-05 20:45:13,888 - DAMXDaemon - INFO - Received signal 15, shutting down...
2026-03-05 20:45:14,856 - DAMXDaemon - INFO - Cleaning up resources...
2026-03-05 20:45:14,856 - DAMXDaemon - INFO - Stopping server...
2026-03-05 20:45:14,856 - DAMXDaemon - INFO - Removed socket file: /var/run/DAMX.sock
2026-03-05 20:45:14,857 - DAMXDaemon - INFO - Daemon stopped
2026-03-06 03:20:50,551 - DAMXDaemon - INFO - ** Starting DAMX-Daemon v0.4.6 **
2026-03-06 03:20:50,552 - DAMXDaemon - INFO - linuwu_sense module found. Proceeding with initialization.
2026-03-06 03:20:50,752 - DAMXDaemon - INFO - Detected laptop type: NITRO
2026-03-06 03:20:50,753 - DAMXDaemon - INFO - Base path: /sys/module/linuwu_sense/drivers/platform:acer-wmi/acer-wmi/nitro_sense
2026-03-06 03:20:50,753 - DAMXDaemon - INFO - Four-zone keyboard: No
2026-03-06 03:20:50,753 - DAMXDaemon - INFO - Available features: fan_speed, backlight_timeout, battery_calibration, usb_charging, thermal_profile, battery_limiter
2026-03-06 03:20:50,753 - DAMXDaemon - INFO - Driver Version: 25.701
2026-03-06 03:20:50,754 - DAMXDaemon - INFO - Log level set to INFO
2026-03-06 03:20:50,754 - DAMXDaemon - INFO - ** Starting DAMX-Daemon v0.4.6 **
2026-03-06 03:20:50,754 - DAMXDaemon - INFO - linuwu_sense module found. Proceeding with initialization.
2026-03-06 03:20:50,954 - DAMXDaemon - INFO - Detected laptop type: NITRO
2026-03-06 03:20:50,955 - DAMXDaemon - INFO - Base path: /sys/module/linuwu_sense/drivers/platform:acer-wmi/acer-wmi/nitro_sense
2026-03-06 03:20:50,955 - DAMXDaemon - INFO - Four-zone keyboard: No
2026-03-06 03:20:50,955 - DAMXDaemon - INFO - Available features: fan_speed, backlight_timeout, battery_calibration, usb_charging, thermal_profile, battery_limiter
2026-03-06 03:20:50,955 - DAMXDaemon - INFO - PowerSourceDetector initialized
2026-03-06 03:20:50,969 - DAMXDaemon - INFO - Switched to AC power
2026-03-06 03:20:50,969 - DAMXDaemon - INFO - Monitoring power source started
2026-03-06 03:20:50,970 - DAMXDaemon - INFO - Detected features: backlight_timeout, battery_calibration, battery_limiter, fan_speed, thermal_profile, usb_charging
2026-03-06 03:20:50,970 - DAMXDaemon - INFO - Monitoring power source started
2026-03-06 03:20:50,971 - DAMXDaemon - INFO - Server listening on /var/run/DAMX.sock
2026-03-06 03:22:41,467 - DAMXDaemon - INFO - Processing command: get_supported_features with params: {}
2026-03-06 03:22:41,490 - DAMXDaemon - INFO - Processing command: get_all_settings with params: {}
2026-03-06 22:49:24,010 - DAMXDaemon - INFO - Switched to battery power
2026-03-06 22:51:05,302 - DAMXDaemon - INFO - Processing command: get_supported_features with params: {}
2026-03-06 22:51:05,332 - DAMXDaemon - INFO - Processing command: get_all_settings with params: {}
2026-03-06 22:51:08,972 - DAMXDaemon - INFO - Processing command: set_fan_speed with params: {'cpu': 100, 'gpu': 100}
2026-03-06 22:51:15,833 - DAMXDaemon - INFO - Processing command: set_fan_speed with params: {'cpu': 0, 'gpu': 0}
2026-03-06 22:51:15,857 - DAMXDaemon - INFO - Processing command: get_all_settings with params: {}
2026-03-06 19:45:13,785 - DAMXDaemon - INFO - Switched to AC power
2026-03-06 21:54:35,800 - DAMXDaemon - INFO - Switched to battery power
2026-03-06 21:59:50,912 - DAMXDaemon - INFO - Switched to AC power
2026-03-07 08:42:49,996 - DAMXDaemon - INFO - Switched to battery power
2026-03-07 09:21:46,616 - DAMXDaemon - INFO - Switched to AC power
2026-03-07 14:50:26,626 - DAMXDaemon - INFO - Switched to battery power
2026-03-07 15:06:11,869 - DAMXDaemon - INFO - Switched to AC power
2026-03-07 17:05:59,953 - DAMXDaemon - INFO - Processing command: get_supported_features with params: {}
2026-03-07 17:05:59,976 - DAMXDaemon - INFO - Processing command: get_all_settings with params: {}
2026-03-07 17:06:04,560 - DAMXDaemon - INFO - Processing command: set_fan_speed with params: {'cpu': 100, 'gpu': 100}
2026-03-07 17:09:58,861 - DAMXDaemon - INFO - Processing command: get_supported_features with params: {}
2026-03-07 17:09:58,884 - DAMXDaemon - INFO - Processing command: get_all_settings with params: {}
2026-03-07 17:24:11,039 - DAMXDaemon - INFO - Processing command: set_fan_speed with params: {'cpu': 0, 'gpu': 0}
2026-03-07 17:24:11,065 - DAMXDaemon - INFO - Processing command: get_all_settings with params: {}
2026-03-07 17:46:54,982 - DAMXDaemon - INFO - Switched to battery power
2026-03-07 17:46:58,785 - DAMXDaemon - INFO - Processing command: get_supported_features with params: {}
2026-03-07 17:46:58,809 - DAMXDaemon - INFO - Processing command: get_all_settings with params: {}
2026-03-07 18:59:57,104 - DAMXDaemon - INFO - Switched to AC power
2026-03-07 21:16:13,883 - DAMXDaemon - INFO - Switched to battery power
2026-03-08 11:31:22,027 - DAMXDaemon - INFO - Switched to AC power
2026-03-08 13:35:45,018 - DAMXDaemon - INFO - Switched to battery power
2026-03-08 14:06:57,113 - DAMXDaemon - INFO - Switched to AC power
2026-03-08 18:43:23,523 - DAMXDaemon - INFO - Switched to battery power
2026-03-08 19:22:33,969 - DAMXDaemon - INFO - Switched to AC power
2026-03-09 12:04:39,766 - DAMXDaemon - INFO - Switched to battery power
2026-03-09 13:12:34,257 - DAMXDaemon - INFO - Processing command: get_supported_features with params: {}
2026-03-09 13:12:34,285 - DAMXDaemon - INFO - Processing command: get_all_settings with params: {}
2026-03-09 13:12:37,319 - DAMXDaemon - INFO - Processing command: set_thermal_profile with params: {'profile': 'low-power'}
2026-03-09 15:32:55,742 - DAMXDaemon - INFO - Switched to AC power
2026-03-09 15:33:28,213 - DAMXDaemon - INFO - Received signal 15, shutting down...
2026-03-09 15:33:28,213 - DAMXDaemon - INFO - Received signal 15, shutting down...
2026-03-09 15:33:28,738 - DAMXDaemon - INFO - Cleaning up resources...
2026-03-09 15:33:28,739 - DAMXDaemon - INFO - Stopping server...
2026-03-09 15:33:28,739 - DAMXDaemon - INFO - Removed socket file: /var/run/DAMX.sock
2026-03-09 15:33:28,739 - DAMXDaemon - INFO - Daemon stopped
2026-03-09 18:11:03,654 - DAMXDaemon - INFO - ** Starting DAMX-Daemon v0.4.6 **
2026-03-09 18:11:03,654 - DAMXDaemon - INFO - linuwu_sense module found. Proceeding with initialization.
2026-03-09 18:11:03,855 - DAMXDaemon - INFO - Detected laptop type: NITRO
2026-03-09 18:11:03,855 - DAMXDaemon - INFO - Base path: /sys/module/linuwu_sense/drivers/platform:acer-wmi/acer-wmi/nitro_sense
2026-03-09 18:11:03,855 - DAMXDaemon - INFO - Four-zone keyboard: No
2026-03-09 18:11:03,855 - DAMXDaemon - INFO - Available features: backlight_timeout, battery_calibration, fan_speed, thermal_profile, battery_limiter, usb_charging
2026-03-09 18:11:03,855 - DAMXDaemon - INFO - Driver Version: 25.701
2026-03-09 18:11:03,856 - DAMXDaemon - INFO - Log level set to INFO
2026-03-09 18:11:03,856 - DAMXDaemon - INFO - ** Starting DAMX-Daemon v0.4.6 **
2026-03-09 18:11:03,856 - DAMXDaemon - INFO - linuwu_sense module found. Proceeding with initialization.
2026-03-09 18:11:04,057 - DAMXDaemon - INFO - Detected laptop type: NITRO
2026-03-09 18:11:04,057 - DAMXDaemon - INFO - Base path: /sys/module/linuwu_sense/drivers/platform:acer-wmi/acer-wmi/nitro_sense
2026-03-09 18:11:04,057 - DAMXDaemon - INFO - Four-zone keyboard: No
2026-03-09 18:11:04,057 - DAMXDaemon - INFO - Available features: backlight_timeout, battery_calibration, fan_speed, thermal_profile, battery_limiter, usb_charging
2026-03-09 18:11:04,057 - DAMXDaemon - INFO - PowerSourceDetector initialized
2026-03-09 18:11:04,069 - DAMXDaemon - INFO - Switched to AC power
2026-03-09 18:11:04,070 - DAMXDaemon - INFO - Monitoring power source started
2026-03-09 18:11:04,070 - DAMXDaemon - INFO - Detected features: backlight_timeout, battery_calibration, battery_limiter, fan_speed, thermal_profile, usb_charging
2026-03-09 18:11:04,071 - DAMXDaemon - INFO - Monitoring power source started
2026-03-09 18:11:04,071 - DAMXDaemon - INFO - Server listening on /var/run/DAMX.sock
2026-03-09 18:11:51,491 - DAMXDaemon - INFO - Processing command: get_supported_features with params: {}
2026-03-09 18:11:51,513 - DAMXDaemon - INFO - Processing command: get_all_settings with params: {}
2026-03-09 18:12:05,797 - DAMXDaemon - INFO - Processing command: set_fan_speed with params: {'cpu': 100, 'gpu': 100}
2026-03-09 18:12:06,344 - DAMXDaemon - INFO - Processing command: set_fan_speed with params: {'cpu': 100, 'gpu': 100}
2026-03-09 18:13:13,842 - DAMXDaemon - INFO - Processing command: get_supported_features with params: {}
2026-03-09 18:13:13,862 - DAMXDaemon - INFO - Processing command: get_all_settings with params: {}
2026-03-09 18:13:32,942 - DAMXDaemon - INFO - Processing command: get_supported_features with params: {}
2026-03-09 18:13:32,964 - DAMXDaemon - INFO - Processing command: get_all_settings with params: {}
2026-03-09 18:13:38,294 - DAMXDaemon - INFO - Processing command: set_fan_speed with params: {'cpu': 0, 'gpu': 0}
2026-03-09 18:13:38,313 - DAMXDaemon - INFO - Processing command: get_all_settings with params: {}
2026-03-09 21:43:07,856 - DAMXDaemon - INFO - Processing command: get_supported_features with params: {}
2026-03-09 21:43:07,862 - DAMXDaemon - INFO - Processing command: get_all_settings with params: {}
2026-03-09 21:43:18,991 - DAMXDaemon - INFO - Processing command: set_fan_speed with params: {'cpu': 50, 'gpu': 50}
2026-03-09 21:43:19,007 - DAMXDaemon - INFO - Processing command: set_fan_speed with params: {'cpu': 50, 'gpu': 50}
2026-03-10 14:35:57,940 - DAMXDaemon - INFO - Switched to battery power
2026-03-10 15:24:22,558 - DAMXDaemon - INFO - Received signal 15, shutting down...
2026-03-10 15:24:23,212 - DAMXDaemon - INFO - Cleaning up resources...
2026-03-10 15:24:23,213 - DAMXDaemon - INFO - Stopping server...
2026-03-10 15:24:23,213 - DAMXDaemon - INFO - Removed socket file: /var/run/DAMX.sock
2026-03-10 15:24:23,213 - DAMXDaemon - INFO - Daemon stopped
2026-03-10 23:00:24,548 - DAMXDaemon - INFO - ** Starting DAMX-Daemon v0.4.6 **
2026-03-10 23:00:24,548 - DAMXDaemon - INFO - linuwu_sense module found. Proceeding with initialization.
2026-03-10 23:00:24,749 - DAMXDaemon - INFO - Detected laptop type: NITRO
2026-03-10 23:00:24,749 - DAMXDaemon - INFO - Base path: /sys/module/linuwu_sense/drivers/platform:acer-wmi/acer-wmi/nitro_sense
2026-03-10 23:00:24,749 - DAMXDaemon - INFO - Four-zone keyboard: No
2026-03-10 23:00:24,749 - DAMXDaemon - INFO - Available features: battery_limiter, thermal_profile, battery_calibration, usb_charging, fan_speed, backlight_timeout
2026-03-10 23:00:24,749 - DAMXDaemon - INFO - Driver Version: 25.701
2026-03-10 23:00:24,751 - DAMXDaemon - INFO - Log level set to INFO
2026-03-10 23:00:24,751 - DAMXDaemon - INFO - ** Starting DAMX-Daemon v0.4.6 **
2026-03-10 23:00:24,751 - DAMXDaemon - INFO - linuwu_sense module found. Proceeding with initialization.
2026-03-10 23:00:24,951 - DAMXDaemon - INFO - Detected laptop type: NITRO
2026-03-10 23:00:24,951 - DAMXDaemon - INFO - Base path: /sys/module/linuwu_sense/drivers/platform:acer-wmi/acer-wmi/nitro_sense
2026-03-10 23:00:24,951 - DAMXDaemon - INFO - Four-zone keyboard: No
2026-03-10 23:00:24,951 - DAMXDaemon - INFO - Available features: battery_limiter, thermal_profile, battery_calibration, usb_charging, fan_speed, backlight_timeout
2026-03-10 23:00:24,951 - DAMXDaemon - INFO - PowerSourceDetector initialized
2026-03-10 23:00:24,964 - DAMXDaemon - INFO - Switched to AC power
2026-03-10 23:00:24,965 - DAMXDaemon - INFO - Monitoring power source started
2026-03-10 23:00:24,965 - DAMXDaemon - INFO - Detected features: backlight_timeout, battery_calibration, battery_limiter, fan_speed, thermal_profile, usb_charging
2026-03-10 23:00:24,966 - DAMXDaemon - INFO - Monitoring power source started
2026-03-10 23:00:24,966 - DAMXDaemon - INFO - Server listening on /var/run/DAMX.sock
2026-03-10 23:01:32,591 - DAMXDaemon - INFO - Processing command: get_supported_features with params: {}
2026-03-10 23:01:32,598 - DAMXDaemon - INFO - Processing command: get_all_settings with params: {}
2026-03-10 23:10:37,807 - DAMXDaemon - INFO - Received signal 15, shutting down...
2026-03-10 23:10:38,171 - DAMXDaemon - INFO - Cleaning up resources...
2026-03-10 23:10:38,171 - DAMXDaemon - INFO - Stopping server...
2026-03-10 23:10:38,171 - DAMXDaemon - INFO - Removed socket file: /var/run/DAMX.sock
2026-03-10 23:10:38,171 - DAMXDaemon - INFO - Daemon stopped
2026-03-10 23:19:31,501 - DAMXDaemon - INFO - ** Starting DAMX-Daemon v0.4.6 **
2026-03-10 23:19:31,502 - DAMXDaemon - INFO - linuwu_sense module found. Proceeding with initialization.
2026-03-10 23:19:31,702 - DAMXDaemon - INFO - Detected laptop type: NITRO
2026-03-10 23:19:31,702 - DAMXDaemon - INFO - Base path: /sys/module/linuwu_sense/drivers/platform:acer-wmi/acer-wmi/nitro_sense
2026-03-10 23:19:31,702 - DAMXDaemon - INFO - Four-zone keyboard: No
2026-03-10 23:19:31,702 - DAMXDaemon - INFO - Available features: backlight_timeout, usb_charging, thermal_profile, battery_calibration, battery_limiter, fan_speed
2026-03-10 23:19:31,702 - DAMXDaemon - INFO - Driver Version: 25.701
2026-03-10 23:19:31,703 - DAMXDaemon - INFO - Log level set to INFO
2026-03-10 23:19:31,703 - DAMXDaemon - INFO - ** Starting DAMX-Daemon v0.4.6 **
2026-03-10 23:19:31,703 - DAMXDaemon - INFO - linuwu_sense module found. Proceeding with initialization.
2026-03-10 23:19:31,904 - DAMXDaemon - INFO - Detected laptop type: NITRO
2026-03-10 23:19:31,904 - DAMXDaemon - INFO - Base path: /sys/module/linuwu_sense/drivers/platform:acer-wmi/acer-wmi/nitro_sense
2026-03-10 23:19:31,904 - DAMXDaemon - INFO - Four-zone keyboard: No
2026-03-10 23:19:31,904 - DAMXDaemon - INFO - Available features: backlight_timeout, usb_charging, thermal_profile, battery_calibration, battery_limiter, fan_speed
2026-03-10 23:19:31,904 - DAMXDaemon - INFO - PowerSourceDetector initialized
2026-03-10 23:19:31,919 - DAMXDaemon - INFO - Switched to battery power
2026-03-10 23:19:31,919 - DAMXDaemon - INFO - Monitoring power source started
2026-03-10 23:19:31,920 - DAMXDaemon - INFO - Detected features: backlight_timeout, battery_calibration, battery_limiter, fan_speed, thermal_profile, usb_charging
2026-03-10 23:19:31,921 - DAMXDaemon - INFO - Monitoring power source started
2026-03-10 23:19:31,921 - DAMXDaemon - INFO - Server listening on /var/run/DAMX.sock
2026-03-10 23:20:34,880 - DAMXDaemon - INFO - Processing command: get_supported_features with params: {}
2026-03-10 23:20:34,888 - DAMXDaemon - INFO - Processing command: get_all_settings with params: {}
                                                                                                                                                                                                                                                                                                                                                                              2026-03-10 23:21:11,804 - DAMXDaemon - INFO - ** Starting DAMX-Daemon v0.4.6 **
2026-03-10 23:21:11,805 - DAMXDaemon - INFO - linuwu_sense module found. Proceeding with initialization.
2026-03-10 23:21:12,005 - DAMXDaemon - INFO - Detected laptop type: NITRO
2026-03-10 23:21:12,005 - DAMXDaemon - INFO - Base path: /sys/module/linuwu_sense/drivers/platform:acer-wmi/acer-wmi/nitro_sense
2026-03-10 23:21:12,005 - DAMXDaemon - INFO - Four-zone keyboard: No
2026-03-10 23:21:12,005 - DAMXDaemon - INFO - Available features: thermal_profile, battery_calibration, backlight_timeout, fan_speed, usb_charging, battery_limiter
2026-03-10 23:21:12,005 - DAMXDaemon - INFO - Driver Version: 25.701
2026-03-10 23:21:12,007 - DAMXDaemon - INFO - Log level set to INFO
2026-03-10 23:21:12,007 - DAMXDaemon - INFO - ** Starting DAMX-Daemon v0.4.6 **
2026-03-10 23:21:12,007 - DAMXDaemon - INFO - linuwu_sense module found. Proceeding with initialization.
2026-03-10 23:21:12,207 - DAMXDaemon - INFO - Detected laptop type: NITRO
2026-03-10 23:21:12,207 - DAMXDaemon - INFO - Base path: /sys/module/linuwu_sense/drivers/platform:acer-wmi/acer-wmi/nitro_sense
2026-03-10 23:21:12,207 - DAMXDaemon - INFO - Four-zone keyboard: No
2026-03-10 23:21:12,208 - DAMXDaemon - INFO - Available features: thermal_profile, battery_calibration, backlight_timeout, fan_speed, usb_charging, battery_limiter
2026-03-10 23:21:12,208 - DAMXDaemon - INFO - PowerSourceDetector initialized
2026-03-10 23:21:12,220 - DAMXDaemon - INFO - Switched to battery power
2026-03-10 23:21:12,221 - DAMXDaemon - INFO - Monitoring power source started
2026-03-10 23:21:12,221 - DAMXDaemon - INFO - Detected features: backlight_timeout, battery_calibration, battery_limiter, fan_speed, thermal_profile, usb_charging
2026-03-10 23:21:12,222 - DAMXDaemon - INFO - Monitoring power source started
2026-03-10 23:21:12,222 - DAMXDaemon - INFO - Server listening on /var/run/DAMX.sock
2026-03-10 23:22:06,713 - DAMXDaemon - INFO - Processing command: get_supported_features with params: {}
2026-03-10 23:22:06,722 - DAMXDaemon - INFO - Processing command: get_all_settings with params: {}
2026-03-10 23:22:12,085 - DAMXDaemon - INFO - Processing command: set_fan_speed with params: {'cpu': 100, 'gpu': 100}
2026-03-10 23:24:07,260 - DAMXDaemon - INFO - Switched to AC power
2026-03-10 23:25:27,426 - DAMXDaemon - INFO - Processing command: set_fan_speed with params: {'cpu': 0, 'gpu': 0}
2026-03-10 23:25:27,432 - DAMXDaemon - INFO - Processing command: get_all_settings with params: {}
2026-03-10 23:25:43,574 - DAMXDaemon - INFO - Received signal 15, shutting down...
2026-03-10 23:25:43,574 - DAMXDaemon - INFO - Received signal 15, shutting down...
2026-03-10 23:25:43,925 - DAMXDaemon - INFO - Cleaning up resources...
2026-03-10 23:25:43,925 - DAMXDaemon - INFO - Stopping server...
2026-03-10 23:25:43,925 - DAMXDaemon - INFO - Removed socket file: /var/run/DAMX.sock
2026-03-10 23:25:43,925 - DAMXDaemon - INFO - Daemon stopped
2026-03-10 23:28:12,594 - DAMXDaemon - INFO - ** Starting DAMX-Daemon v0.4.6 **
2026-03-10 23:28:12,595 - DAMXDaemon - INFO - linuwu_sense module found. Proceeding with initialization.
2026-03-10 23:28:12,795 - DAMXDaemon - INFO - Detected laptop type: NITRO
2026-03-10 23:28:12,795 - DAMXDaemon - INFO - Base path: /sys/module/linuwu_sense/drivers/platform:acer-wmi/acer-wmi/nitro_sense
2026-03-10 23:28:12,796 - DAMXDaemon - INFO - Four-zone keyboard: No
2026-03-10 23:28:12,796 - DAMXDaemon - INFO - Available features: battery_limiter, usb_charging, backlight_timeout, thermal_profile, battery_calibration, fan_speed
2026-03-10 23:28:12,796 - DAMXDaemon - INFO - Driver Version: 25.701
2026-03-10 23:28:12,798 - DAMXDaemon - INFO - Log level set to INFO
2026-03-10 23:28:12,798 - DAMXDaemon - INFO - ** Starting DAMX-Daemon v0.4.6 **
2026-03-10 23:28:12,798 - DAMXDaemon - INFO - linuwu_sense module found. Proceeding with initialization.
2026-03-10 23:28:12,999 - DAMXDaemon - INFO - Detected laptop type: NITRO
2026-03-10 23:28:12,999 - DAMXDaemon - INFO - Base path: /sys/module/linuwu_sense/drivers/platform:acer-wmi/acer-wmi/nitro_sense
2026-03-10 23:28:12,999 - DAMXDaemon - INFO - Four-zone keyboard: No
2026-03-10 23:28:12,999 - DAMXDaemon - INFO - Available features: battery_limiter, usb_charging, backlight_timeout, thermal_profile, battery_calibration, fan_speed
2026-03-10 23:28:12,999 - DAMXDaemon - INFO - PowerSourceDetector initialized
2026-03-10 23:28:13,014 - DAMXDaemon - INFO - Switched to battery power
2026-03-10 23:28:13,014 - DAMXDaemon - INFO - Monitoring power source started
2026-03-10 23:28:13,014 - DAMXDaemon - INFO - Detected features: backlight_timeout, battery_calibration, battery_limiter, fan_speed, thermal_profile, usb_charging
2026-03-10 23:28:13,015 - DAMXDaemon - INFO - Monitoring power source started
2026-03-10 23:28:13,015 - DAMXDaemon - INFO - Server listening on /var/run/DAMX.sock
2026-03-10 23:28:49,125 - DAMXDaemon - INFO - Processing command: get_supported_features with params: {}
2026-03-10 23:28:49,134 - DAMXDaemon - INFO - Processing command: get_all_settings with params: {}
                                                                                                                                                                                                                                                                                                                                                                                                                                                                 2026-03-10 23:29:49,676 - DAMXDaemon - INFO - ** Starting DAMX-Daemon v0.4.6 **
2026-03-10 23:29:49,677 - DAMXDaemon - INFO - linuwu_sense module found. Proceeding with initialization.
2026-03-10 23:29:49,877 - DAMXDaemon - INFO - Detected laptop type: NITRO
2026-03-10 23:29:49,877 - DAMXDaemon - INFO - Base path: /sys/module/linuwu_sense/drivers/platform:acer-wmi/acer-wmi/nitro_sense
2026-03-10 23:29:49,877 - DAMXDaemon - INFO - Four-zone keyboard: No
2026-03-10 23:29:49,878 - DAMXDaemon - INFO - Available features: backlight_timeout, usb_charging, fan_speed, battery_limiter, battery_calibration, thermal_profile
2026-03-10 23:29:49,878 - DAMXDaemon - INFO - Driver Version: 25.701
2026-03-10 23:29:49,879 - DAMXDaemon - INFO - Log level set to INFO
2026-03-10 23:29:49,879 - DAMXDaemon - INFO - ** Starting DAMX-Daemon v0.4.6 **
2026-03-10 23:29:49,879 - DAMXDaemon - INFO - linuwu_sense module found. Proceeding with initialization.
2026-03-10 23:29:50,079 - DAMXDaemon - INFO - Detected laptop type: NITRO
2026-03-10 23:29:50,079 - DAMXDaemon - INFO - Base path: /sys/module/linuwu_sense/drivers/platform:acer-wmi/acer-wmi/nitro_sense
2026-03-10 23:29:50,079 - DAMXDaemon - INFO - Four-zone keyboard: No
2026-03-10 23:29:50,080 - DAMXDaemon - INFO - Available features: backlight_timeout, usb_charging, fan_speed, battery_limiter, battery_calibration, thermal_profile
2026-03-10 23:29:50,080 - DAMXDaemon - INFO - PowerSourceDetector initialized
2026-03-10 23:29:50,092 - DAMXDaemon - INFO - Switched to battery power
2026-03-10 23:29:50,093 - DAMXDaemon - INFO - Monitoring power source started
2026-03-10 23:29:50,093 - DAMXDaemon - INFO - Detected features: backlight_timeout, battery_calibration, battery_limiter, fan_speed, thermal_profile, usb_charging
2026-03-10 23:29:50,094 - DAMXDaemon - INFO - Monitoring power source started
2026-03-10 23:29:50,094 - DAMXDaemon - INFO - Server listening on /var/run/DAMX.sock
                                                                                   2026-03-10 23:31:02,833 - DAMXDaemon - INFO - ** Starting DAMX-Daemon v0.4.6 **
2026-03-10 23:31:02,834 - DAMXDaemon - INFO - linuwu_sense module found. Proceeding with initialization.
2026-03-10 23:31:03,034 - DAMXDaemon - INFO - Detected laptop type: NITRO
2026-03-10 23:31:03,034 - DAMXDaemon - INFO - Base path: /sys/module/linuwu_sense/drivers/platform:acer-wmi/acer-wmi/nitro_sense
2026-03-10 23:31:03,034 - DAMXDaemon - INFO - Four-zone keyboard: No
2026-03-10 23:31:03,034 - DAMXDaemon - INFO - Available features: fan_speed, usb_charging, thermal_profile, battery_limiter, battery_calibration, backlight_timeout
2026-03-10 23:31:03,035 - DAMXDaemon - INFO - Driver Version: 25.701
2026-03-10 23:31:03,036 - DAMXDaemon - INFO - Log level set to INFO
2026-03-10 23:31:03,036 - DAMXDaemon - INFO - ** Starting DAMX-Daemon v0.4.6 **
2026-03-10 23:31:03,036 - DAMXDaemon - INFO - linuwu_sense module found. Proceeding with initialization.
2026-03-10 23:31:03,236 - DAMXDaemon - INFO - Detected laptop type: NITRO
2026-03-10 23:31:03,236 - DAMXDaemon - INFO - Base path: /sys/module/linuwu_sense/drivers/platform:acer-wmi/acer-wmi/nitro_sense
2026-03-10 23:31:03,237 - DAMXDaemon - INFO - Four-zone keyboard: No
2026-03-10 23:31:03,237 - DAMXDaemon - INFO - Available features: fan_speed, usb_charging, thermal_profile, battery_limiter, battery_calibration, backlight_timeout
2026-03-10 23:31:03,237 - DAMXDaemon - INFO - PowerSourceDetector initialized
2026-03-10 23:31:03,250 - DAMXDaemon - INFO - Switched to battery power
2026-03-10 23:31:03,251 - DAMXDaemon - INFO - Monitoring power source started
2026-03-10 23:31:03,251 - DAMXDaemon - INFO - Detected features: backlight_timeout, battery_calibration, battery_limiter, fan_speed, thermal_profile, usb_charging
2026-03-10 23:31:03,251 - DAMXDaemon - INFO - Monitoring power source started
2026-03-10 23:31:03,252 - DAMXDaemon - INFO - Server listening on /var/run/DAMX.sock
2026-03-10 23:31:56,175 - DAMXDaemon - INFO - Processing command: get_supported_features with params: {}
2026-03-10 23:31:56,184 - DAMXDaemon - INFO - Processing command: get_all_settings with params: {}
2026-03-10 23:33:08,277 - DAMXDaemon - INFO - Switched to AC power
2026-03-10 23:45:47,039 - DAMXDaemon - INFO - Processing command: get_supported_features with params: {}
2026-03-10 23:45:47,044 - DAMXDaemon - INFO - Processing command: get_all_settings with params: {}
2026-03-10 23:45:54,222 - DAMXDaemon - INFO - Processing command: set_fan_speed with params: {'cpu': 100, 'gpu': 100}
2026-03-10 23:48:28,008 - DAMXDaemon - INFO - Processing command: get_supported_features with params: {}
2026-03-10 23:48:28,014 - DAMXDaemon - INFO - Processing command: get_all_settings with params: {}
2026-03-10 23:48:30,491 - DAMXDaemon - INFO - Processing command: set_fan_speed with params: {'cpu': 0, 'gpu': 0}
2026-03-10 23:48:30,498 - DAMXDaemon - INFO - Processing command: get_all_settings with params: {}
2026-03-10 18:25:40,335 - DAMXDaemon - INFO - Received signal 15, shutting down...
2026-03-10 18:25:40,457 - DAMXDaemon - INFO - Cleaning up resources...
2026-03-10 18:25:40,457 - DAMXDaemon - INFO - Stopping server...
2026-03-10 18:25:40,457 - DAMXDaemon - INFO - Removed socket file: /var/run/DAMX.sock
2026-03-10 18:25:40,457 - DAMXDaemon - INFO - Daemon stopped
2026-03-10 18:26:00,594 - DAMXDaemon - INFO - ** Starting DAMX-Daemon v0.4.6 **
2026-03-10 18:26:00,595 - DAMXDaemon - INFO - linuwu_sense module found. Proceeding with initialization.
2026-03-10 18:26:00,795 - DAMXDaemon - INFO - Detected laptop type: NITRO
2026-03-10 18:26:00,795 - DAMXDaemon - INFO - Base path: /sys/module/linuwu_sense/drivers/platform:acer-wmi/acer-wmi/nitro_sense
2026-03-10 18:26:00,796 - DAMXDaemon - INFO - Four-zone keyboard: No
2026-03-10 18:26:00,796 - DAMXDaemon - INFO - Available features: backlight_timeout, battery_calibration, fan_speed, usb_charging, thermal_profile, battery_limiter
2026-03-10 18:26:00,796 - DAMXDaemon - INFO - Driver Version: 25.701
2026-03-10 18:26:00,797 - DAMXDaemon - INFO - Log level set to INFO
2026-03-10 18:26:00,797 - DAMXDaemon - INFO - ** Starting DAMX-Daemon v0.4.6 **
2026-03-10 18:26:00,797 - DAMXDaemon - INFO - linuwu_sense module found. Proceeding with initialization.
2026-03-10 18:26:00,998 - DAMXDaemon - INFO - Detected laptop type: NITRO
2026-03-10 18:26:00,998 - DAMXDaemon - INFO - Base path: /sys/module/linuwu_sense/drivers/platform:acer-wmi/acer-wmi/nitro_sense
2026-03-10 18:26:00,998 - DAMXDaemon - INFO - Four-zone keyboard: No
2026-03-10 18:26:00,998 - DAMXDaemon - INFO - Available features: backlight_timeout, battery_calibration, fan_speed, usb_charging, thermal_profile, battery_limiter
2026-03-10 18:26:00,998 - DAMXDaemon - INFO - PowerSourceDetector initialized
2026-03-10 18:26:01,012 - DAMXDaemon - INFO - Switched to AC power
2026-03-10 18:26:01,013 - DAMXDaemon - INFO - Monitoring power source started
2026-03-10 18:26:01,013 - DAMXDaemon - INFO - Detected features: backlight_timeout, battery_calibration, battery_limiter, fan_speed, thermal_profile, usb_charging
2026-03-10 18:26:01,014 - DAMXDaemon - INFO - Monitoring power source started
2026-03-10 18:26:01,014 - DAMXDaemon - INFO - Server listening on /var/run/DAMX.sock
2026-03-10 18:29:53,081 - DAMXDaemon - INFO - Received signal 15, shutting down...
2026-03-10 18:29:53,250 - DAMXDaemon - INFO - Cleaning up resources...
2026-03-10 18:29:53,250 - DAMXDaemon - INFO - Stopping server...
2026-03-10 18:29:53,250 - DAMXDaemon - INFO - Removed socket file: /var/run/DAMX.sock
2026-03-10 18:29:53,250 - DAMXDaemon - INFO - Daemon stopped
2026-03-10 18:34:08,610 - DAMXDaemon - INFO - ** Starting DAMX-Daemon v0.4.6 **
2026-03-10 18:34:08,611 - DAMXDaemon - INFO - linuwu_sense module found. Proceeding with initialization.
2026-03-10 18:34:08,811 - DAMXDaemon - INFO - Detected laptop type: NITRO
2026-03-10 18:34:08,811 - DAMXDaemon - INFO - Base path: /sys/module/linuwu_sense/drivers/platform:acer-wmi/acer-wmi/nitro_sense
2026-03-10 18:34:08,811 - DAMXDaemon - INFO - Four-zone keyboard: No
2026-03-10 18:34:08,811 - DAMXDaemon - INFO - Available features: backlight_timeout, battery_calibration, thermal_profile, usb_charging, battery_limiter, fan_speed
2026-03-10 18:34:08,811 - DAMXDaemon - INFO - Driver Version: 25.701
2026-03-10 18:34:08,812 - DAMXDaemon - INFO - Log level set to INFO
2026-03-10 18:34:08,812 - DAMXDaemon - INFO - ** Starting DAMX-Daemon v0.4.6 **
2026-03-10 18:34:08,812 - DAMXDaemon - INFO - linuwu_sense module found. Proceeding with initialization.
2026-03-10 18:34:09,013 - DAMXDaemon - INFO - Detected laptop type: NITRO
2026-03-10 18:34:09,013 - DAMXDaemon - INFO - Base path: /sys/module/linuwu_sense/drivers/platform:acer-wmi/acer-wmi/nitro_sense
2026-03-10 18:34:09,013 - DAMXDaemon - INFO - Four-zone keyboard: No
2026-03-10 18:34:09,013 - DAMXDaemon - INFO - Available features: backlight_timeout, battery_calibration, thermal_profile, usb_charging, battery_limiter, fan_speed
2026-03-10 18:34:09,013 - DAMXDaemon - INFO - PowerSourceDetector initialized
2026-03-10 18:34:09,028 - DAMXDaemon - INFO - Switched to battery power
2026-03-10 18:34:09,028 - DAMXDaemon - INFO - Monitoring power source started
2026-03-10 18:34:09,029 - DAMXDaemon - INFO - Detected features: backlight_timeout, battery_calibration, battery_limiter, fan_speed, thermal_profile, usb_charging
2026-03-10 18:34:09,030 - DAMXDaemon - INFO - Monitoring power source started
2026-03-10 18:34:09,030 - DAMXDaemon - INFO - Server listening on /var/run/DAMX.sock
2026-03-10 18:36:04,847 - DAMXDaemon - INFO - Received signal 15, shutting down...
2026-03-10 18:36:05,748 - DAMXDaemon - INFO - Cleaning up resources...
2026-03-10 18:36:05,748 - DAMXDaemon - INFO - Stopping server...
2026-03-10 18:36:05,748 - DAMXDaemon - INFO - Removed socket file: /var/run/DAMX.sock
2026-03-10 18:36:05,748 - DAMXDaemon - INFO - Daemon stopped
2026-03-10 18:40:21,650 - DAMXDaemon - INFO - ** Starting DAMX-Daemon v0.4.6 **
2026-03-10 18:40:21,651 - DAMXDaemon - INFO - linuwu_sense module found. Proceeding with initialization.
2026-03-10 18:40:21,852 - DAMXDaemon - INFO - Detected laptop type: NITRO
2026-03-10 18:40:21,852 - DAMXDaemon - INFO - Base path: /sys/module/linuwu_sense/drivers/platform:acer-wmi/acer-wmi/nitro_sense
2026-03-10 18:40:21,852 - DAMXDaemon - INFO - Four-zone keyboard: No
2026-03-10 18:40:21,852 - DAMXDaemon - INFO - Available features: battery_limiter, thermal_profile, backlight_timeout, usb_charging, battery_calibration, fan_speed
2026-03-10 18:40:21,852 - DAMXDaemon - INFO - Driver Version: 25.701
2026-03-10 18:40:21,853 - DAMXDaemon - INFO - Log level set to INFO
2026-03-10 18:40:21,853 - DAMXDaemon - INFO - ** Starting DAMX-Daemon v0.4.6 **
2026-03-10 18:40:21,853 - DAMXDaemon - INFO - linuwu_sense module found. Proceeding with initialization.
2026-03-10 18:40:22,054 - DAMXDaemon - INFO - Detected laptop type: NITRO
2026-03-10 18:40:22,054 - DAMXDaemon - INFO - Base path: /sys/module/linuwu_sense/drivers/platform:acer-wmi/acer-wmi/nitro_sense
2026-03-10 18:40:22,054 - DAMXDaemon - INFO - Four-zone keyboard: No
2026-03-10 18:40:22,054 - DAMXDaemon - INFO - Available features: battery_limiter, thermal_profile, backlight_timeout, usb_charging, battery_calibration, fan_speed
2026-03-10 18:40:22,054 - DAMXDaemon - INFO - PowerSourceDetector initialized
2026-03-10 18:40:22,067 - DAMXDaemon - INFO - Switched to battery power
2026-03-10 18:40:22,067 - DAMXDaemon - INFO - Monitoring power source started
2026-03-10 18:40:22,067 - DAMXDaemon - INFO - Detected features: backlight_timeout, battery_calibration, battery_limiter, fan_speed, thermal_profile, usb_charging
2026-03-10 18:40:22,068 - DAMXDaemon - INFO - Monitoring power source started
2026-03-10 18:40:22,068 - DAMXDaemon - INFO - Server listening on /var/run/DAMX.sock
2026-03-10 18:46:39,287 - DAMXDaemon - INFO - Received signal 15, shutting down...
2026-03-10 18:46:39,288 - DAMXDaemon - INFO - Received signal 15, shutting down...
2026-03-10 18:46:39,472 - DAMXDaemon - INFO - Cleaning up resources...
2026-03-10 18:46:39,472 - DAMXDaemon - INFO - Stopping server...
2026-03-10 18:46:39,472 - DAMXDaemon - INFO - Removed socket file: /var/run/DAMX.sock
2026-03-10 18:46:39,472 - DAMXDaemon - INFO - Daemon stopped
2026-03-10 18:50:56,632 - DAMXDaemon - INFO - ** Starting DAMX-Daemon v0.4.6 **
2026-03-10 18:50:56,632 - DAMXDaemon - INFO - linuwu_sense module found. Proceeding with initialization.
2026-03-10 18:50:56,833 - DAMXDaemon - INFO - Detected laptop type: NITRO
2026-03-10 18:50:56,833 - DAMXDaemon - INFO - Base path: /sys/module/linuwu_sense/drivers/platform:acer-wmi/acer-wmi/nitro_sense
2026-03-10 18:50:56,833 - DAMXDaemon - INFO - Four-zone keyboard: No
2026-03-10 18:50:56,833 - DAMXDaemon - INFO - Available features: fan_speed, backlight_timeout, battery_limiter, usb_charging, thermal_profile, battery_calibration
2026-03-10 18:50:56,833 - DAMXDaemon - INFO - Driver Version: 25.701
2026-03-10 18:50:56,834 - DAMXDaemon - INFO - Log level set to INFO
2026-03-10 18:50:56,834 - DAMXDaemon - INFO - ** Starting DAMX-Daemon v0.4.6 **
2026-03-10 18:50:56,834 - DAMXDaemon - INFO - linuwu_sense module found. Proceeding with initialization.
2026-03-10 18:50:57,034 - DAMXDaemon - INFO - Detected laptop type: NITRO
2026-03-10 18:50:57,035 - DAMXDaemon - INFO - Base path: /sys/module/linuwu_sense/drivers/platform:acer-wmi/acer-wmi/nitro_sense
2026-03-10 18:50:57,035 - DAMXDaemon - INFO - Four-zone keyboard: No
2026-03-10 18:50:57,035 - DAMXDaemon - INFO - Available features: fan_speed, backlight_timeout, battery_limiter, usb_charging, thermal_profile, battery_calibration
2026-03-10 18:50:57,035 - DAMXDaemon - INFO - PowerSourceDetector initialized
2026-03-10 18:50:57,050 - DAMXDaemon - INFO - Switched to battery power
2026-03-10 18:50:57,051 - DAMXDaemon - INFO - Monitoring power source started
2026-03-10 18:50:57,051 - DAMXDaemon - INFO - Detected features: backlight_timeout, battery_calibration, battery_limiter, fan_speed, thermal_profile, usb_charging
2026-03-10 18:50:57,052 - DAMXDaemon - INFO - Monitoring power source started
2026-03-10 18:50:57,052 - DAMXDaemon - INFO - Server listening on /var/run/DAMX.sock
2026-03-10 18:59:33,984 - DAMXDaemon - INFO - Received signal 15, shutting down...
2026-03-10 18:59:33,984 - DAMXDaemon - INFO - Received signal 15, shutting down...
2026-03-10 18:59:34,761 - DAMXDaemon - INFO - Cleaning up resources...
2026-03-10 18:59:34,761 - DAMXDaemon - INFO - Stopping server...
2026-03-10 18:59:34,761 - DAMXDaemon - INFO - Removed socket file: /var/run/DAMX.sock
2026-03-10 18:59:34,761 - DAMXDaemon - INFO - Daemon stopped
2026-03-10 19:18:37,732 - DAMXDaemon - INFO - ** Starting DAMX-Daemon v0.4.6 **
2026-03-10 19:18:37,733 - DAMXDaemon - INFO - linuwu_sense module found. Proceeding with initialization.
2026-03-10 19:18:37,933 - DAMXDaemon - INFO - Detected laptop type: NITRO
2026-03-10 19:18:37,933 - DAMXDaemon - INFO - Base path: /sys/module/linuwu_sense/drivers/platform:acer-wmi/acer-wmi/nitro_sense
2026-03-10 19:18:37,933 - DAMXDaemon - INFO - Four-zone keyboard: No
2026-03-10 19:18:37,933 - DAMXDaemon - INFO - Available features: usb_charging, fan_speed, battery_limiter, thermal_profile, backlight_timeout, battery_calibration
2026-03-10 19:18:37,933 - DAMXDaemon - INFO - Driver Version: 25.701
2026-03-10 19:18:37,935 - DAMXDaemon - INFO - Log level set to INFO
2026-03-10 19:18:37,935 - DAMXDaemon - INFO - ** Starting DAMX-Daemon v0.4.6 **
2026-03-10 19:18:37,935 - DAMXDaemon - INFO - linuwu_sense module found. Proceeding with initialization.
2026-03-10 19:18:38,135 - DAMXDaemon - INFO - Detected laptop type: NITRO
2026-03-10 19:18:38,135 - DAMXDaemon - INFO - Base path: /sys/module/linuwu_sense/drivers/platform:acer-wmi/acer-wmi/nitro_sense
2026-03-10 19:18:38,135 - DAMXDaemon - INFO - Four-zone keyboard: No
2026-03-10 19:18:38,135 - DAMXDaemon - INFO - Available features: usb_charging, fan_speed, battery_limiter, thermal_profile, backlight_timeout, battery_calibration
2026-03-10 19:18:38,135 - DAMXDaemon - INFO - PowerSourceDetector initialized
2026-03-10 19:18:38,147 - DAMXDaemon - INFO - Switched to battery power
2026-03-10 19:18:38,148 - DAMXDaemon - INFO - Monitoring power source started
2026-03-10 19:18:38,148 - DAMXDaemon - INFO - Detected features: backlight_timeout, battery_calibration, battery_limiter, fan_speed, thermal_profile, usb_charging
2026-03-10 19:18:38,148 - DAMXDaemon - INFO - Monitoring power source started
2026-03-10 19:18:38,148 - DAMXDaemon - INFO - Server listening on /var/run/DAMX.sock
2026-03-10 19:20:29,701 - DAMXDaemon - INFO - Processing command: get_supported_features with params: {}
2026-03-10 19:20:29,711 - DAMXDaemon - INFO - Processing command: get_all_settings with params: {}
2026-03-10 19:20:33,839 - DAMXDaemon - INFO - Processing command: set_fan_speed with params: {'cpu': 100, 'gpu': 100}
2026-03-10 19:22:28,194 - DAMXDaemon - INFO - Switched to AC power
2026-03-10 19:23:59,719 - DAMXDaemon - INFO - ** Starting DAMX-Daemon v0.4.6 **
2026-03-10 19:23:59,719 - DAMXDaemon - INFO - linuwu_sense module found. Proceeding with initialization.
2026-03-10 19:23:59,919 - DAMXDaemon - INFO - Detected laptop type: NITRO
2026-03-10 19:23:59,919 - DAMXDaemon - INFO - Base path: /sys/module/linuwu_sense/drivers/platform:acer-wmi/acer-wmi/nitro_sense
2026-03-10 19:23:59,919 - DAMXDaemon - INFO - Four-zone keyboard: No
2026-03-10 19:23:59,919 - DAMXDaemon - INFO - Available features: usb_charging, backlight_timeout, fan_speed, thermal_profile, battery_calibration, battery_limiter
2026-03-10 19:23:59,920 - DAMXDaemon - INFO - Driver Version: 25.701
2026-03-10 19:23:59,920 - DAMXDaemon - INFO - Log level set to INFO
2026-03-10 19:23:59,921 - DAMXDaemon - INFO - ** Starting DAMX-Daemon v0.4.6 **
2026-03-10 19:23:59,921 - DAMXDaemon - INFO - linuwu_sense module found. Proceeding with initialization.
2026-03-10 19:24:00,121 - DAMXDaemon - INFO - Detected laptop type: NITRO
2026-03-10 19:24:00,121 - DAMXDaemon - INFO - Base path: /sys/module/linuwu_sense/drivers/platform:acer-wmi/acer-wmi/nitro_sense
2026-03-10 19:24:00,121 - DAMXDaemon - INFO - Four-zone keyboard: No
2026-03-10 19:24:00,121 - DAMXDaemon - INFO - Available features: usb_charging, backlight_timeout, fan_speed, thermal_profile, battery_calibration, battery_limiter
2026-03-10 19:24:00,121 - DAMXDaemon - INFO - PowerSourceDetector initialized
2026-03-10 19:24:00,131 - DAMXDaemon - INFO - Switched to AC power
2026-03-10 19:24:00,131 - DAMXDaemon - INFO - Monitoring power source started
2026-03-10 19:24:00,131 - DAMXDaemon - INFO - Detected features: backlight_timeout, battery_calibration, battery_limiter, fan_speed, thermal_profile, usb_charging
2026-03-10 19:24:00,132 - DAMXDaemon - INFO - Monitoring power source started
2026-03-10 19:24:00,132 - DAMXDaemon - INFO - Server listening on /var/run/DAMX.sock
2026-03-10 19:24:58,589 - DAMXDaemon - INFO - Received signal 15, shutting down...
2026-03-10 19:24:59,189 - DAMXDaemon - INFO - Cleaning up resources...
2026-03-10 19:24:59,189 - DAMXDaemon - INFO - Stopping server...
2026-03-10 19:24:59,189 - DAMXDaemon - INFO - Removed socket file: /var/run/DAMX.sock
2026-03-10 19:24:59,189 - DAMXDaemon - INFO - Daemon stopped
2026-03-10 19:25:58,795 - DAMXDaemon - INFO - ** Starting DAMX-Daemon v0.4.6 **
2026-03-10 19:25:58,795 - DAMXDaemon - INFO - linuwu_sense module found. Proceeding with initialization.
2026-03-10 19:25:58,996 - DAMXDaemon - INFO - Detected laptop type: NITRO
2026-03-10 19:25:58,996 - DAMXDaemon - INFO - Base path: /sys/module/linuwu_sense/drivers/platform:acer-wmi/acer-wmi/nitro_sense
2026-03-10 19:25:58,996 - DAMXDaemon - INFO - Four-zone keyboard: No
2026-03-10 19:25:58,996 - DAMXDaemon - INFO - Available features: battery_limiter, battery_calibration, backlight_timeout, fan_speed, thermal_profile, usb_charging
2026-03-10 19:25:58,996 - DAMXDaemon - INFO - Driver Version: 25.701
2026-03-10 19:25:58,997 - DAMXDaemon - INFO - Log level set to INFO
2026-03-10 19:25:58,997 - DAMXDaemon - INFO - ** Starting DAMX-Daemon v0.4.6 **
2026-03-10 19:25:58,997 - DAMXDaemon - INFO - linuwu_sense module found. Proceeding with initialization.
2026-03-10 19:25:59,198 - DAMXDaemon - INFO - Detected laptop type: NITRO
2026-03-10 19:25:59,198 - DAMXDaemon - INFO - Base path: /sys/module/linuwu_sense/drivers/platform:acer-wmi/acer-wmi/nitro_sense
2026-03-10 19:25:59,198 - DAMXDaemon - INFO - Four-zone keyboard: No
2026-03-10 19:25:59,198 - DAMXDaemon - INFO - Available features: battery_limiter, battery_calibration, backlight_timeout, fan_speed, thermal_profile, usb_charging
2026-03-10 19:25:59,198 - DAMXDaemon - INFO - PowerSourceDetector initialized
2026-03-10 19:25:59,212 - DAMXDaemon - INFO - Switched to AC power
2026-03-10 19:25:59,213 - DAMXDaemon - INFO - Monitoring power source started
2026-03-10 19:25:59,213 - DAMXDaemon - INFO - Detected features: backlight_timeout, battery_calibration, battery_limiter, fan_speed, thermal_profile, usb_charging
2026-03-10 19:25:59,214 - DAMXDaemon - INFO - Monitoring power source started
2026-03-10 19:25:59,214 - DAMXDaemon - INFO - Server listening on /var/run/DAMX.sock
2026-03-10 19:26:40,958 - DAMXDaemon - INFO - Processing command: get_supported_features with params: {}
2026-03-10 19:26:40,964 - DAMXDaemon - INFO - Processing command: get_all_settings with params: {}
2026-03-10 19:35:46,705 - DAMXDaemon - INFO - Processing command: get_supported_features with params: {}
2026-03-10 19:35:46,711 - DAMXDaemon - INFO - Processing command: get_all_settings with params: {}
2026-03-10 19:37:16,972 - DAMXDaemon - INFO - Processing command: get_supported_features with params: {}
2026-03-10 19:37:16,978 - DAMXDaemon - INFO - Processing command: get_all_settings with params: {}
2026-03-10 19:37:22,466 - DAMXDaemon - INFO - Processing command: set_fan_speed with params: {'cpu': 100, 'gpu': 100}
2026-03-10 19:43:18,509 - DAMXDaemon - INFO - Received signal 15, shutting down...
2026-03-10 19:43:19,360 - DAMXDaemon - INFO - Cleaning up resources...
2026-03-10 19:43:19,360 - DAMXDaemon - INFO - Stopping server...
2026-03-10 19:43:19,360 - DAMXDaemon - INFO - Removed socket file: /var/run/DAMX.sock
2026-03-10 19:43:19,360 - DAMXDaemon - INFO - Daemon stopped
2026-03-10 19:43:40,619 - DAMXDaemon - INFO - ** Starting DAMX-Daemon v0.4.6 **
2026-03-10 19:43:40,620 - DAMXDaemon - INFO - linuwu_sense module found. Proceeding with initialization.
2026-03-10 19:43:40,820 - DAMXDaemon - INFO - Detected laptop type: NITRO
2026-03-10 19:43:40,820 - DAMXDaemon - INFO - Base path: /sys/module/linuwu_sense/drivers/platform:acer-wmi/acer-wmi/nitro_sense
2026-03-10 19:43:40,820 - DAMXDaemon - INFO - Four-zone keyboard: No
2026-03-10 19:43:40,820 - DAMXDaemon - INFO - Available features: fan_speed, battery_calibration, thermal_profile, usb_charging, battery_limiter, backlight_timeout
2026-03-10 19:43:40,821 - DAMXDaemon - INFO - Driver Version: 25.701
2026-03-10 19:43:40,822 - DAMXDaemon - INFO - Log level set to INFO
2026-03-10 19:43:40,822 - DAMXDaemon - INFO - ** Starting DAMX-Daemon v0.4.6 **
2026-03-10 19:43:40,822 - DAMXDaemon - INFO - linuwu_sense module found. Proceeding with initialization.
2026-03-10 19:43:41,022 - DAMXDaemon - INFO - Detected laptop type: NITRO
2026-03-10 19:43:41,023 - DAMXDaemon - INFO - Base path: /sys/module/linuwu_sense/drivers/platform:acer-wmi/acer-wmi/nitro_sense
2026-03-10 19:43:41,023 - DAMXDaemon - INFO - Four-zone keyboard: No
2026-03-10 19:43:41,023 - DAMXDaemon - INFO - Available features: fan_speed, battery_calibration, thermal_profile, usb_charging, battery_limiter, backlight_timeout
2026-03-10 19:43:41,023 - DAMXDaemon - INFO - PowerSourceDetector initialized
2026-03-10 19:43:41,038 - DAMXDaemon - INFO - Switched to AC power
2026-03-10 19:43:41,039 - DAMXDaemon - INFO - Monitoring power source started
2026-03-10 19:43:41,039 - DAMXDaemon - INFO - Detected features: backlight_timeout, battery_calibration, battery_limiter, fan_speed, thermal_profile, usb_charging
2026-03-10 19:43:41,040 - DAMXDaemon - INFO - Monitoring power source started
2026-03-10 19:43:41,040 - DAMXDaemon - INFO - Server listening on /var/run/DAMX.sock
2026-03-10 19:47:53,044 - DAMXDaemon - INFO - Processing command: get_supported_features with params: {}
2026-03-10 19:47:53,050 - DAMXDaemon - INFO - Processing command: get_all_settings with params: {}
2026-03-10 19:47:58,118 - DAMXDaemon - INFO - Processing command: set_battery_limiter with params: {'enabled': True}
2026-03-10 19:56:38,356 - DAMXDaemon - INFO - Received signal 15, shutting down...
2026-03-10 19:56:38,357 - DAMXDaemon - INFO - Received signal 15, shutting down...
2026-03-10 19:56:38,550 - DAMXDaemon - INFO - Cleaning up resources...
2026-03-10 19:56:38,550 - DAMXDaemon - INFO - Stopping server...
2026-03-10 19:56:38,550 - DAMXDaemon - INFO - Removed socket file: /var/run/DAMX.sock
2026-03-10 19:56:38,550 - DAMXDaemon - INFO - Daemon stopped
2026-03-10 19:56:56,737 - DAMXDaemon - INFO - ** Starting DAMX-Daemon v0.4.6 **
2026-03-10 19:56:56,738 - DAMXDaemon - ERROR - linuwu_sense module not found. Please install the linuwu_sense driver first.
2026-03-10 19:56:56,938 - DAMXDaemon - WARNING - Unknown laptop type detected, attempting driver restart (attempt 1/20)...
2026-03-10 19:56:56,939 - DAMXDaemon - INFO - Attempting to restart drivers and daemon (attempt 1/20)...
2026-03-10 19:56:56,957 - DAMXDaemon - ERROR - Unexpected error during restart (attempt 1): Command '['sudo', 'rmmod', 'linuwu-sense']' returned non-zero exit status 1.
2026-03-10 19:56:56,958 - DAMXDaemon - ERROR - Failed to restart drivers (attempt 1), continuing with limited functionality
2026-03-10 19:56:56,958 - DAMXDaemon - INFO - Detected laptop type: UNKNOWN
2026-03-10 19:56:56,958 - DAMXDaemon - INFO - Base path: 
2026-03-10 19:56:56,958 - DAMXDaemon - INFO - Four-zone keyboard: No
2026-03-10 19:56:56,958 - DAMXDaemon - INFO - Available features: 
2026-03-10 19:56:56,958 - DAMXDaemon - INFO - Driver Version: Unknown Version
2026-03-10 19:56:56,959 - DAMXDaemon - INFO - Log level set to INFO
2026-03-10 19:56:56,959 - DAMXDaemon - INFO - ** Starting DAMX-Daemon v0.4.6 **
2026-03-10 19:56:56,959 - DAMXDaemon - ERROR - linuwu_sense module not found. Please install the linuwu_sense driver first.
2026-03-10 19:56:57,160 - DAMXDaemon - WARNING - Unknown laptop type detected, attempting driver restart (attempt 2/20)...
2026-03-10 19:56:57,160 - DAMXDaemon - INFO - Attempting to restart drivers and daemon (attempt 2/20)...
2026-03-10 19:56:57,174 - DAMXDaemon - ERROR - Unexpected error during restart (attempt 2): Command '['sudo', 'rmmod', 'linuwu-sense']' returned non-zero exit status 1.
2026-03-10 19:56:57,174 - DAMXDaemon - ERROR - Failed to restart drivers (attempt 2), continuing with limited functionality
2026-03-10 19:56:57,174 - DAMXDaemon - INFO - Detected laptop type: UNKNOWN
2026-03-10 19:56:57,174 - DAMXDaemon - INFO - Base path: 
2026-03-10 19:56:57,174 - DAMXDaemon - INFO - Four-zone keyboard: No
2026-03-10 19:56:57,174 - DAMXDaemon - INFO - Available features: 
2026-03-10 19:56:57,174 - DAMXDaemon - INFO - PowerSourceDetector initialized
2026-03-10 19:56:57,175 - DAMXDaemon - INFO - Monitoring power source started
2026-03-10 19:56:57,175 - DAMXDaemon - INFO - Detected features: 
2026-03-10 19:56:57,176 - DAMXDaemon - INFO - Monitoring power source started
2026-03-10 19:56:57,176 - DAMXDaemon - INFO - Server listening on /var/run/DAMX.sock
2026-03-10 20:37:44,597 - DAMXDaemon - INFO - Received signal 15, shutting down...
2026-03-10 20:37:44,597 - DAMXDaemon - INFO - Received signal 15, shutting down...
2026-03-10 20:37:44,672 - DAMXDaemon - INFO - Cleaning up resources...
2026-03-10 20:37:44,672 - DAMXDaemon - INFO - Stopping server...
2026-03-10 20:37:44,672 - DAMXDaemon - INFO - Removed socket file: /var/run/DAMX.sock
2026-03-10 20:37:44,672 - DAMXDaemon - INFO - Daemon stopped
2026-03-10 20:38:07,784 - DAMXDaemon - INFO - ** Starting DAMX-Daemon v0.4.6 **
2026-03-10 20:38:07,784 - DAMXDaemon - ERROR - linuwu_sense module not found. Please install the linuwu_sense driver first.
2026-03-10 20:38:07,985 - DAMXDaemon - WARNING - Unknown laptop type detected, attempting driver restart (attempt 1/20)...
2026-03-10 20:38:07,985 - DAMXDaemon - INFO - Attempting to restart drivers and daemon (attempt 1/20)...
2026-03-10 20:38:08,003 - DAMXDaemon - ERROR - Unexpected error during restart (attempt 1): Command '['sudo', 'rmmod', 'linuwu-sense']' returned non-zero exit status 1.
2026-03-10 20:38:08,003 - DAMXDaemon - ERROR - Failed to restart drivers (attempt 1), continuing with limited functionality
2026-03-10 20:38:08,003 - DAMXDaemon - INFO - Detected laptop type: UNKNOWN
2026-03-10 20:38:08,003 - DAMXDaemon - INFO - Base path: 
2026-03-10 20:38:08,003 - DAMXDaemon - INFO - Four-zone keyboard: No
2026-03-10 20:38:08,003 - DAMXDaemon - INFO - Available features: 
2026-03-10 20:38:08,003 - DAMXDaemon - INFO - Driver Version: Unknown Version
2026-03-10 20:38:08,004 - DAMXDaemon - INFO - Log level set to INFO
2026-03-10 20:38:08,004 - DAMXDaemon - INFO - ** Starting DAMX-Daemon v0.4.6 **
2026-03-10 20:38:08,004 - DAMXDaemon - ERROR - linuwu_sense module not found. Please install the linuwu_sense driver first.
2026-03-10 20:38:08,205 - DAMXDaemon - WARNING - Unknown laptop type detected, attempting driver restart (attempt 2/20)...
2026-03-10 20:38:08,205 - DAMXDaemon - INFO - Attempting to restart drivers and daemon (attempt 2/20)...
2026-03-10 20:38:08,217 - DAMXDaemon - ERROR - Unexpected error during restart (attempt 2): Command '['sudo', 'rmmod', 'linuwu-sense']' returned non-zero exit status 1.
2026-03-10 20:38:08,218 - DAMXDaemon - ERROR - Failed to restart drivers (attempt 2), continuing with limited functionality
2026-03-10 20:38:08,218 - DAMXDaemon - INFO - Detected laptop type: UNKNOWN
2026-03-10 20:38:08,218 - DAMXDaemon - INFO - Base path: 
2026-03-10 20:38:08,218 - DAMXDaemon - INFO - Four-zone keyboard: No
2026-03-10 20:38:08,218 - DAMXDaemon - INFO - Available features: 
2026-03-10 20:38:08,218 - DAMXDaemon - INFO - PowerSourceDetector initialized
2026-03-10 20:38:08,219 - DAMXDaemon - INFO - Monitoring power source started
2026-03-10 20:38:08,219 - DAMXDaemon - INFO - Detected features: 
2026-03-10 20:38:08,220 - DAMXDaemon - INFO - Monitoring power source started
2026-03-10 20:38:08,220 - DAMXDaemon - INFO - Server listening on /var/run/DAMX.sock
2026-03-10 20:43:43,257 - DAMXDaemon - INFO - Received signal 15, shutting down...
2026-03-10 20:43:43,569 - DAMXDaemon - INFO - Cleaning up resources...
2026-03-10 20:43:43,569 - DAMXDaemon - INFO - Stopping server...
2026-03-10 20:43:43,569 - DAMXDaemon - INFO - Removed socket file: /var/run/DAMX.sock
2026-03-10 20:43:43,569 - DAMXDaemon - INFO - Daemon stopped
2026-03-10 20:59:23,863 - DAMXDaemon - INFO - ** Starting DAMX-Daemon v0.4.6 **
2026-03-10 20:59:23,864 - DAMXDaemon - ERROR - linuwu_sense module not found. Please install the linuwu_sense driver first.
2026-03-10 20:59:24,064 - DAMXDaemon - WARNING - Unknown laptop type detected, attempting driver restart (attempt 1/20)...
2026-03-10 20:59:24,064 - DAMXDaemon - INFO - Attempting to restart drivers and daemon (attempt 1/20)...
2026-03-10 20:59:24,084 - DAMXDaemon - ERROR - Unexpected error during restart (attempt 1): Command '['sudo', 'rmmod', 'linuwu-sense']' returned non-zero exit status 1.
2026-03-10 20:59:24,084 - DAMXDaemon - ERROR - Failed to restart drivers (attempt 1), continuing with limited functionality
2026-03-10 20:59:24,085 - DAMXDaemon - INFO - Detected laptop type: UNKNOWN
2026-03-10 20:59:24,085 - DAMXDaemon - INFO - Base path: 
2026-03-10 20:59:24,085 - DAMXDaemon - INFO - Four-zone keyboard: No
2026-03-10 20:59:24,085 - DAMXDaemon - INFO - Available features: 
2026-03-10 20:59:24,085 - DAMXDaemon - INFO - Driver Version: Unknown Version
2026-03-10 20:59:24,086 - DAMXDaemon - INFO - Log level set to INFO
2026-03-10 20:59:24,087 - DAMXDaemon - INFO - ** Starting DAMX-Daemon v0.4.6 **
2026-03-10 20:59:24,087 - DAMXDaemon - ERROR - linuwu_sense module not found. Please install the linuwu_sense driver first.
2026-03-10 20:59:24,287 - DAMXDaemon - WARNING - Unknown laptop type detected, attempting driver restart (attempt 2/20)...
2026-03-10 20:59:24,288 - DAMXDaemon - INFO - Attempting to restart drivers and daemon (attempt 2/20)...
2026-03-10 20:59:24,299 - DAMXDaemon - ERROR - Unexpected error during restart (attempt 2): Command '['sudo', 'rmmod', 'linuwu-sense']' returned non-zero exit status 1.
2026-03-10 20:59:24,300 - DAMXDaemon - ERROR - Failed to restart drivers (attempt 2), continuing with limited functionality
2026-03-10 20:59:24,300 - DAMXDaemon - INFO - Detected laptop type: UNKNOWN
2026-03-10 20:59:24,300 - DAMXDaemon - INFO - Base path: 
2026-03-10 20:59:24,300 - DAMXDaemon - INFO - Four-zone keyboard: No
2026-03-10 20:59:24,300 - DAMXDaemon - INFO - Available features: 
2026-03-10 20:59:24,300 - DAMXDaemon - INFO - PowerSourceDetector initialized
2026-03-10 20:59:24,300 - DAMXDaemon - INFO - Monitoring power source started
2026-03-10 20:59:24,300 - DAMXDaemon - INFO - Detected features: 
2026-03-10 20:59:24,301 - DAMXDaemon - INFO - Monitoring power source started
2026-03-10 20:59:24,301 - DAMXDaemon - INFO - Server listening on /var/run/DAMX.sock
2026-03-10 21:02:51,276 - DAMXDaemon - INFO - Processing command: get_supported_features with params: {}
2026-03-10 21:02:51,282 - DAMXDaemon - INFO - Processing command: get_all_settings with params: {}
2026-03-10 21:03:41,409 - DAMXDaemon - INFO - Processing command: get_supported_features with params: {}
2026-03-10 21:03:41,414 - DAMXDaemon - INFO - Processing command: get_all_settings with params: {}
2026-03-10 21:04:16,822 - DAMXDaemon - INFO - Processing command: get_supported_features with params: {}
2026-03-10 21:04:16,829 - DAMXDaemon - INFO - Processing command: get_all_settings with params: {}
2026-03-10 21:10:25,651 - DAMXDaemon - INFO - Received signal 15, shutting down...
2026-03-10 21:10:26,171 - DAMXDaemon - INFO - Cleaning up resources...
2026-03-10 21:10:26,171 - DAMXDaemon - INFO - Stopping server...
2026-03-10 21:10:26,171 - DAMXDaemon - INFO - Removed socket file: /var/run/DAMX.sock
2026-03-10 21:10:26,171 - DAMXDaemon - INFO - Daemon stopped
2026-03-10 21:10:31,054 - DAMXDaemon - INFO - ** Starting DAMX-Daemon v0.4.6 **
2026-03-10 21:10:31,054 - DAMXDaemon - INFO - linuwu_sense module found. Proceeding with initialization.
2026-03-10 21:10:31,255 - DAMXDaemon - INFO - Detected laptop type: NITRO
2026-03-10 21:10:31,255 - DAMXDaemon - INFO - Base path: /sys/module/linuwu_sense/drivers/platform:acer-wmi/acer-wmi/nitro_sense
2026-03-10 21:10:31,255 - DAMXDaemon - INFO - Four-zone keyboard: No
2026-03-10 21:10:31,255 - DAMXDaemon - INFO - Available features: battery_limiter, backlight_timeout, battery_calibration, fan_speed, usb_charging, thermal_profile
2026-03-10 21:10:31,255 - DAMXDaemon - INFO - Driver Version: 25.701
2026-03-10 21:10:31,255 - DAMXDaemon - INFO - Log level set to INFO
2026-03-10 21:10:31,255 - DAMXDaemon - INFO - ** Starting DAMX-Daemon v0.4.6 **
2026-03-10 21:10:31,255 - DAMXDaemon - INFO - linuwu_sense module found. Proceeding with initialization.
2026-03-10 21:10:31,456 - DAMXDaemon - INFO - Detected laptop type: NITRO
2026-03-10 21:10:31,456 - DAMXDaemon - INFO - Base path: /sys/module/linuwu_sense/drivers/platform:acer-wmi/acer-wmi/nitro_sense
2026-03-10 21:10:31,456 - DAMXDaemon - INFO - Four-zone keyboard: No
2026-03-10 21:10:31,456 - DAMXDaemon - INFO - Available features: battery_limiter, backlight_timeout, battery_calibration, fan_speed, usb_charging, thermal_profile
2026-03-10 21:10:31,456 - DAMXDaemon - INFO - PowerSourceDetector initialized
2026-03-10 21:10:31,461 - DAMXDaemon - INFO - Switched to AC power
2026-03-10 21:10:31,461 - DAMXDaemon - INFO - Monitoring power source started
2026-03-10 21:10:31,461 - DAMXDaemon - INFO - Detected features: backlight_timeout, battery_calibration, battery_limiter, fan_speed, thermal_profile, usb_charging
2026-03-10 21:10:31,462 - DAMXDaemon - INFO - Monitoring power source started
2026-03-10 21:10:31,462 - DAMXDaemon - INFO - Server listening on /var/run/DAMX.sock
2026-03-10 21:10:45,937 - DAMXDaemon - INFO - Processing command: get_supported_features with params: {}
2026-03-10 21:10:45,942 - DAMXDaemon - INFO - Processing command: get_all_settings with params: {}
2026-03-10 21:10:49,423 - DAMXDaemon - INFO - Processing command: set_fan_speed with params: {'cpu': 100, 'gpu': 100}
2026-03-10 21:10:52,213 - DAMXDaemon - INFO - Processing command: set_fan_speed with params: {'cpu': 0, 'gpu': 0}
2026-03-10 21:10:52,219 - DAMXDaemon - INFO - Processing command: get_all_settings with params: {}
2026-03-10 21:23:39,612 - DAMXDaemon - INFO - Processing command: get_supported_features with params: {}
2026-03-10 21:23:39,618 - DAMXDaemon - INFO - Processing command: get_all_settings with params: {}
2026-03-10 21:24:52,705 - DAMXDaemon - INFO - Processing command: get_supported_features with params: {}
2026-03-10 21:24:52,710 - DAMXDaemon - INFO - Processing command: get_all_settings with params: {}
2026-03-10 21:24:56,209 - DAMXDaemon - INFO - Processing command: set_fan_speed with params: {'cpu': 100, 'gpu': 100}
2026-03-10 21:36:55,975 - DAMXDaemon - INFO - Processing command: set_battery_limiter with params: {'enabled': True}
2026-03-10 21:37:00,423 - DAMXDaemon - INFO - Processing command: set_fan_speed with params: {'cpu': 0, 'gpu': 0}
2026-03-10 21:37:00,429 - DAMXDaemon - INFO - Processing command: get_all_settings with params: {}
2026-03-10 21:43:58,178 - DAMXDaemon - INFO - ** Starting DAMX-Daemon v0.4.6 **
2026-03-10 21:43:58,179 - DAMXDaemon - INFO - linuwu_sense module found. Proceeding with initialization.
2026-03-10 21:43:58,379 - DAMXDaemon - INFO - Detected laptop type: NITRO
2026-03-10 21:43:58,379 - DAMXDaemon - INFO - Base path: /sys/module/linuwu_sense/drivers/platform:acer-wmi/acer-wmi/nitro_sense
2026-03-10 21:43:58,379 - DAMXDaemon - INFO - Four-zone keyboard: No
2026-03-10 21:43:58,379 - DAMXDaemon - INFO - Available features: usb_charging, fan_speed, battery_limiter, battery_calibration, backlight_timeout, thermal_profile
2026-03-10 21:43:58,380 - DAMXDaemon - INFO - Driver Version: 25.701
2026-03-10 21:43:58,381 - DAMXDaemon - INFO - Log level set to INFO
2026-03-10 21:43:58,381 - DAMXDaemon - INFO - ** Starting DAMX-Daemon v0.4.6 **
2026-03-10 21:43:58,381 - DAMXDaemon - INFO - linuwu_sense module found. Proceeding with initialization.
2026-03-10 21:43:58,582 - DAMXDaemon - INFO - Detected laptop type: NITRO
2026-03-10 21:43:58,582 - DAMXDaemon - INFO - Base path: /sys/module/linuwu_sense/drivers/platform:acer-wmi/acer-wmi/nitro_sense
2026-03-10 21:43:58,582 - DAMXDaemon - INFO - Four-zone keyboard: No
2026-03-10 21:43:58,582 - DAMXDaemon - INFO - Available features: usb_charging, fan_speed, battery_limiter, battery_calibration, backlight_timeout, thermal_profile
2026-03-10 21:43:58,582 - DAMXDaemon - INFO - PowerSourceDetector initialized
2026-03-10 21:43:58,595 - DAMXDaemon - INFO - Switched to AC power
2026-03-10 21:43:58,596 - DAMXDaemon - INFO - Monitoring power source started
2026-03-10 21:43:58,596 - DAMXDaemon - INFO - Detected features: backlight_timeout, battery_calibration, battery_limiter, fan_speed, thermal_profile, usb_charging
2026-03-10 21:43:58,597 - DAMXDaemon - INFO - Monitoring power source started
2026-03-10 21:43:58,597 - DAMXDaemon - INFO - Server listening on /var/run/DAMX.sock
                                                                                   2026-03-10 21:44:55,828 - DAMXDaemon - INFO - ** Starting DAMX-Daemon v0.4.6 **
2026-03-10 21:44:55,828 - DAMXDaemon - INFO - linuwu_sense module found. Proceeding with initialization.
2026-03-10 21:44:56,028 - DAMXDaemon - INFO - Detected laptop type: NITRO
2026-03-10 21:44:56,029 - DAMXDaemon - INFO - Base path: /sys/module/linuwu_sense/drivers/platform:acer-wmi/acer-wmi/nitro_sense
2026-03-10 21:44:56,029 - DAMXDaemon - INFO - Four-zone keyboard: No
2026-03-10 21:44:56,029 - DAMXDaemon - INFO - Available features: fan_speed, battery_calibration, usb_charging, backlight_timeout, thermal_profile, battery_limiter
2026-03-10 21:44:56,029 - DAMXDaemon - INFO - Driver Version: 25.701
2026-03-10 21:44:56,030 - DAMXDaemon - INFO - Log level set to INFO
2026-03-10 21:44:56,030 - DAMXDaemon - INFO - ** Starting DAMX-Daemon v0.4.6 **
2026-03-10 21:44:56,030 - DAMXDaemon - INFO - linuwu_sense module found. Proceeding with initialization.
2026-03-10 21:44:56,231 - DAMXDaemon - INFO - Detected laptop type: NITRO
2026-03-10 21:44:56,231 - DAMXDaemon - INFO - Base path: /sys/module/linuwu_sense/drivers/platform:acer-wmi/acer-wmi/nitro_sense
2026-03-10 21:44:56,231 - DAMXDaemon - INFO - Four-zone keyboard: No
2026-03-10 21:44:56,231 - DAMXDaemon - INFO - Available features: fan_speed, battery_calibration, usb_charging, backlight_timeout, thermal_profile, battery_limiter
2026-03-10 21:44:56,231 - DAMXDaemon - INFO - PowerSourceDetector initialized
2026-03-10 21:44:56,247 - DAMXDaemon - INFO - Switched to AC power
2026-03-10 21:44:56,248 - DAMXDaemon - INFO - Monitoring power source started
2026-03-10 21:44:56,248 - DAMXDaemon - INFO - Detected features: backlight_timeout, battery_calibration, battery_limiter, fan_speed, thermal_profile, usb_charging
2026-03-10 21:44:56,249 - DAMXDaemon - INFO - Monitoring power source started
2026-03-10 21:44:56,249 - DAMXDaemon - INFO - Server listening on /var/run/DAMX.sock
2026-03-10 21:45:21,807 - DAMXDaemon - INFO - Processing command: get_supported_features with params: {}
2026-03-10 21:45:21,813 - DAMXDaemon - INFO - Processing command: get_all_settings with params: {}
2026-03-10 23:29:14,476 - DAMXDaemon - INFO - Processing command: get_supported_features with params: {}
2026-03-10 23:29:14,481 - DAMXDaemon - INFO - Processing command: get_all_settings with params: {}
2026-03-10 23:29:20,185 - DAMXDaemon - INFO - Processing command: set_fan_speed with params: {'cpu': 100, 'gpu': 100}
2026-03-10 23:30:42,420 - DAMXDaemon - INFO - Processing command: set_fan_speed with params: {'cpu': 0, 'gpu': 0}
2026-03-10 23:30:42,427 - DAMXDaemon - INFO - Processing command: get_all_settings with params: {}
2026-03-10 23:37:43,917 - DAMXDaemon - INFO - Received signal 15, shutting down...
2026-03-10 23:37:43,918 - DAMXDaemon - INFO - Received signal 15, shutting down...
2026-03-10 23:37:43,991 - DAMXDaemon - INFO - Cleaning up resources...
2026-03-10 23:37:43,991 - DAMXDaemon - INFO - Stopping server...
2026-03-10 23:37:43,991 - DAMXDaemon - INFO - Removed socket file: /var/run/DAMX.sock
2026-03-10 23:37:43,991 - DAMXDaemon - INFO - Daemon stopped
2026-03-10 23:39:18,219 - DAMXDaemon - INFO - ** Starting DAMX-Daemon v0.4.6 **
2026-03-10 23:39:18,219 - DAMXDaemon - INFO - linuwu_sense module found. Proceeding with initialization.
2026-03-10 23:39:18,420 - DAMXDaemon - INFO - Detected laptop type: NITRO
2026-03-10 23:39:18,420 - DAMXDaemon - INFO - Base path: /sys/module/linuwu_sense/drivers/platform:acer-wmi/acer-wmi/nitro_sense
2026-03-10 23:39:18,420 - DAMXDaemon - INFO - Four-zone keyboard: No
2026-03-10 23:39:18,420 - DAMXDaemon - INFO - Available features: battery_calibration, usb_charging, battery_limiter, backlight_timeout, fan_speed, thermal_profile
2026-03-10 23:39:18,420 - DAMXDaemon - INFO - Driver Version: 25.701
2026-03-10 23:39:18,421 - DAMXDaemon - INFO - Log level set to INFO
2026-03-10 23:39:18,421 - DAMXDaemon - INFO - ** Starting DAMX-Daemon v0.4.6 **
2026-03-10 23:39:18,421 - DAMXDaemon - INFO - linuwu_sense module found. Proceeding with initialization.
2026-03-10 23:39:18,621 - DAMXDaemon - INFO - Detected laptop type: NITRO
2026-03-10 23:39:18,622 - DAMXDaemon - INFO - Base path: /sys/module/linuwu_sense/drivers/platform:acer-wmi/acer-wmi/nitro_sense
2026-03-10 23:39:18,622 - DAMXDaemon - INFO - Four-zone keyboard: No
2026-03-10 23:39:18,622 - DAMXDaemon - INFO - Available features: battery_calibration, usb_charging, battery_limiter, backlight_timeout, fan_speed, thermal_profile
2026-03-10 23:39:18,622 - DAMXDaemon - INFO - PowerSourceDetector initialized
2026-03-10 23:39:18,635 - DAMXDaemon - INFO - Switched to AC power
2026-03-10 23:39:18,635 - DAMXDaemon - INFO - Monitoring power source started
2026-03-10 23:39:18,636 - DAMXDaemon - INFO - Detected features: backlight_timeout, battery_calibration, battery_limiter, fan_speed, thermal_profile, usb_charging
2026-03-10 23:39:18,636 - DAMXDaemon - INFO - Monitoring power source started
2026-03-10 23:39:18,636 - DAMXDaemon - INFO - Server listening on /var/run/DAMX.sock
2026-03-10 23:48:16,392 - DAMXDaemon - INFO - Received signal 15, shutting down...
2026-03-10 23:48:16,392 - DAMXDaemon - INFO - Received signal 15, shutting down...
2026-03-10 23:48:17,180 - DAMXDaemon - INFO - Cleaning up resources...
2026-03-10 23:48:17,181 - DAMXDaemon - INFO - Stopping server...
2026-03-10 23:48:17,181 - DAMXDaemon - INFO - Removed socket file: /var/run/DAMX.sock
2026-03-10 23:48:17,181 - DAMXDaemon - INFO - Daemon stopped
2026-03-11 00:54:01,825 - DAMXDaemon - INFO - ** Starting DAMX-Daemon v0.4.6 **
2026-03-11 00:54:01,826 - DAMXDaemon - INFO - linuwu_sense module found. Proceeding with initialization.
2026-03-11 00:54:02,026 - DAMXDaemon - INFO - Detected laptop type: NITRO
2026-03-11 00:54:02,026 - DAMXDaemon - INFO - Base path: /sys/module/linuwu_sense/drivers/platform:acer-wmi/acer-wmi/nitro_sense
2026-03-11 00:54:02,026 - DAMXDaemon - INFO - Four-zone keyboard: No
2026-03-11 00:54:02,026 - DAMXDaemon - INFO - Available features: usb_charging, thermal_profile, fan_speed, battery_calibration, backlight_timeout, battery_limiter
2026-03-11 00:54:02,026 - DAMXDaemon - INFO - Driver Version: 25.701
2026-03-11 00:54:02,027 - DAMXDaemon - INFO - Log level set to INFO
2026-03-11 00:54:02,027 - DAMXDaemon - INFO - ** Starting DAMX-Daemon v0.4.6 **
2026-03-11 00:54:02,028 - DAMXDaemon - INFO - linuwu_sense module found. Proceeding with initialization.
2026-03-11 00:54:02,228 - DAMXDaemon - INFO - Detected laptop type: NITRO
2026-03-11 00:54:02,228 - DAMXDaemon - INFO - Base path: /sys/module/linuwu_sense/drivers/platform:acer-wmi/acer-wmi/nitro_sense
2026-03-11 00:54:02,228 - DAMXDaemon - INFO - Four-zone keyboard: No
2026-03-11 00:54:02,229 - DAMXDaemon - INFO - Available features: usb_charging, thermal_profile, fan_speed, battery_calibration, backlight_timeout, battery_limiter
2026-03-11 00:54:02,229 - DAMXDaemon - INFO - PowerSourceDetector initialized
2026-03-11 00:54:02,243 - DAMXDaemon - INFO - Switched to AC power
2026-03-11 00:54:02,244 - DAMXDaemon - INFO - Monitoring power source started
2026-03-11 00:54:02,244 - DAMXDaemon - INFO - Detected features: backlight_timeout, battery_calibration, battery_limiter, fan_speed, thermal_profile, usb_charging
2026-03-11 00:54:02,245 - DAMXDaemon - INFO - Monitoring power source started
2026-03-11 00:54:02,245 - DAMXDaemon - INFO - Server listening on /var/run/DAMX.sock
                                                                                                                                                                                                                                                                                                                                                                              2026-03-11 01:01:27,939 - DAMXDaemon - INFO - ** Starting DAMX-Daemon v0.4.6 **
2026-03-11 01:01:27,939 - DAMXDaemon - INFO - linuwu_sense module found. Proceeding with initialization.
2026-03-11 01:01:28,139 - DAMXDaemon - INFO - Detected laptop type: NITRO
2026-03-11 01:01:28,140 - DAMXDaemon - INFO - Base path: /sys/module/linuwu_sense/drivers/platform:acer-wmi/acer-wmi/nitro_sense
2026-03-11 01:01:28,140 - DAMXDaemon - INFO - Four-zone keyboard: No
2026-03-11 01:01:28,140 - DAMXDaemon - INFO - Available features: thermal_profile, fan_speed, battery_calibration, usb_charging, battery_limiter, backlight_timeout
2026-03-11 01:01:28,140 - DAMXDaemon - INFO - Driver Version: 25.701
2026-03-11 01:01:28,141 - DAMXDaemon - INFO - Log level set to INFO
2026-03-11 01:01:28,141 - DAMXDaemon - INFO - ** Starting DAMX-Daemon v0.4.6 **
2026-03-11 01:01:28,141 - DAMXDaemon - INFO - linuwu_sense module found. Proceeding with initialization.
2026-03-11 01:01:28,341 - DAMXDaemon - INFO - Detected laptop type: NITRO
2026-03-11 01:01:28,341 - DAMXDaemon - INFO - Base path: /sys/module/linuwu_sense/drivers/platform:acer-wmi/acer-wmi/nitro_sense
2026-03-11 01:01:28,341 - DAMXDaemon - INFO - Four-zone keyboard: No
2026-03-11 01:01:28,341 - DAMXDaemon - INFO - Available features: thermal_profile, fan_speed, battery_calibration, usb_charging, battery_limiter, backlight_timeout
2026-03-11 01:01:28,341 - DAMXDaemon - INFO - PowerSourceDetector initialized
2026-03-11 01:01:28,350 - DAMXDaemon - INFO - Switched to battery power
2026-03-11 01:01:28,350 - DAMXDaemon - INFO - Monitoring power source started
2026-03-11 01:01:28,350 - DAMXDaemon - INFO - Detected features: backlight_timeout, battery_calibration, battery_limiter, fan_speed, thermal_profile, usb_charging
2026-03-11 01:01:28,351 - DAMXDaemon - INFO - Monitoring power source started
2026-03-11 01:01:28,351 - DAMXDaemon - INFO - Server listening on /var/run/DAMX.sock
2026-03-11 01:02:28,790 - DAMXDaemon - INFO - Received signal 15, shutting down...
2026-03-11 01:02:29,415 - DAMXDaemon - INFO - Cleaning up resources...
2026-03-11 01:02:29,415 - DAMXDaemon - INFO - Stopping server...
2026-03-11 01:02:29,415 - DAMXDaemon - INFO - Removed socket file: /var/run/DAMX.sock
2026-03-11 01:02:29,415 - DAMXDaemon - INFO - Daemon stopped
2026-03-11 01:05:28,668 - DAMXDaemon - INFO - ** Starting DAMX-Daemon v0.4.6 **
2026-03-11 01:05:28,669 - DAMXDaemon - INFO - linuwu_sense module found. Proceeding with initialization.
2026-03-11 01:05:28,869 - DAMXDaemon - INFO - Detected laptop type: NITRO
2026-03-11 01:05:28,869 - DAMXDaemon - INFO - Base path: /sys/module/linuwu_sense/drivers/platform:acer-wmi/acer-wmi/nitro_sense
2026-03-11 01:05:28,869 - DAMXDaemon - INFO - Four-zone keyboard: No
2026-03-11 01:05:28,869 - DAMXDaemon - INFO - Available features: battery_calibration, thermal_profile, usb_charging, battery_limiter, backlight_timeout, fan_speed
2026-03-11 01:05:28,869 - DAMXDaemon - INFO - Driver Version: 25.701
2026-03-11 01:05:28,870 - DAMXDaemon - INFO - Log level set to INFO
2026-03-11 01:05:28,870 - DAMXDaemon - INFO - ** Starting DAMX-Daemon v0.4.6 **
2026-03-11 01:05:28,870 - DAMXDaemon - INFO - linuwu_sense module found. Proceeding with initialization.
2026-03-11 01:05:29,071 - DAMXDaemon - INFO - Detected laptop type: NITRO
2026-03-11 01:05:29,071 - DAMXDaemon - INFO - Base path: /sys/module/linuwu_sense/drivers/platform:acer-wmi/acer-wmi/nitro_sense
2026-03-11 01:05:29,071 - DAMXDaemon - INFO - Four-zone keyboard: No
2026-03-11 01:05:29,071 - DAMXDaemon - INFO - Available features: battery_calibration, thermal_profile, usb_charging, battery_limiter, backlight_timeout, fan_speed
2026-03-11 01:05:29,071 - DAMXDaemon - INFO - PowerSourceDetector initialized
2026-03-11 01:05:29,082 - DAMXDaemon - INFO - Switched to battery power
2026-03-11 01:05:29,082 - DAMXDaemon - INFO - Monitoring power source started
2026-03-11 01:05:29,082 - DAMXDaemon - INFO - Detected features: backlight_timeout, battery_calibration, battery_limiter, fan_speed, thermal_profile, usb_charging
2026-03-11 01:05:29,083 - DAMXDaemon - INFO - Monitoring power source started
2026-03-11 01:05:29,083 - DAMXDaemon - INFO - Server listening on /var/run/DAMX.sock
                                                                                   2026-03-11 01:07:09,696 - DAMXDaemon - INFO - ** Starting DAMX-Daemon v0.4.6 **
2026-03-11 01:07:09,697 - DAMXDaemon - INFO - linuwu_sense module found. Proceeding with initialization.
2026-03-11 01:07:09,897 - DAMXDaemon - INFO - Detected laptop type: NITRO
2026-03-11 01:07:09,897 - DAMXDaemon - INFO - Base path: /sys/module/linuwu_sense/drivers/platform:acer-wmi/acer-wmi/nitro_sense
2026-03-11 01:07:09,897 - DAMXDaemon - INFO - Four-zone keyboard: No
2026-03-11 01:07:09,897 - DAMXDaemon - INFO - Available features: battery_calibration, usb_charging, battery_limiter, fan_speed, backlight_timeout, thermal_profile
2026-03-11 01:07:09,897 - DAMXDaemon - INFO - Driver Version: 25.701
2026-03-11 01:07:09,898 - DAMXDaemon - INFO - Log level set to INFO
2026-03-11 01:07:09,898 - DAMXDaemon - INFO - ** Starting DAMX-Daemon v0.4.6 **
2026-03-11 01:07:09,898 - DAMXDaemon - INFO - linuwu_sense module found. Proceeding with initialization.
2026-03-11 01:07:10,099 - DAMXDaemon - INFO - Detected laptop type: NITRO
2026-03-11 01:07:10,099 - DAMXDaemon - INFO - Base path: /sys/module/linuwu_sense/drivers/platform:acer-wmi/acer-wmi/nitro_sense
2026-03-11 01:07:10,099 - DAMXDaemon - INFO - Four-zone keyboard: No
2026-03-11 01:07:10,099 - DAMXDaemon - INFO - Available features: battery_calibration, usb_charging, battery_limiter, fan_speed, backlight_timeout, thermal_profile
2026-03-11 01:07:10,099 - DAMXDaemon - INFO - PowerSourceDetector initialized
2026-03-11 01:07:10,111 - DAMXDaemon - INFO - Switched to battery power
2026-03-11 01:07:10,112 - DAMXDaemon - INFO - Monitoring power source started
2026-03-11 01:07:10,112 - DAMXDaemon - INFO - Detected features: backlight_timeout, battery_calibration, battery_limiter, fan_speed, thermal_profile, usb_charging
2026-03-11 01:07:10,113 - DAMXDaemon - INFO - Monitoring power source started
2026-03-11 01:07:10,113 - DAMXDaemon - INFO - Server listening on /var/run/DAMX.sock
2026-03-11 01:07:27,652 - DAMXDaemon - INFO - Processing command: get_supported_features with params: {}
2026-03-11 01:07:27,659 - DAMXDaemon - INFO - Processing command: get_all_settings with params: {}
2026-03-11 01:07:31,081 - DAMXDaemon - INFO - Processing command: set_fan_speed with params: {'cpu': 100, 'gpu': 100}
2026-03-11 01:08:26,952 - DAMXDaemon - INFO - Processing command: set_fan_speed with params: {'cpu': 0, 'gpu': 0}
2026-03-11 01:08:26,960 - DAMXDaemon - INFO - Processing command: get_all_settings with params: {}
2026-03-11 01:08:59,536 - DAMXDaemon - INFO - Processing command: get_supported_features with params: {}
2026-03-11 01:08:59,545 - DAMXDaemon - INFO - Processing command: get_all_settings with params: {}
2026-03-11 01:09:13,499 - DAMXDaemon - INFO - Received signal 15, shutting down...
2026-03-11 01:09:13,524 - DAMXDaemon - INFO - Cleaning up resources...
2026-03-11 01:09:13,525 - DAMXDaemon - INFO - Stopping server...
2026-03-11 01:09:13,525 - DAMXDaemon - INFO - Removed socket file: /var/run/DAMX.sock
2026-03-11 01:09:13,525 - DAMXDaemon - INFO - Daemon stopped
2026-03-11 01:14:14,698 - DAMXDaemon - INFO - ** Starting DAMX-Daemon v0.4.6 **
2026-03-11 01:14:14,699 - DAMXDaemon - INFO - linuwu_sense module found. Proceeding with initialization.
2026-03-11 01:14:14,899 - DAMXDaemon - INFO - Detected laptop type: NITRO
2026-03-11 01:14:14,899 - DAMXDaemon - INFO - Base path: /sys/module/linuwu_sense/drivers/platform:acer-wmi/acer-wmi/nitro_sense
2026-03-11 01:14:14,899 - DAMXDaemon - INFO - Four-zone keyboard: No
2026-03-11 01:14:14,899 - DAMXDaemon - INFO - Available features: backlight_timeout, thermal_profile, fan_speed, battery_calibration, battery_limiter, usb_charging
2026-03-11 01:14:14,899 - DAMXDaemon - INFO - Driver Version: 25.701
2026-03-11 01:14:14,900 - DAMXDaemon - INFO - Log level set to INFO
2026-03-11 01:14:14,900 - DAMXDaemon - INFO - ** Starting DAMX-Daemon v0.4.6 **
2026-03-11 01:14:14,901 - DAMXDaemon - INFO - linuwu_sense module found. Proceeding with initialization.
2026-03-11 01:14:15,101 - DAMXDaemon - INFO - Detected laptop type: NITRO
2026-03-11 01:14:15,101 - DAMXDaemon - INFO - Base path: /sys/module/linuwu_sense/drivers/platform:acer-wmi/acer-wmi/nitro_sense
2026-03-11 01:14:15,101 - DAMXDaemon - INFO - Four-zone keyboard: No
2026-03-11 01:14:15,101 - DAMXDaemon - INFO - Available features: backlight_timeout, thermal_profile, fan_speed, battery_calibration, battery_limiter, usb_charging
2026-03-11 01:14:15,101 - DAMXDaemon - INFO - PowerSourceDetector initialized
2026-03-11 01:14:15,111 - DAMXDaemon - INFO - Switched to battery power
2026-03-11 01:14:15,111 - DAMXDaemon - INFO - Monitoring power source started
2026-03-11 01:14:15,111 - DAMXDaemon - INFO - Detected features: backlight_timeout, battery_calibration, battery_limiter, fan_speed, thermal_profile, usb_charging
2026-03-11 01:14:15,112 - DAMXDaemon - INFO - Monitoring power source started
2026-03-11 01:14:15,112 - DAMXDaemon - INFO - Server listening on /var/run/DAMX.sock
2026-03-11 01:14:48,635 - DAMXDaemon - INFO - Processing command: get_supported_features with params: {}
2026-03-11 01:14:48,641 - DAMXDaemon - INFO - Processing command: get_all_settings with params: {}
2026-03-11 01:14:50,122 - DAMXDaemon - INFO - Switched to AC power
2026-03-11 01:15:02,083 - DAMXDaemon - INFO - Received signal 15, shutting down...
2026-03-11 01:15:02,628 - DAMXDaemon - INFO - Cleaning up resources...
2026-03-11 01:15:02,628 - DAMXDaemon - INFO - Stopping server...
2026-03-11 01:15:02,628 - DAMXDaemon - INFO - Removed socket file: /var/run/DAMX.sock
2026-03-11 01:15:02,628 - DAMXDaemon - INFO - Daemon stopped
2026-03-11 01:15:23,660 - DAMXDaemon - INFO - ** Starting DAMX-Daemon v0.4.6 **
2026-03-11 01:15:23,660 - DAMXDaemon - INFO - linuwu_sense module found. Proceeding with initialization.
2026-03-11 01:15:23,861 - DAMXDaemon - INFO - Detected laptop type: NITRO
2026-03-11 01:15:23,861 - DAMXDaemon - INFO - Base path: /sys/module/linuwu_sense/drivers/platform:acer-wmi/acer-wmi/nitro_sense
2026-03-11 01:15:23,861 - DAMXDaemon - INFO - Four-zone keyboard: No
2026-03-11 01:15:23,861 - DAMXDaemon - INFO - Available features: battery_calibration, fan_speed, battery_limiter, usb_charging, backlight_timeout, thermal_profile
2026-03-11 01:15:23,861 - DAMXDaemon - INFO - Driver Version: 25.701
2026-03-11 01:15:23,862 - DAMXDaemon - INFO - Log level set to INFO
2026-03-11 01:15:23,862 - DAMXDaemon - INFO - ** Starting DAMX-Daemon v0.4.6 **
2026-03-11 01:15:23,862 - DAMXDaemon - INFO - linuwu_sense module found. Proceeding with initialization.
2026-03-11 01:15:24,063 - DAMXDaemon - INFO - Detected laptop type: NITRO
2026-03-11 01:15:24,063 - DAMXDaemon - INFO - Base path: /sys/module/linuwu_sense/drivers/platform:acer-wmi/acer-wmi/nitro_sense
2026-03-11 01:15:24,063 - DAMXDaemon - INFO - Four-zone keyboard: No
2026-03-11 01:15:24,063 - DAMXDaemon - INFO - Available features: battery_calibration, fan_speed, battery_limiter, usb_charging, backlight_timeout, thermal_profile
2026-03-11 01:15:24,064 - DAMXDaemon - INFO - PowerSourceDetector initialized
2026-03-11 01:15:24,081 - DAMXDaemon - INFO - Switched to AC power
2026-03-11 01:15:24,082 - DAMXDaemon - INFO - Monitoring power source started
2026-03-11 01:15:24,082 - DAMXDaemon - INFO - Detected features: backlight_timeout, battery_calibration, battery_limiter, fan_speed, thermal_profile, usb_charging
2026-03-11 01:15:24,083 - DAMXDaemon - INFO - Monitoring power source started
2026-03-11 01:15:24,084 - DAMXDaemon - INFO - Server listening on /var/run/DAMX.sock
                                                                                   2026-03-11 01:16:46,685 - DAMXDaemon - INFO - ** Starting DAMX-Daemon v0.4.6 **
2026-03-11 01:16:46,686 - DAMXDaemon - INFO - linuwu_sense module found. Proceeding with initialization.
2026-03-11 01:16:46,886 - DAMXDaemon - INFO - Detected laptop type: NITRO
2026-03-11 01:16:46,886 - DAMXDaemon - INFO - Base path: /sys/module/linuwu_sense/drivers/platform:acer-wmi/acer-wmi/nitro_sense
2026-03-11 01:16:46,886 - DAMXDaemon - INFO - Four-zone keyboard: No
2026-03-11 01:16:46,886 - DAMXDaemon - INFO - Available features: battery_limiter, thermal_profile, fan_speed, backlight_timeout, usb_charging, battery_calibration
2026-03-11 01:16:46,886 - DAMXDaemon - INFO - Driver Version: 25.701
2026-03-11 01:16:46,887 - DAMXDaemon - INFO - Log level set to INFO
2026-03-11 01:16:46,887 - DAMXDaemon - INFO - ** Starting DAMX-Daemon v0.4.6 **
2026-03-11 01:16:46,887 - DAMXDaemon - INFO - linuwu_sense module found. Proceeding with initialization.
2026-03-11 01:16:47,088 - DAMXDaemon - INFO - Detected laptop type: NITRO
2026-03-11 01:16:47,088 - DAMXDaemon - INFO - Base path: /sys/module/linuwu_sense/drivers/platform:acer-wmi/acer-wmi/nitro_sense
2026-03-11 01:16:47,088 - DAMXDaemon - INFO - Four-zone keyboard: No
2026-03-11 01:16:47,088 - DAMXDaemon - INFO - Available features: battery_limiter, thermal_profile, fan_speed, backlight_timeout, usb_charging, battery_calibration
2026-03-11 01:16:47,088 - DAMXDaemon - INFO - PowerSourceDetector initialized
2026-03-11 01:16:47,099 - DAMXDaemon - INFO - Switched to AC power
2026-03-11 01:16:47,099 - DAMXDaemon - INFO - Monitoring power source started
2026-03-11 01:16:47,100 - DAMXDaemon - INFO - Detected features: backlight_timeout, battery_calibration, battery_limiter, fan_speed, thermal_profile, usb_charging
2026-03-11 01:16:47,100 - DAMXDaemon - INFO - Monitoring power source started
2026-03-11 01:16:47,100 - DAMXDaemon - INFO - Server listening on /var/run/DAMX.sock
2026-03-11 12:13:15,633 - DAMXDaemon - INFO - Switched to battery power
2026-03-11 12:13:37,639 - DAMXDaemon - INFO - Processing command: get_supported_features with params: {}
2026-03-11 12:13:37,670 - DAMXDaemon - INFO - Processing command: get_all_settings with params: {}
2026-03-11 12:13:43,934 - DAMXDaemon - INFO - Processing command: set_thermal_profile with params: {'profile': 'low-power'}
2026-03-11 12:13:44,982 - DAMXDaemon - INFO - Processing command: get_all_settings with params: {}
2026-03-11 12:14:21,027 - DAMXDaemon - INFO - Processing command: get_supported_features with params: {}
2026-03-11 12:14:21,048 - DAMXDaemon - INFO - Processing command: get_all_settings with params: {}
2026-03-11 12:14:21,238 - DAMXDaemon - INFO - Processing command: set_thermal_profile with params: {'profile': 'low-power'}
2026-03-11 12:14:22,292 - DAMXDaemon - INFO - Processing command: get_all_settings with params: {}
2026-03-11 15:21:23,027 - DAMXDaemon - INFO - Switched to AC power
2026-03-11 15:21:54,743 - DAMXDaemon - INFO - Processing command: get_supported_features with params: {}
2026-03-11 15:21:54,765 - DAMXDaemon - INFO - Processing command: get_all_settings with params: {}
2026-03-11 15:21:59,851 - DAMXDaemon - INFO - Processing command: set_battery_limiter with params: {'enabled': True}
2026-03-11 15:48:43,136 - DAMXDaemon - INFO - Processing command: get_supported_features with params: {}
2026-03-11 15:48:43,161 - DAMXDaemon - INFO - Processing command: get_all_settings with params: {}
2026-03-11 20:25:05,751 - DAMXDaemon - INFO - Received signal 15, shutting down...
2026-03-11 20:25:05,752 - DAMXDaemon - INFO - Received signal 15, shutting down...
2026-03-11 20:25:05,911 - DAMXDaemon - INFO - Cleaning up resources...
2026-03-11 20:25:05,911 - DAMXDaemon - INFO - Stopping server...
2026-03-11 20:25:05,911 - DAMXDaemon - INFO - Removed socket file: /var/run/DAMX.sock
2026-03-11 20:25:05,911 - DAMXDaemon - INFO - Daemon stopped
2026-03-11 22:31:04,807 - DAMXDaemon - INFO - ** Starting DAMX-Daemon v0.4.6 **
2026-03-11 22:31:04,808 - DAMXDaemon - INFO - linuwu_sense module found. Proceeding with initialization.
2026-03-11 22:31:05,008 - DAMXDaemon - INFO - Detected laptop type: NITRO
2026-03-11 22:31:05,008 - DAMXDaemon - INFO - Base path: /sys/module/linuwu_sense/drivers/platform:acer-wmi/acer-wmi/nitro_sense
2026-03-11 22:31:05,008 - DAMXDaemon - INFO - Four-zone keyboard: No
2026-03-11 22:31:05,008 - DAMXDaemon - INFO - Available features: thermal_profile, battery_calibration, fan_speed, usb_charging, battery_limiter, backlight_timeout
2026-03-11 22:31:05,008 - DAMXDaemon - INFO - Driver Version: 25.701
2026-03-11 22:31:05,009 - DAMXDaemon - INFO - Log level set to INFO
2026-03-11 22:31:05,009 - DAMXDaemon - INFO - ** Starting DAMX-Daemon v0.4.6 **
2026-03-11 22:31:05,009 - DAMXDaemon - INFO - linuwu_sense module found. Proceeding with initialization.
2026-03-11 22:31:05,210 - DAMXDaemon - INFO - Detected laptop type: NITRO
2026-03-11 22:31:05,210 - DAMXDaemon - INFO - Base path: /sys/module/linuwu_sense/drivers/platform:acer-wmi/acer-wmi/nitro_sense
2026-03-11 22:31:05,210 - DAMXDaemon - INFO - Four-zone keyboard: No
2026-03-11 22:31:05,210 - DAMXDaemon - INFO - Available features: thermal_profile, battery_calibration, fan_speed, usb_charging, battery_limiter, backlight_timeout
2026-03-11 22:31:05,210 - DAMXDaemon - INFO - PowerSourceDetector initialized
2026-03-11 22:31:05,222 - DAMXDaemon - INFO - Switched to AC power
2026-03-11 22:31:05,222 - DAMXDaemon - INFO - Monitoring power source started
2026-03-11 22:31:05,223 - DAMXDaemon - INFO - Detected features: backlight_timeout, battery_calibration, battery_limiter, fan_speed, thermal_profile, usb_charging
2026-03-11 22:31:05,223 - DAMXDaemon - INFO - Monitoring power source started
2026-03-11 22:31:05,223 - DAMXDaemon - INFO - Server listening on /var/run/DAMX.sock
2026-03-11 22:32:19,220 - DAMXDaemon - INFO - Received signal 15, shutting down...
2026-03-11 22:32:19,307 - DAMXDaemon - INFO - Cleaning up resources...
2026-03-11 22:32:19,307 - DAMXDaemon - INFO - Stopping server...
2026-03-11 22:32:19,307 - DAMXDaemon - INFO - Removed socket file: /var/run/DAMX.sock
2026-03-11 22:32:19,308 - DAMXDaemon - INFO - Daemon stopped
2026-03-11 22:35:31,857 - DAMXDaemon - INFO - ** Starting DAMX-Daemon v0.4.6 **
2026-03-11 22:35:31,858 - DAMXDaemon - INFO - linuwu_sense module found. Proceeding with initialization.
2026-03-11 22:35:32,058 - DAMXDaemon - INFO - Detected laptop type: NITRO
2026-03-11 22:35:32,059 - DAMXDaemon - INFO - Base path: /sys/module/linuwu_sense/drivers/platform:acer-wmi/acer-wmi/nitro_sense
2026-03-11 22:35:32,059 - DAMXDaemon - INFO - Four-zone keyboard: No
2026-03-11 22:35:32,059 - DAMXDaemon - INFO - Available features: thermal_profile, usb_charging, backlight_timeout, fan_speed, battery_calibration, battery_limiter
2026-03-11 22:35:32,059 - DAMXDaemon - INFO - Driver Version: 25.701
2026-03-11 22:35:32,060 - DAMXDaemon - INFO - Log level set to INFO
2026-03-11 22:35:32,060 - DAMXDaemon - INFO - ** Starting DAMX-Daemon v0.4.6 **
2026-03-11 22:35:32,060 - DAMXDaemon - INFO - linuwu_sense module found. Proceeding with initialization.
2026-03-11 22:35:32,261 - DAMXDaemon - INFO - Detected laptop type: NITRO
2026-03-11 22:35:32,261 - DAMXDaemon - INFO - Base path: /sys/module/linuwu_sense/drivers/platform:acer-wmi/acer-wmi/nitro_sense
2026-03-11 22:35:32,262 - DAMXDaemon - INFO - Four-zone keyboard: No
2026-03-11 22:35:32,262 - DAMXDaemon - INFO - Available features: thermal_profile, usb_charging, backlight_timeout, fan_speed, battery_calibration, battery_limiter
2026-03-11 22:35:32,262 - DAMXDaemon - INFO - PowerSourceDetector initialized
2026-03-11 22:35:32,280 - DAMXDaemon - INFO - Switched to AC power
2026-03-11 22:35:32,281 - DAMXDaemon - INFO - Monitoring power source started
2026-03-11 22:35:32,281 - DAMXDaemon - INFO - Detected features: backlight_timeout, battery_calibration, battery_limiter, fan_speed, thermal_profile, usb_charging
2026-03-11 22:35:32,282 - DAMXDaemon - INFO - Monitoring power source started
2026-03-11 22:35:32,282 - DAMXDaemon - INFO - Server listening on /var/run/DAMX.sock
                                                                                   2026-03-11 22:36:21,853 - DAMXDaemon - INFO - ** Starting DAMX-Daemon v0.4.6 **
2026-03-11 22:36:21,854 - DAMXDaemon - INFO - linuwu_sense module found. Proceeding with initialization.
2026-03-11 22:36:22,054 - DAMXDaemon - INFO - Detected laptop type: NITRO
2026-03-11 22:36:22,054 - DAMXDaemon - INFO - Base path: /sys/module/linuwu_sense/drivers/platform:acer-wmi/acer-wmi/nitro_sense
2026-03-11 22:36:22,054 - DAMXDaemon - INFO - Four-zone keyboard: No
2026-03-11 22:36:22,054 - DAMXDaemon - INFO - Available features: fan_speed, battery_limiter, backlight_timeout, usb_charging, thermal_profile, battery_calibration
2026-03-11 22:36:22,055 - DAMXDaemon - INFO - Driver Version: 25.701
2026-03-11 22:36:22,056 - DAMXDaemon - INFO - Log level set to INFO
2026-03-11 22:36:22,056 - DAMXDaemon - INFO - ** Starting DAMX-Daemon v0.4.6 **
2026-03-11 22:36:22,056 - DAMXDaemon - INFO - linuwu_sense module found. Proceeding with initialization.
2026-03-11 22:36:22,256 - DAMXDaemon - INFO - Detected laptop type: NITRO
2026-03-11 22:36:22,257 - DAMXDaemon - INFO - Base path: /sys/module/linuwu_sense/drivers/platform:acer-wmi/acer-wmi/nitro_sense
2026-03-11 22:36:22,257 - DAMXDaemon - INFO - Four-zone keyboard: No
2026-03-11 22:36:22,257 - DAMXDaemon - INFO - Available features: fan_speed, battery_limiter, backlight_timeout, usb_charging, thermal_profile, battery_calibration
2026-03-11 22:36:22,257 - DAMXDaemon - INFO - PowerSourceDetector initialized
2026-03-11 22:36:22,273 - DAMXDaemon - INFO - Switched to AC power
2026-03-11 22:36:22,274 - DAMXDaemon - INFO - Monitoring power source started
2026-03-11 22:36:22,274 - DAMXDaemon - INFO - Detected features: backlight_timeout, battery_calibration, battery_limiter, fan_speed, thermal_profile, usb_charging
2026-03-11 22:36:22,275 - DAMXDaemon - INFO - Monitoring power source started
2026-03-11 22:36:22,276 - DAMXDaemon - INFO - Server listening on /var/run/DAMX.sock
                                                                                   2026-03-11 22:37:11,800 - DAMXDaemon - INFO - ** Starting DAMX-Daemon v0.4.6 **
2026-03-11 22:37:11,800 - DAMXDaemon - INFO - linuwu_sense module found. Proceeding with initialization.
2026-03-11 22:37:12,001 - DAMXDaemon - INFO - Detected laptop type: NITRO
2026-03-11 22:37:12,001 - DAMXDaemon - INFO - Base path: /sys/module/linuwu_sense/drivers/platform:acer-wmi/acer-wmi/nitro_sense
2026-03-11 22:37:12,001 - DAMXDaemon - INFO - Four-zone keyboard: No
2026-03-11 22:37:12,001 - DAMXDaemon - INFO - Available features: battery_limiter, backlight_timeout, usb_charging, fan_speed, battery_calibration, thermal_profile
2026-03-11 22:37:12,001 - DAMXDaemon - INFO - Driver Version: 25.701
2026-03-11 22:37:12,002 - DAMXDaemon - INFO - Log level set to INFO
2026-03-11 22:37:12,002 - DAMXDaemon - INFO - ** Starting DAMX-Daemon v0.4.6 **
2026-03-11 22:37:12,002 - DAMXDaemon - INFO - linuwu_sense module found. Proceeding with initialization.
2026-03-11 22:37:12,203 - DAMXDaemon - INFO - Detected laptop type: NITRO
2026-03-11 22:37:12,203 - DAMXDaemon - INFO - Base path: /sys/module/linuwu_sense/drivers/platform:acer-wmi/acer-wmi/nitro_sense
2026-03-11 22:37:12,203 - DAMXDaemon - INFO - Four-zone keyboard: No
2026-03-11 22:37:12,203 - DAMXDaemon - INFO - Available features: battery_limiter, backlight_timeout, usb_charging, fan_speed, battery_calibration, thermal_profile
2026-03-11 22:37:12,203 - DAMXDaemon - INFO - PowerSourceDetector initialized
2026-03-11 22:37:12,217 - DAMXDaemon - INFO - Switched to AC power
2026-03-11 22:37:12,218 - DAMXDaemon - INFO - Monitoring power source started
2026-03-11 22:37:12,218 - DAMXDaemon - INFO - Detected features: backlight_timeout, battery_calibration, battery_limiter, fan_speed, thermal_profile, usb_charging
2026-03-11 22:37:12,219 - DAMXDaemon - INFO - Monitoring power source started
2026-03-11 22:37:12,219 - DAMXDaemon - INFO - Server listening on /var/run/DAMX.sock
2026-03-11 22:37:52,055 - DAMXDaemon - INFO - Received signal 15, shutting down...
2026-03-11 22:37:52,261 - DAMXDaemon - INFO - Cleaning up resources...
2026-03-11 22:37:52,261 - DAMXDaemon - INFO - Stopping server...
2026-03-11 22:37:52,261 - DAMXDaemon - INFO - Removed socket file: /var/run/DAMX.sock
2026-03-11 22:37:52,261 - DAMXDaemon - INFO - Daemon stopped
2026-03-11 22:38:17,864 - DAMXDaemon - INFO - ** Starting DAMX-Daemon v0.4.6 **
2026-03-11 22:38:17,865 - DAMXDaemon - INFO - linuwu_sense module found. Proceeding with initialization.
2026-03-11 22:38:18,065 - DAMXDaemon - INFO - Detected laptop type: NITRO
2026-03-11 22:38:18,065 - DAMXDaemon - INFO - Base path: /sys/module/linuwu_sense/drivers/platform:acer-wmi/acer-wmi/nitro_sense
2026-03-11 22:38:18,065 - DAMXDaemon - INFO - Four-zone keyboard: No
2026-03-11 22:38:18,065 - DAMXDaemon - INFO - Available features: backlight_timeout, battery_limiter, thermal_profile, usb_charging, fan_speed, battery_calibration
2026-03-11 22:38:18,065 - DAMXDaemon - INFO - Driver Version: 25.701
2026-03-11 22:38:18,067 - DAMXDaemon - INFO - Log level set to INFO
2026-03-11 22:38:18,067 - DAMXDaemon - INFO - ** Starting DAMX-Daemon v0.4.6 **
2026-03-11 22:38:18,067 - DAMXDaemon - INFO - linuwu_sense module found. Proceeding with initialization.
2026-03-11 22:38:18,267 - DAMXDaemon - INFO - Detected laptop type: NITRO
2026-03-11 22:38:18,268 - DAMXDaemon - INFO - Base path: /sys/module/linuwu_sense/drivers/platform:acer-wmi/acer-wmi/nitro_sense
2026-03-11 22:38:18,268 - DAMXDaemon - INFO - Four-zone keyboard: No
2026-03-11 22:38:18,268 - DAMXDaemon - INFO - Available features: backlight_timeout, battery_limiter, thermal_profile, usb_charging, fan_speed, battery_calibration
2026-03-11 22:38:18,268 - DAMXDaemon - INFO - PowerSourceDetector initialized
2026-03-11 22:38:18,285 - DAMXDaemon - INFO - Switched to AC power
2026-03-11 22:38:18,286 - DAMXDaemon - INFO - Monitoring power source started
2026-03-11 22:38:18,287 - DAMXDaemon - INFO - Detected features: backlight_timeout, battery_calibration, battery_limiter, fan_speed, thermal_profile, usb_charging
2026-03-11 22:38:18,288 - DAMXDaemon - INFO - Monitoring power source started
2026-03-11 22:38:18,288 - DAMXDaemon - INFO - Server listening on /var/run/DAMX.sock
2026-03-11 22:38:59,571 - DAMXDaemon - INFO - Processing command: get_supported_features with params: {}
2026-03-11 22:38:59,597 - DAMXDaemon - INFO - Processing command: get_all_settings with params: {}
2026-03-12 18:33:45,795 - DAMXDaemon - INFO - Processing command: get_supported_features with params: {}
2026-03-12 18:33:45,822 - DAMXDaemon - INFO - Processing command: get_all_settings with params: {}
2026-03-12 18:33:51,185 - DAMXDaemon - INFO - Processing command: set_fan_speed with params: {'cpu': 100, 'gpu': 100}
2026-03-12 18:34:12,794 - DAMXDaemon - INFO - Processing command: set_fan_speed with params: {'cpu': 0, 'gpu': 0}
2026-03-12 18:34:12,817 - DAMXDaemon - INFO - Processing command: get_all_settings with params: {}
2026-03-12 20:40:02,551 - DAMXDaemon - INFO - Switched to battery power
2026-03-12 20:40:37,585 - DAMXDaemon - INFO - Switched to AC power
2026-03-13 01:10:00,713 - DAMXDaemon - INFO - Received signal 15, shutting down...
2026-03-13 01:10:00,713 - DAMXDaemon - INFO - Received signal 15, shutting down...
2026-03-13 01:10:01,063 - DAMXDaemon - INFO - Cleaning up resources...
2026-03-13 01:10:01,063 - DAMXDaemon - INFO - Stopping server...
2026-03-13 01:10:01,063 - DAMXDaemon - INFO - Removed socket file: /var/run/DAMX.sock
2026-03-13 01:10:01,063 - DAMXDaemon - INFO - Daemon stopped
2026-03-13 07:25:34,783 - DAMXDaemon - INFO - ** Starting DAMX-Daemon v0.4.6 **
2026-03-13 07:25:34,783 - DAMXDaemon - INFO - linuwu_sense module found. Proceeding with initialization.
2026-03-13 07:25:34,983 - DAMXDaemon - INFO - Detected laptop type: NITRO
2026-03-13 07:25:34,983 - DAMXDaemon - INFO - Base path: /sys/module/linuwu_sense/drivers/platform:acer-wmi/acer-wmi/nitro_sense
2026-03-13 07:25:34,984 - DAMXDaemon - INFO - Four-zone keyboard: No
2026-03-13 07:25:34,984 - DAMXDaemon - INFO - Available features: fan_speed, backlight_timeout, battery_limiter, thermal_profile, battery_calibration, usb_charging
2026-03-13 07:25:34,984 - DAMXDaemon - INFO - Driver Version: 25.701
2026-03-13 07:25:34,985 - DAMXDaemon - INFO - Log level set to INFO
2026-03-13 07:25:34,985 - DAMXDaemon - INFO - ** Starting DAMX-Daemon v0.4.6 **
2026-03-13 07:25:34,985 - DAMXDaemon - INFO - linuwu_sense module found. Proceeding with initialization.
2026-03-13 07:25:35,186 - DAMXDaemon - INFO - Detected laptop type: NITRO
2026-03-13 07:25:35,186 - DAMXDaemon - INFO - Base path: /sys/module/linuwu_sense/drivers/platform:acer-wmi/acer-wmi/nitro_sense
2026-03-13 07:25:35,186 - DAMXDaemon - INFO - Four-zone keyboard: No
2026-03-13 07:25:35,186 - DAMXDaemon - INFO - Available features: fan_speed, backlight_timeout, battery_limiter, thermal_profile, battery_calibration, usb_charging
2026-03-13 07:25:35,186 - DAMXDaemon - INFO - PowerSourceDetector initialized
2026-03-13 07:25:35,201 - DAMXDaemon - INFO - Switched to battery power
2026-03-13 07:25:35,202 - DAMXDaemon - INFO - Monitoring power source started
2026-03-13 07:25:35,202 - DAMXDaemon - INFO - Detected features: backlight_timeout, battery_calibration, battery_limiter, fan_speed, thermal_profile, usb_charging
2026-03-13 07:25:35,203 - DAMXDaemon - INFO - Monitoring power source started
2026-03-13 07:25:35,203 - DAMXDaemon - INFO - Server listening on /var/run/DAMX.sock
                                                                                   2026-03-13 07:27:21,912 - DAMXDaemon - INFO - ** Starting DAMX-Daemon v0.4.6 **
2026-03-13 07:27:21,913 - DAMXDaemon - INFO - linuwu_sense module found. Proceeding with initialization.
2026-03-13 07:27:22,113 - DAMXDaemon - INFO - Detected laptop type: NITRO
2026-03-13 07:27:22,113 - DAMXDaemon - INFO - Base path: /sys/module/linuwu_sense/drivers/platform:acer-wmi/acer-wmi/nitro_sense
2026-03-13 07:27:22,113 - DAMXDaemon - INFO - Four-zone keyboard: No
2026-03-13 07:27:22,113 - DAMXDaemon - INFO - Available features: usb_charging, thermal_profile, battery_limiter, fan_speed, battery_calibration, backlight_timeout
2026-03-13 07:27:22,114 - DAMXDaemon - INFO - Driver Version: 25.701
2026-03-13 07:27:22,115 - DAMXDaemon - INFO - Log level set to INFO
2026-03-13 07:27:22,115 - DAMXDaemon - INFO - ** Starting DAMX-Daemon v0.4.6 **
2026-03-13 07:27:22,115 - DAMXDaemon - INFO - linuwu_sense module found. Proceeding with initialization.
2026-03-13 07:27:22,315 - DAMXDaemon - INFO - Detected laptop type: NITRO
2026-03-13 07:27:22,315 - DAMXDaemon - INFO - Base path: /sys/module/linuwu_sense/drivers/platform:acer-wmi/acer-wmi/nitro_sense
2026-03-13 07:27:22,316 - DAMXDaemon - INFO - Four-zone keyboard: No
2026-03-13 07:27:22,316 - DAMXDaemon - INFO - Available features: usb_charging, thermal_profile, battery_limiter, fan_speed, battery_calibration, backlight_timeout
2026-03-13 07:27:22,316 - DAMXDaemon - INFO - PowerSourceDetector initialized
2026-03-13 07:27:22,331 - DAMXDaemon - INFO - Switched to battery power
2026-03-13 07:27:22,332 - DAMXDaemon - INFO - Monitoring power source started
2026-03-13 07:27:22,332 - DAMXDaemon - INFO - Detected features: backlight_timeout, battery_calibration, battery_limiter, fan_speed, thermal_profile, usb_charging
2026-03-13 07:27:22,333 - DAMXDaemon - INFO - Monitoring power source started
2026-03-13 07:27:22,333 - DAMXDaemon - INFO - Server listening on /var/run/DAMX.sock
2026-03-13 07:28:23,915 - DAMXDaemon - INFO - Processing command: get_supported_features with params: {}
2026-03-13 07:28:23,933 - DAMXDaemon - INFO - Processing command: get_all_settings with params: {}
2026-03-13 07:28:29,897 - DAMXDaemon - INFO - Processing command: get_supported_features with params: {}
2026-03-13 07:28:29,922 - DAMXDaemon - INFO - Processing command: get_all_settings with params: {}
2026-03-13 09:40:10,367 - DAMXDaemon - INFO - Switched to AC power
2026-03-13 11:00:48,364 - DAMXDaemon - INFO - Switched to battery power
2026-03-13 11:08:28,517 - DAMXDaemon - INFO - Switched to AC power
2026-03-13 11:42:14,082 - DAMXDaemon - INFO - Switched to battery power
2026-03-13 11:42:19,103 - DAMXDaemon - INFO - Switched to AC power
2026-03-13 20:47:02,958 - DAMXDaemon - INFO - Switched to battery power
2026-03-13 21:46:13,041 - DAMXDaemon - INFO - Switched to AC power
2026-03-14 10:44:14,060 - DAMXDaemon - INFO - Switched to battery power
2026-03-14 10:44:49,045 - DAMXDaemon - INFO - Switched to AC power
2026-03-14 21:05:14,733 - DAMXDaemon - INFO - Processing command: get_supported_features with params: {}
2026-03-14 21:05:14,757 - DAMXDaemon - INFO - Processing command: get_all_settings with params: {}
2026-03-14 21:05:19,247 - DAMXDaemon - INFO - Processing command: set_fan_speed with params: {'cpu': 100, 'gpu': 100}
2026-03-14 21:06:07,477 - DAMXDaemon - INFO - Processing command: set_fan_speed with params: {'cpu': 0, 'gpu': 0}
2026-03-14 21:06:07,498 - DAMXDaemon - INFO - Processing command: get_all_settings with params: {}
2026-03-15 23:38:15,508 - DAMXDaemon - INFO - Switched to battery power
2026-03-16 01:01:41,592 - DAMXDaemon - INFO - Received signal 15, shutting down...
2026-03-16 01:01:41,708 - DAMXDaemon - INFO - Cleaning up resources...
2026-03-16 01:01:41,708 - DAMXDaemon - INFO - Stopping server...
2026-03-16 01:01:41,708 - DAMXDaemon - INFO - Removed socket file: /var/run/DAMX.sock
2026-03-16 01:01:41,708 - DAMXDaemon - INFO - Daemon stopped
2026-03-16 05:18:55,737 - DAMXDaemon - INFO - ** Starting DAMX-Daemon v0.4.6 **
2026-03-16 05:18:55,737 - DAMXDaemon - INFO - linuwu_sense module found. Proceeding with initialization.
2026-03-16 05:18:55,938 - DAMXDaemon - INFO - Detected laptop type: NITRO
2026-03-16 05:18:55,938 - DAMXDaemon - INFO - Base path: /sys/module/linuwu_sense/drivers/platform:acer-wmi/acer-wmi/nitro_sense
2026-03-16 05:18:55,938 - DAMXDaemon - INFO - Four-zone keyboard: No
2026-03-16 05:18:55,938 - DAMXDaemon - INFO - Available features: backlight_timeout, thermal_profile, battery_calibration, usb_charging, battery_limiter, fan_speed
2026-03-16 05:18:55,938 - DAMXDaemon - INFO - Driver Version: 25.701
2026-03-16 05:18:55,939 - DAMXDaemon - INFO - Log level set to INFO
2026-03-16 05:18:55,939 - DAMXDaemon - INFO - ** Starting DAMX-Daemon v0.4.6 **
2026-03-16 05:18:55,939 - DAMXDaemon - INFO - linuwu_sense module found. Proceeding with initialization.
2026-03-16 05:18:56,140 - DAMXDaemon - INFO - Detected laptop type: NITRO
2026-03-16 05:18:56,140 - DAMXDaemon - INFO - Base path: /sys/module/linuwu_sense/drivers/platform:acer-wmi/acer-wmi/nitro_sense
2026-03-16 05:18:56,140 - DAMXDaemon - INFO - Four-zone keyboard: No
2026-03-16 05:18:56,140 - DAMXDaemon - INFO - Available features: backlight_timeout, thermal_profile, battery_calibration, usb_charging, battery_limiter, fan_speed
2026-03-16 05:18:56,140 - DAMXDaemon - INFO - PowerSourceDetector initialized
2026-03-16 05:18:56,155 - DAMXDaemon - INFO - Switched to AC power
2026-03-16 05:18:56,156 - DAMXDaemon - INFO - Monitoring power source started
2026-03-16 05:18:56,156 - DAMXDaemon - INFO - Detected features: backlight_timeout, battery_calibration, battery_limiter, fan_speed, thermal_profile, usb_charging
2026-03-16 05:18:56,157 - DAMXDaemon - INFO - Monitoring power source started
2026-03-16 05:18:56,157 - DAMXDaemon - INFO - Server listening on /var/run/DAMX.sock
2026-03-16 05:22:33,822 - DAMXDaemon - INFO - Processing command: get_supported_features with params: {}
2026-03-16 05:22:33,844 - DAMXDaemon - INFO - Processing command: get_all_settings with params: {}
2026-03-16 05:22:46,267 - DAMXDaemon - INFO - Switched to battery power
2026-03-16 06:19:47,356 - DAMXDaemon - INFO - Switched to AC power
2026-03-16 16:05:46,436 - DAMXDaemon - INFO - Switched to battery power
2026-03-16 17:55:58,507 - DAMXDaemon - INFO - Switched to AC power
2026-03-16 21:31:14,711 - DAMXDaemon - INFO - Processing command: get_supported_features with params: {}
2026-03-16 21:31:14,717 - DAMXDaemon - INFO - Processing command: get_all_settings with params: {}
2026-03-16 21:31:17,823 - DAMXDaemon - INFO - Processing command: set_thermal_profile with params: {'profile': 'balanced-performance'}
2026-03-16 21:31:18,830 - DAMXDaemon - INFO - Processing command: get_all_settings with params: {}
2026-03-16 23:25:33,185 - DAMXDaemon - INFO - Switched to battery power
2026-03-16 23:26:13,196 - DAMXDaemon - INFO - Switched to AC power
2026-03-17 07:00:13,740 - DAMXDaemon - INFO - Switched to battery power
2026-03-17 08:01:32,176 - DAMXDaemon - INFO - Switched to AC power
2026-03-17 15:06:11,934 - DAMXDaemon - INFO - Switched to battery power
2026-03-17 17:23:32,133 - DAMXDaemon - INFO - Received signal 15, shutting down...
2026-03-17 17:23:32,886 - DAMXDaemon - INFO - Cleaning up resources...
2026-03-17 17:23:32,886 - DAMXDaemon - INFO - Stopping server...
2026-03-17 17:23:32,886 - DAMXDaemon - INFO - Removed socket file: /var/run/DAMX.sock
2026-03-17 17:23:32,886 - DAMXDaemon - INFO - Daemon stopped
2026-03-17 19:17:38,854 - DAMXDaemon - INFO - ** Starting DAMX-Daemon v0.4.6 **
2026-03-17 19:17:38,854 - DAMXDaemon - INFO - linuwu_sense module found. Proceeding with initialization.
2026-03-17 19:17:39,055 - DAMXDaemon - INFO - Detected laptop type: NITRO
2026-03-17 19:17:39,055 - DAMXDaemon - INFO - Base path: /sys/module/linuwu_sense/drivers/platform:acer-wmi/acer-wmi/nitro_sense
2026-03-17 19:17:39,055 - DAMXDaemon - INFO - Four-zone keyboard: No
2026-03-17 19:17:39,055 - DAMXDaemon - INFO - Available features: usb_charging, battery_limiter, fan_speed, thermal_profile, battery_calibration, backlight_timeout
2026-03-17 19:17:39,055 - DAMXDaemon - INFO - Driver Version: 25.701
2026-03-17 19:17:39,056 - DAMXDaemon - INFO - Log level set to INFO
2026-03-17 19:17:39,056 - DAMXDaemon - INFO - ** Starting DAMX-Daemon v0.4.6 **
2026-03-17 19:17:39,056 - DAMXDaemon - INFO - linuwu_sense module found. Proceeding with initialization.
2026-03-17 19:17:39,257 - DAMXDaemon - INFO - Detected laptop type: NITRO
2026-03-17 19:17:39,257 - DAMXDaemon - INFO - Base path: /sys/module/linuwu_sense/drivers/platform:acer-wmi/acer-wmi/nitro_sense
2026-03-17 19:17:39,257 - DAMXDaemon - INFO - Four-zone keyboard: No
2026-03-17 19:17:39,257 - DAMXDaemon - INFO - Available features: usb_charging, battery_limiter, fan_speed, thermal_profile, battery_calibration, backlight_timeout
2026-03-17 19:17:39,257 - DAMXDaemon - INFO - PowerSourceDetector initialized
2026-03-17 19:17:39,271 - DAMXDaemon - INFO - Switched to AC power
2026-03-17 19:17:39,272 - DAMXDaemon - INFO - Monitoring power source started
2026-03-17 19:17:39,272 - DAMXDaemon - INFO - Detected features: backlight_timeout, battery_calibration, battery_limiter, fan_speed, thermal_profile, usb_charging
2026-03-17 19:17:39,273 - DAMXDaemon - INFO - Monitoring power source started
2026-03-17 19:17:39,273 - DAMXDaemon - INFO - Server listening on /var/run/DAMX.sock
                                                                                                                                                                                                                                                                                                                                                                                                                                                                 2026-03-17 19:19:01,797 - DAMXDaemon - INFO - ** Starting DAMX-Daemon v0.4.6 **
2026-03-17 19:19:01,803 - DAMXDaemon - INFO - linuwu_sense module found. Proceeding with initialization.
2026-03-17 19:19:02,004 - DAMXDaemon - INFO - Detected laptop type: NITRO
2026-03-17 19:19:02,004 - DAMXDaemon - INFO - Base path: /sys/module/linuwu_sense/drivers/platform:acer-wmi/acer-wmi/nitro_sense
2026-03-17 19:19:02,004 - DAMXDaemon - INFO - Four-zone keyboard: No
2026-03-17 19:19:02,004 - DAMXDaemon - INFO - Available features: battery_limiter, thermal_profile, usb_charging, backlight_timeout, battery_calibration, fan_speed
2026-03-17 19:19:02,004 - DAMXDaemon - INFO - Driver Version: 25.701
2026-03-17 19:19:02,005 - DAMXDaemon - INFO - Log level set to INFO
2026-03-17 19:19:02,005 - DAMXDaemon - INFO - ** Starting DAMX-Daemon v0.4.6 **
2026-03-17 19:19:02,006 - DAMXDaemon - INFO - linuwu_sense module found. Proceeding with initialization.
2026-03-17 19:19:02,206 - DAMXDaemon - INFO - Detected laptop type: NITRO
2026-03-17 19:19:02,206 - DAMXDaemon - INFO - Base path: /sys/module/linuwu_sense/drivers/platform:acer-wmi/acer-wmi/nitro_sense
2026-03-17 19:19:02,206 - DAMXDaemon - INFO - Four-zone keyboard: No
2026-03-17 19:19:02,206 - DAMXDaemon - INFO - Available features: battery_limiter, thermal_profile, usb_charging, backlight_timeout, battery_calibration, fan_speed
2026-03-17 19:19:02,206 - DAMXDaemon - INFO - PowerSourceDetector initialized
2026-03-17 19:19:02,215 - DAMXDaemon - INFO - Switched to AC power
2026-03-17 19:19:02,216 - DAMXDaemon - INFO - Monitoring power source started
2026-03-17 19:19:02,216 - DAMXDaemon - INFO - Detected features: backlight_timeout, battery_calibration, battery_limiter, fan_speed, thermal_profile, usb_charging
2026-03-17 19:19:02,217 - DAMXDaemon - INFO - Monitoring power source started
2026-03-17 19:19:02,217 - DAMXDaemon - INFO - Server listening on /var/run/DAMX.sock
2026-03-17 19:20:19,962 - DAMXDaemon - INFO - Received signal 15, shutting down...
2026-03-17 19:20:20,299 - DAMXDaemon - INFO - Cleaning up resources...
2026-03-17 19:20:20,299 - DAMXDaemon - INFO - Stopping server...
2026-03-17 19:20:20,299 - DAMXDaemon - INFO - Removed socket file: /var/run/DAMX.sock
2026-03-17 19:20:20,299 - DAMXDaemon - INFO - Daemon stopped
2026-03-17 19:20:44,856 - DAMXDaemon - INFO - ** Starting DAMX-Daemon v0.4.6 **
2026-03-17 19:20:44,866 - DAMXDaemon - INFO - linuwu_sense module found. Proceeding with initialization.
2026-03-17 19:20:45,067 - DAMXDaemon - INFO - Detected laptop type: NITRO
2026-03-17 19:20:45,067 - DAMXDaemon - INFO - Base path: /sys/module/linuwu_sense/drivers/platform:acer-wmi/acer-wmi/nitro_sense
2026-03-17 19:20:45,067 - DAMXDaemon - INFO - Four-zone keyboard: No
2026-03-17 19:20:45,067 - DAMXDaemon - INFO - Available features: usb_charging, battery_limiter, backlight_timeout, battery_calibration, fan_speed, thermal_profile
2026-03-17 19:20:45,067 - DAMXDaemon - INFO - Driver Version: 25.701
2026-03-17 19:20:45,068 - DAMXDaemon - INFO - Log level set to INFO
2026-03-17 19:20:45,068 - DAMXDaemon - INFO - ** Starting DAMX-Daemon v0.4.6 **
2026-03-17 19:20:45,068 - DAMXDaemon - INFO - linuwu_sense module found. Proceeding with initialization.
2026-03-17 19:20:45,268 - DAMXDaemon - INFO - Detected laptop type: NITRO
2026-03-17 19:20:45,268 - DAMXDaemon - INFO - Base path: /sys/module/linuwu_sense/drivers/platform:acer-wmi/acer-wmi/nitro_sense
2026-03-17 19:20:45,268 - DAMXDaemon - INFO - Four-zone keyboard: No
2026-03-17 19:20:45,268 - DAMXDaemon - INFO - Available features: usb_charging, battery_limiter, backlight_timeout, battery_calibration, fan_speed, thermal_profile
2026-03-17 19:20:45,268 - DAMXDaemon - INFO - PowerSourceDetector initialized
2026-03-17 19:20:45,281 - DAMXDaemon - INFO - Switched to AC power
2026-03-17 19:20:45,281 - DAMXDaemon - INFO - Monitoring power source started
2026-03-17 19:20:45,281 - DAMXDaemon - INFO - Detected features: backlight_timeout, battery_calibration, battery_limiter, fan_speed, thermal_profile, usb_charging
2026-03-17 19:20:45,282 - DAMXDaemon - INFO - Monitoring power source started
2026-03-17 19:20:45,282 - DAMXDaemon - INFO - Server listening on /var/run/DAMX.sock
                                                                                   2026-03-17 19:22:02,809 - DAMXDaemon - INFO - ** Starting DAMX-Daemon v0.4.6 **
2026-03-17 19:22:02,810 - DAMXDaemon - INFO - linuwu_sense module found. Proceeding with initialization.
2026-03-17 19:22:03,011 - DAMXDaemon - INFO - Detected laptop type: NITRO
2026-03-17 19:22:03,011 - DAMXDaemon - INFO - Base path: /sys/module/linuwu_sense/drivers/platform:acer-wmi/acer-wmi/nitro_sense
2026-03-17 19:22:03,011 - DAMXDaemon - INFO - Four-zone keyboard: No
2026-03-17 19:22:03,011 - DAMXDaemon - INFO - Available features: thermal_profile, backlight_timeout, fan_speed, usb_charging, battery_calibration, battery_limiter
2026-03-17 19:22:03,011 - DAMXDaemon - INFO - Driver Version: 25.701
2026-03-17 19:22:03,014 - DAMXDaemon - INFO - Log level set to INFO
2026-03-17 19:22:03,014 - DAMXDaemon - INFO - ** Starting DAMX-Daemon v0.4.6 **
2026-03-17 19:22:03,014 - DAMXDaemon - INFO - linuwu_sense module found. Proceeding with initialization.
2026-03-17 19:22:03,214 - DAMXDaemon - INFO - Detected laptop type: NITRO
2026-03-17 19:22:03,214 - DAMXDaemon - INFO - Base path: /sys/module/linuwu_sense/drivers/platform:acer-wmi/acer-wmi/nitro_sense
2026-03-17 19:22:03,214 - DAMXDaemon - INFO - Four-zone keyboard: No
2026-03-17 19:22:03,215 - DAMXDaemon - INFO - Available features: thermal_profile, backlight_timeout, fan_speed, usb_charging, battery_calibration, battery_limiter
2026-03-17 19:22:03,215 - DAMXDaemon - INFO - PowerSourceDetector initialized
2026-03-17 19:22:03,227 - DAMXDaemon - INFO - Switched to AC power
2026-03-17 19:22:03,228 - DAMXDaemon - INFO - Monitoring power source started
2026-03-17 19:22:03,228 - DAMXDaemon - INFO - Detected features: backlight_timeout, battery_calibration, battery_limiter, fan_speed, thermal_profile, usb_charging
2026-03-17 19:22:03,228 - DAMXDaemon - INFO - Monitoring power source started
2026-03-17 19:22:03,228 - DAMXDaemon - INFO - Server listening on /var/run/DAMX.sock
2026-03-17 19:22:49,856 - DAMXDaemon - INFO - Processing command: get_supported_features with params: {}
2026-03-17 19:22:49,862 - DAMXDaemon - INFO - Processing command: get_all_settings with params: {}
2026-03-17 19:23:30,517 - DAMXDaemon - INFO - Processing command: get_supported_features with params: {}
2026-03-17 19:23:30,523 - DAMXDaemon - INFO - Processing command: get_all_settings with params: {}
2026-03-17 19:23:33,150 - DAMXDaemon - INFO - Processing command: set_fan_speed with params: {'cpu': 100, 'gpu': 100}
2026-03-17 19:24:30,990 - DAMXDaemon - INFO - Processing command: set_thermal_profile with params: {'profile': 'balanced-performance'}
2026-03-17 19:24:31,996 - DAMXDaemon - INFO - Processing command: get_all_settings with params: {}
2026-03-17 20:52:14,213 - DAMXDaemon - INFO - Switched to battery power
2026-03-17 21:31:24,854 - DAMXDaemon - INFO - Switched to AC power
2026-03-17 21:37:11,034 - DAMXDaemon - INFO - Received signal 15, shutting down...
2026-03-17 21:37:11,034 - DAMXDaemon - INFO - Received signal 15, shutting down...
2026-03-17 21:37:11,246 - DAMXDaemon - INFO - Cleaning up resources...
2026-03-17 21:37:11,246 - DAMXDaemon - INFO - Stopping server...
2026-03-17 21:37:11,246 - DAMXDaemon - INFO - Removed socket file: /var/run/DAMX.sock
2026-03-17 21:37:11,247 - DAMXDaemon - INFO - Daemon stopped
2026-03-18 14:13:17,778 - DAMXDaemon - INFO - ** Starting DAMX-Daemon v0.4.6 **
2026-03-18 14:13:17,779 - DAMXDaemon - INFO - linuwu_sense module found. Proceeding with initialization.
2026-03-18 14:13:17,979 - DAMXDaemon - INFO - Detected laptop type: NITRO
2026-03-18 14:13:17,979 - DAMXDaemon - INFO - Base path: /sys/module/linuwu_sense/drivers/platform:acer-wmi/acer-wmi/nitro_sense
2026-03-18 14:13:17,979 - DAMXDaemon - INFO - Four-zone keyboard: No
2026-03-18 14:13:17,979 - DAMXDaemon - INFO - Available features: battery_limiter, battery_calibration, fan_speed, usb_charging, thermal_profile, backlight_timeout
2026-03-18 14:13:17,979 - DAMXDaemon - INFO - Driver Version: 25.701
2026-03-18 14:13:17,980 - DAMXDaemon - INFO - Log level set to INFO
2026-03-18 14:13:17,981 - DAMXDaemon - INFO - ** Starting DAMX-Daemon v0.4.6 **
2026-03-18 14:13:17,981 - DAMXDaemon - INFO - linuwu_sense module found. Proceeding with initialization.
2026-03-18 14:13:18,181 - DAMXDaemon - INFO - Detected laptop type: NITRO
2026-03-18 14:13:18,181 - DAMXDaemon - INFO - Base path: /sys/module/linuwu_sense/drivers/platform:acer-wmi/acer-wmi/nitro_sense
2026-03-18 14:13:18,182 - DAMXDaemon - INFO - Four-zone keyboard: No
2026-03-18 14:13:18,182 - DAMXDaemon - INFO - Available features: battery_limiter, battery_calibration, fan_speed, usb_charging, thermal_profile, backlight_timeout
2026-03-18 14:13:18,182 - DAMXDaemon - INFO - PowerSourceDetector initialized
2026-03-18 14:13:18,201 - DAMXDaemon - INFO - Switched to battery power
2026-03-18 14:13:18,202 - DAMXDaemon - INFO - Monitoring power source started
2026-03-18 14:13:18,202 - DAMXDaemon - INFO - Detected features: backlight_timeout, battery_calibration, battery_limiter, fan_speed, thermal_profile, usb_charging
2026-03-18 14:13:18,203 - DAMXDaemon - INFO - Monitoring power source started
2026-03-18 14:13:18,203 - DAMXDaemon - INFO - Server listening on /var/run/DAMX.sock
2026-03-18 14:16:38,242 - DAMXDaemon - INFO - Switched to AC power
2026-03-18 15:49:29,264 - DAMXDaemon - INFO - Switched to battery power
2026-03-18 15:51:29,278 - DAMXDaemon - INFO - Switched to AC power
2026-03-18 23:52:53,493 - DAMXDaemon - INFO - Switched to battery power
2026-03-19 00:18:28,744 - DAMXDaemon - INFO - Switched to AC power
2026-03-19 12:53:30,087 - DAMXDaemon - INFO - Switched to battery power
2026-03-19 13:58:37,999 - DAMXDaemon - INFO - Switched to AC power
2026-03-19 15:54:07,249 - DAMXDaemon - INFO - Switched to battery power
2026-03-19 19:40:22,757 - DAMXDaemon - INFO - Switched to AC power
2026-03-19 20:41:30,323 - DAMXDaemon - INFO - Switched to battery power
2026-03-20 05:10:30,067 - DAMXDaemon - INFO - Switched to AC power
2026-03-20 09:36:54,082 - DAMXDaemon - INFO - Switched to battery power
2026-03-20 09:37:09,086 - DAMXDaemon - INFO - Switched to AC power
2026-03-20 22:24:28,932 - DAMXDaemon - INFO - Switched to battery power
2026-03-20 23:48:55,604 - DAMXDaemon - INFO - Switched to AC power
2026-03-21 00:49:09,970 - DAMXDaemon - INFO - Processing command: get_supported_features with params: {}
2026-03-21 00:49:09,976 - DAMXDaemon - INFO - Processing command: get_all_settings with params: {}
2026-03-21 00:49:26,173 - DAMXDaemon - INFO - Switched to battery power
2026-03-21 00:56:37,066 - DAMXDaemon - INFO - Processing command: get_supported_features with params: {}
2026-03-21 00:56:37,073 - DAMXDaemon - INFO - Processing command: get_all_settings with params: {}
2026-03-21 00:56:40,949 - DAMXDaemon - INFO - Processing command: set_thermal_profile with params: {'profile': 'low-power'}
2026-03-21 00:56:41,964 - DAMXDaemon - INFO - Processing command: get_all_settings with params: {}
2026-03-21 02:44:18,296 - DAMXDaemon - INFO - Switched to AC power
2026-03-21 03:33:59,164 - DAMXDaemon - INFO - Switched to battery power
2026-03-21 03:33:59,165 - DAMXDaemon - INFO - Auto-switching to balanced mode for battery power
2026-03-21 10:32:43,035 - DAMXDaemon - INFO - Switched to AC power
2026-03-21 14:17:03,907 - DAMXDaemon - INFO - Switched to battery power
2026-03-21 15:21:10,029 - DAMXDaemon - INFO - Switched to AC power
2026-03-21 17:13:27,054 - DAMXDaemon - INFO - Switched to battery power
2026-03-21 17:42:42,633 - DAMXDaemon - INFO - Switched to AC power
2026-03-22 11:22:08,805 - DAMXDaemon - INFO - Processing command: get_supported_features with params: {}
2026-03-22 11:22:08,884 - DAMXDaemon - INFO - Processing command: get_all_settings with params: {}
2026-03-22 11:22:22,824 - DAMXDaemon - INFO - Processing command: set_fan_speed with params: {'cpu': 60, 'gpu': 60}
2026-03-22 11:22:22,911 - DAMXDaemon - INFO - Processing command: set_fan_speed with params: {'cpu': 60, 'gpu': 60}
2026-03-22 11:28:00,010 - DAMXDaemon - INFO - Processing command: get_supported_features with params: {}
2026-03-22 11:28:00,043 - DAMXDaemon - INFO - Processing command: get_all_settings with params: {}
2026-03-22 11:28:14,998 - DAMXDaemon - INFO - Processing command: get_supported_features with params: {}
2026-03-22 11:28:15,071 - DAMXDaemon - INFO - Processing command: get_all_settings with params: {}
2026-03-22 12:12:51,854 - DAMXDaemon - INFO - Processing command: get_supported_features with params: {}
2026-03-22 12:12:51,878 - DAMXDaemon - INFO - Processing command: get_all_settings with params: {}
2026-03-22 12:13:02,346 - DAMXDaemon - INFO - Processing command: set_fan_speed with params: {'cpu': 0, 'gpu': 0}
2026-03-22 12:13:02,371 - DAMXDaemon - INFO - Processing command: get_all_settings with params: {}
2026-03-22 12:48:13,608 - DAMXDaemon - INFO - Switched to battery power
2026-03-22 12:56:02,939 - DAMXDaemon - INFO - Switched to AC power
2026-03-22 18:13:35,049 - DAMXDaemon - INFO - Switched to battery power
2026-03-22 19:45:51,437 - DAMXDaemon - INFO - Received signal 15, shutting down...
2026-03-22 19:45:51,438 - DAMXDaemon - INFO - Received signal 15, shutting down...
2026-03-22 19:45:52,171 - DAMXDaemon - INFO - Cleaning up resources...
2026-03-22 19:45:52,171 - DAMXDaemon - INFO - Stopping server...
2026-03-22 19:45:52,172 - DAMXDaemon - INFO - Removed socket file: /var/run/DAMX.sock
2026-03-22 19:45:52,172 - DAMXDaemon - INFO - Daemon stopped
2026-03-23 02:49:38,879 - DAMXDaemon - INFO - ** Starting DAMX-Daemon v0.4.6 **
2026-03-23 02:49:38,880 - DAMXDaemon - INFO - linuwu_sense module found. Proceeding with initialization.
2026-03-23 02:49:39,080 - DAMXDaemon - INFO - Detected laptop type: NITRO
2026-03-23 02:49:39,080 - DAMXDaemon - INFO - Base path: /sys/module/linuwu_sense/drivers/platform:acer-wmi/acer-wmi/nitro_sense
2026-03-23 02:49:39,080 - DAMXDaemon - INFO - Four-zone keyboard: No
2026-03-23 02:49:39,081 - DAMXDaemon - INFO - Available features: battery_calibration, backlight_timeout, thermal_profile, fan_speed, usb_charging, battery_limiter
2026-03-23 02:49:39,081 - DAMXDaemon - INFO - Driver Version: 25.701
2026-03-23 02:49:39,085 - DAMXDaemon - INFO - Log level set to INFO
2026-03-23 02:49:39,085 - DAMXDaemon - INFO - ** Starting DAMX-Daemon v0.4.6 **
2026-03-23 02:49:39,085 - DAMXDaemon - INFO - linuwu_sense module found. Proceeding with initialization.
2026-03-23 02:49:39,286 - DAMXDaemon - INFO - Detected laptop type: NITRO
2026-03-23 02:49:39,287 - DAMXDaemon - INFO - Base path: /sys/module/linuwu_sense/drivers/platform:acer-wmi/acer-wmi/nitro_sense
2026-03-23 02:49:39,287 - DAMXDaemon - INFO - Four-zone keyboard: No
2026-03-23 02:49:39,287 - DAMXDaemon - INFO - Available features: battery_calibration, backlight_timeout, thermal_profile, fan_speed, usb_charging, battery_limiter
2026-03-23 02:49:39,287 - DAMXDaemon - INFO - PowerSourceDetector initialized
2026-03-23 02:49:39,298 - DAMXDaemon - INFO - Switched to AC power
2026-03-23 02:49:39,299 - DAMXDaemon - INFO - Monitoring power source started
2026-03-23 02:49:39,299 - DAMXDaemon - INFO - Detected features: backlight_timeout, battery_calibration, battery_limiter, fan_speed, thermal_profile, usb_charging
2026-03-23 02:49:39,299 - DAMXDaemon - INFO - Monitoring power source started
2026-03-23 02:49:39,300 - DAMXDaemon - INFO - Server listening on /var/run/DAMX.sock
2026-03-23 02:53:47,685 - DAMXDaemon - INFO - Processing command: get_supported_features with params: {}
2026-03-23 02:53:47,708 - DAMXDaemon - INFO - Processing command: get_all_settings with params: {}
2026-03-22 21:40:47,605 - DAMXDaemon - INFO - Received signal 15, shutting down...
2026-03-22 21:40:47,605 - DAMXDaemon - INFO - Received signal 15, shutting down...
2026-03-22 21:40:48,194 - DAMXDaemon - INFO - Cleaning up resources...
2026-03-22 21:40:48,195 - DAMXDaemon - INFO - Stopping server...
2026-03-22 21:40:48,196 - DAMXDaemon - INFO - Removed socket file: /var/run/DAMX.sock
2026-03-22 21:40:48,196 - DAMXDaemon - INFO - Daemon stopped
2026-03-23 05:02:26,779 - DAMXDaemon - INFO - ** Starting DAMX-Daemon v0.4.6 **
2026-03-23 05:02:26,779 - DAMXDaemon - INFO - linuwu_sense module found. Proceeding with initialization.
2026-03-23 05:02:26,979 - DAMXDaemon - INFO - Detected laptop type: NITRO
2026-03-23 05:02:26,980 - DAMXDaemon - INFO - Base path: /sys/module/linuwu_sense/drivers/platform:acer-wmi/acer-wmi/nitro_sense
2026-03-23 05:02:26,980 - DAMXDaemon - INFO - Four-zone keyboard: No
2026-03-23 05:02:26,980 - DAMXDaemon - INFO - Available features: usb_charging, fan_speed, battery_calibration, backlight_timeout, battery_limiter, thermal_profile
2026-03-23 05:02:26,980 - DAMXDaemon - INFO - Driver Version: 25.701
2026-03-23 05:02:26,981 - DAMXDaemon - INFO - Log level set to INFO
2026-03-23 05:02:26,982 - DAMXDaemon - INFO - ** Starting DAMX-Daemon v0.4.6 **
2026-03-23 05:02:26,982 - DAMXDaemon - INFO - linuwu_sense module found. Proceeding with initialization.
2026-03-23 05:02:27,182 - DAMXDaemon - INFO - Detected laptop type: NITRO
2026-03-23 05:02:27,183 - DAMXDaemon - INFO - Base path: /sys/module/linuwu_sense/drivers/platform:acer-wmi/acer-wmi/nitro_sense
2026-03-23 05:02:27,183 - DAMXDaemon - INFO - Four-zone keyboard: No
2026-03-23 05:02:27,183 - DAMXDaemon - INFO - Available features: usb_charging, fan_speed, battery_calibration, backlight_timeout, battery_limiter, thermal_profile
2026-03-23 05:02:27,183 - DAMXDaemon - INFO - PowerSourceDetector initialized
2026-03-23 05:02:27,200 - DAMXDaemon - INFO - Switched to AC power
2026-03-23 05:02:27,201 - DAMXDaemon - INFO - Monitoring power source started
2026-03-23 05:02:27,201 - DAMXDaemon - INFO - Detected features: backlight_timeout, battery_calibration, battery_limiter, fan_speed, thermal_profile, usb_charging
2026-03-23 05:02:27,202 - DAMXDaemon - INFO - Monitoring power source started
2026-03-23 05:02:27,202 - DAMXDaemon - INFO - Server listening on /var/run/DAMX.sock
2026-03-23 17:47:07,056 - DAMXDaemon - INFO - Switched to battery power
2026-03-24 00:08:45,382 - DAMXDaemon - INFO - Switched to AC power
2026-03-24 02:38:53,845 - DAMXDaemon - INFO - Processing command: get_supported_features with params: {}
2026-03-24 02:38:53,874 - DAMXDaemon - INFO - Processing command: get_all_settings with params: {}
2026-03-24 02:39:25,219 - DAMXDaemon - INFO - Received signal 15, shutting down...
2026-03-24 02:39:25,784 - DAMXDaemon - INFO - Cleaning up resources...
2026-03-24 02:39:25,784 - DAMXDaemon - INFO - Stopping server...
2026-03-24 02:39:25,784 - DAMXDaemon - INFO - Removed socket file: /var/run/DAMX.sock
2026-03-24 02:39:25,784 - DAMXDaemon - INFO - Daemon stopped
2026-03-24 02:39:57,938 - DAMXDaemon - INFO - ** Starting DAMX-Daemon v0.4.6 **
2026-03-24 02:39:57,939 - DAMXDaemon - INFO - linuwu_sense module found. Proceeding with initialization.
2026-03-24 02:39:58,139 - DAMXDaemon - INFO - Detected laptop type: NITRO
2026-03-24 02:39:58,139 - DAMXDaemon - INFO - Base path: /sys/module/linuwu_sense/drivers/platform:acer-wmi/acer-wmi/nitro_sense
2026-03-24 02:39:58,139 - DAMXDaemon - INFO - Four-zone keyboard: No
2026-03-24 02:39:58,140 - DAMXDaemon - INFO - Available features: battery_limiter, battery_calibration, thermal_profile, fan_speed, usb_charging, backlight_timeout
2026-03-24 02:39:58,140 - DAMXDaemon - INFO - Driver Version: 25.701
2026-03-24 02:39:58,140 - DAMXDaemon - INFO - Log level set to INFO
2026-03-24 02:39:58,140 - DAMXDaemon - INFO - ** Starting DAMX-Daemon v0.4.6 **
2026-03-24 02:39:58,140 - DAMXDaemon - INFO - linuwu_sense module found. Proceeding with initialization.
2026-03-24 02:39:58,341 - DAMXDaemon - INFO - Detected laptop type: NITRO
2026-03-24 02:39:58,341 - DAMXDaemon - INFO - Base path: /sys/module/linuwu_sense/drivers/platform:acer-wmi/acer-wmi/nitro_sense
2026-03-24 02:39:58,341 - DAMXDaemon - INFO - Four-zone keyboard: No
2026-03-24 02:39:58,341 - DAMXDaemon - INFO - Available features: battery_limiter, battery_calibration, thermal_profile, fan_speed, usb_charging, backlight_timeout
2026-03-24 02:39:58,341 - DAMXDaemon - INFO - PowerSourceDetector initialized
2026-03-24 02:39:58,357 - DAMXDaemon - INFO - Switched to AC power
2026-03-24 02:39:58,358 - DAMXDaemon - INFO - Monitoring power source started
2026-03-24 02:39:58,359 - DAMXDaemon - INFO - Detected features: backlight_timeout, battery_calibration, battery_limiter, fan_speed, thermal_profile, usb_charging
2026-03-24 02:39:58,360 - DAMXDaemon - INFO - Monitoring power source started
2026-03-24 02:39:58,360 - DAMXDaemon - INFO - Server listening on /var/run/DAMX.sock
2026-03-24 02:40:17,929 - DAMXDaemon - INFO - Processing command: get_supported_features with params: {}
2026-03-24 02:40:17,952 - DAMXDaemon - INFO - Processing command: get_all_settings with params: {}
2026-03-24 02:43:22,695 - DAMXDaemon - INFO - Processing command: get_supported_features with params: {}
2026-03-24 02:43:22,715 - DAMXDaemon - INFO - Processing command: get_all_settings with params: {}
2026-03-24 02:43:32,271 - DAMXDaemon - INFO - Processing command: get_supported_features with params: {}
2026-03-24 02:43:32,294 - DAMXDaemon - INFO - Processing command: get_all_settings with params: {}
2026-03-24 02:43:40,150 - DAMXDaemon - INFO - Processing command: set_battery_limiter with params: {'enabled': True}
2026-03-24 02:44:06,921 - DAMXDaemon - INFO - ** Starting DAMX-Daemon v0.4.6 **
2026-03-24 02:44:06,922 - DAMXDaemon - INFO - linuwu_sense module found. Proceeding with initialization.
2026-03-24 02:44:07,122 - DAMXDaemon - INFO - Detected laptop type: NITRO
2026-03-24 02:44:07,123 - DAMXDaemon - INFO - Base path: /sys/module/linuwu_sense/drivers/platform:acer-wmi/acer-wmi/nitro_sense
2026-03-24 02:44:07,123 - DAMXDaemon - INFO - Four-zone keyboard: No
2026-03-24 02:44:07,123 - DAMXDaemon - INFO - Available features: usb_charging, thermal_profile, fan_speed, battery_limiter, backlight_timeout, battery_calibration
2026-03-24 02:44:07,123 - DAMXDaemon - INFO - Driver Version: 25.701
2026-03-24 02:44:07,124 - DAMXDaemon - INFO - Log level set to INFO
2026-03-24 02:44:07,124 - DAMXDaemon - INFO - ** Starting DAMX-Daemon v0.4.6 **
2026-03-24 02:44:07,124 - DAMXDaemon - INFO - linuwu_sense module found. Proceeding with initialization.
2026-03-24 02:44:07,324 - DAMXDaemon - INFO - Detected laptop type: NITRO
2026-03-24 02:44:07,325 - DAMXDaemon - INFO - Base path: /sys/module/linuwu_sense/drivers/platform:acer-wmi/acer-wmi/nitro_sense
2026-03-24 02:44:07,325 - DAMXDaemon - INFO - Four-zone keyboard: No
2026-03-24 02:44:07,325 - DAMXDaemon - INFO - Available features: usb_charging, thermal_profile, fan_speed, battery_limiter, backlight_timeout, battery_calibration
2026-03-24 02:44:07,325 - DAMXDaemon - INFO - PowerSourceDetector initialized
2026-03-24 02:44:07,339 - DAMXDaemon - INFO - Switched to AC power
2026-03-24 02:44:07,339 - DAMXDaemon - INFO - Monitoring power source started
2026-03-24 02:44:07,340 - DAMXDaemon - INFO - Detected features: backlight_timeout, battery_calibration, battery_limiter, fan_speed, thermal_profile, usb_charging
2026-03-24 02:44:07,341 - DAMXDaemon - INFO - Monitoring power source started
2026-03-24 02:44:07,342 - DAMXDaemon - INFO - Server listening on /var/run/DAMX.sock
2026-03-24 05:15:57,590 - DAMXDaemon - INFO - Processing command: get_supported_features with params: {}
2026-03-24 05:15:57,616 - DAMXDaemon - INFO - Processing command: get_all_settings with params: {}
2026-03-24 16:22:51,061 - DAMXDaemon - INFO - Switched to battery power
2026-03-24 12:34:37,930 - DAMXDaemon - INFO - Processing command: get_supported_features with params: {}
2026-03-24 12:34:37,950 - DAMXDaemon - INFO - Processing command: get_all_settings with params: {}
2026-03-24 12:34:41,628 - DAMXDaemon - INFO - Processing command: set_thermal_profile with params: {'profile': 'low-power'}
2026-03-24 12:34:42,677 - DAMXDaemon - INFO - Processing command: get_all_settings with params: {}
2026-03-24 13:21:39,475 - DAMXDaemon - INFO - Received signal 15, shutting down...
2026-03-24 13:21:39,654 - DAMXDaemon - INFO - Cleaning up resources...
2026-03-24 13:21:39,655 - DAMXDaemon - INFO - Stopping server...
2026-03-24 13:21:39,655 - DAMXDaemon - INFO - Removed socket file: /var/run/DAMX.sock
2026-03-24 13:21:39,655 - DAMXDaemon - INFO - Daemon stopped
2026-03-24 14:04:30,831 - DAMXDaemon - INFO - ** Starting DAMX-Daemon v0.4.6 **
2026-03-24 14:04:30,831 - DAMXDaemon - INFO - linuwu_sense module found. Proceeding with initialization.
2026-03-24 14:04:31,032 - DAMXDaemon - INFO - Detected laptop type: NITRO
2026-03-24 14:04:31,032 - DAMXDaemon - INFO - Base path: /sys/module/linuwu_sense/drivers/platform:acer-wmi/acer-wmi/nitro_sense
2026-03-24 14:04:31,032 - DAMXDaemon - INFO - Four-zone keyboard: No
2026-03-24 14:04:31,032 - DAMXDaemon - INFO - Available features: backlight_timeout, thermal_profile, battery_calibration, fan_speed, usb_charging, battery_limiter
2026-03-24 14:04:31,032 - DAMXDaemon - INFO - Driver Version: 25.701
2026-03-24 14:04:31,033 - DAMXDaemon - INFO - Log level set to INFO
2026-03-24 14:04:31,033 - DAMXDaemon - INFO - ** Starting DAMX-Daemon v0.4.6 **
2026-03-24 14:04:31,033 - DAMXDaemon - INFO - linuwu_sense module found. Proceeding with initialization.
2026-03-24 14:04:31,234 - DAMXDaemon - INFO - Detected laptop type: NITRO
2026-03-24 14:04:31,234 - DAMXDaemon - INFO - Base path: /sys/module/linuwu_sense/drivers/platform:acer-wmi/acer-wmi/nitro_sense
2026-03-24 14:04:31,234 - DAMXDaemon - INFO - Four-zone keyboard: No
2026-03-24 14:04:31,234 - DAMXDaemon - INFO - Available features: backlight_timeout, thermal_profile, battery_calibration, fan_speed, usb_charging, battery_limiter
2026-03-24 14:04:31,234 - DAMXDaemon - INFO - PowerSourceDetector initialized
2026-03-24 14:04:31,251 - DAMXDaemon - INFO - Switched to AC power
2026-03-24 14:04:31,252 - DAMXDaemon - INFO - Monitoring power source started
2026-03-24 14:04:31,252 - DAMXDaemon - INFO - Detected features: backlight_timeout, battery_calibration, battery_limiter, fan_speed, thermal_profile, usb_charging
2026-03-24 14:04:31,252 - DAMXDaemon - INFO - Monitoring power source started
2026-03-24 14:04:31,253 - DAMXDaemon - INFO - Server listening on /var/run/DAMX.sock
2026-03-24 14:04:46,287 - DAMXDaemon - INFO - Switched to battery power
2026-03-24 17:46:32,069 - DAMXDaemon - INFO - Switched to AC power
2026-03-24 17:52:52,446 - DAMXDaemon - INFO - Processing command: get_supported_features with params: {}
2026-03-24 17:52:52,469 - DAMXDaemon - INFO - Processing command: get_all_settings with params: {}
2026-03-25 08:15:51,025 - DAMXDaemon - INFO - Switched to battery power
2026-03-25 08:16:11,051 - DAMXDaemon - INFO - Switched to AC power
2026-03-25 16:03:13,591 - DAMXDaemon - INFO - Switched to battery power
2026-03-25 16:14:23,775 - DAMXDaemon - INFO - Switched to AC power
2026-03-25 16:21:33,911 - DAMXDaemon - INFO - Switched to battery power
2026-03-25 16:21:38,933 - DAMXDaemon - INFO - Switched to AC power
2026-03-25 17:29:13,016 - DAMXDaemon - INFO - Switched to battery power
2026-03-25 17:29:23,041 - DAMXDaemon - INFO - Switched to AC power
2026-03-25 17:30:18,083 - DAMXDaemon - INFO - Switched to battery power
2026-03-25 17:30:23,098 - DAMXDaemon - INFO - Switched to AC power
2026-03-26 09:19:16,107 - DAMXDaemon - INFO - Switched to battery power
2026-03-26 10:28:21,016 - DAMXDaemon - INFO - Processing command: get_supported_features with params: {}
2026-03-26 10:28:21,037 - DAMXDaemon - INFO - Processing command: get_all_settings with params: {}
2026-03-26 10:28:26,913 - DAMXDaemon - INFO - Processing command: set_thermal_profile with params: {'profile': 'low-power'}
2026-03-26 15:45:29,018 - DAMXDaemon - INFO - Switched to AC power
2026-03-26 18:43:54,079 - DAMXDaemon - INFO - Received signal 15, shutting down...
2026-03-26 18:43:54,957 - DAMXDaemon - INFO - Cleaning up resources...
2026-03-26 18:43:54,958 - DAMXDaemon - INFO - Stopping server...
2026-03-26 18:43:54,958 - DAMXDaemon - INFO - Removed socket file: /var/run/DAMX.sock
2026-03-26 18:43:54,959 - DAMXDaemon - INFO - Daemon stopped
2026-03-27 02:40:37,821 - DAMXDaemon - INFO - ** Starting DAMX-Daemon v0.4.6 **
2026-03-27 02:40:37,822 - DAMXDaemon - INFO - linuwu_sense module found. Proceeding with initialization.
2026-03-27 02:40:38,022 - DAMXDaemon - INFO - Detected laptop type: NITRO
2026-03-27 02:40:38,023 - DAMXDaemon - INFO - Base path: /sys/module/linuwu_sense/drivers/platform:acer-wmi/acer-wmi/nitro_sense
2026-03-27 02:40:38,023 - DAMXDaemon - INFO - Four-zone keyboard: No
2026-03-27 02:40:38,023 - DAMXDaemon - INFO - Available features: battery_limiter, battery_calibration, fan_speed, backlight_timeout, thermal_profile, usb_charging
2026-03-27 02:40:38,024 - DAMXDaemon - INFO - Driver Version: 25.701
2026-03-27 02:40:38,038 - DAMXDaemon - INFO - Log level set to INFO
2026-03-27 02:40:38,039 - DAMXDaemon - INFO - ** Starting DAMX-Daemon v0.4.6 **
2026-03-27 02:40:38,039 - DAMXDaemon - INFO - linuwu_sense module found. Proceeding with initialization.
2026-03-27 02:40:38,239 - DAMXDaemon - INFO - Detected laptop type: NITRO
2026-03-27 02:40:38,239 - DAMXDaemon - INFO - Base path: /sys/module/linuwu_sense/drivers/platform:acer-wmi/acer-wmi/nitro_sense
2026-03-27 02:40:38,239 - DAMXDaemon - INFO - Four-zone keyboard: No
2026-03-27 02:40:38,239 - DAMXDaemon - INFO - Available features: battery_limiter, battery_calibration, fan_speed, backlight_timeout, thermal_profile, usb_charging
2026-03-27 02:40:38,240 - DAMXDaemon - INFO - PowerSourceDetector initialized
2026-03-27 02:40:38,250 - DAMXDaemon - INFO - Switched to AC power
2026-03-27 02:40:38,250 - DAMXDaemon - INFO - Monitoring power source started
2026-03-27 02:40:38,251 - DAMXDaemon - INFO - Detected features: backlight_timeout, battery_calibration, battery_limiter, fan_speed, thermal_profile, usb_charging
2026-03-27 02:40:38,251 - DAMXDaemon - INFO - Monitoring power source started
2026-03-27 02:40:38,251 - DAMXDaemon - INFO - Server listening on /var/run/DAMX.sock
2026-03-27 02:42:48,242 - DAMXDaemon - INFO - Processing command: get_supported_features with params: {}
2026-03-27 02:42:48,263 - DAMXDaemon - INFO - Processing command: get_all_settings with params: {}
2026-03-27 02:44:47,357 - DAMXDaemon - INFO - Processing command: get_supported_features with params: {}
2026-03-27 02:44:47,380 - DAMXDaemon - INFO - Processing command: get_all_settings with params: {}
2026-03-27 02:44:50,909 - DAMXDaemon - INFO - Processing command: set_fan_speed with params: {'cpu': 0, 'gpu': 0}
2026-03-27 02:44:50,933 - DAMXDaemon - INFO - Processing command: get_all_settings with params: {}
2026-03-27 02:44:51,481 - DAMXDaemon - INFO - Processing command: set_fan_speed with params: {'cpu': 100, 'gpu': 100}
2026-03-27 02:44:51,994 - DAMXDaemon - INFO - Processing command: set_thermal_profile with params: {'profile': 'balanced-performance'}
2026-03-27 02:44:53,013 - DAMXDaemon - INFO - Processing command: get_all_settings with params: {}
2026-03-27 02:47:55,900 - DAMXDaemon - INFO - Processing command: get_supported_features with params: {}
2026-03-27 02:47:55,906 - DAMXDaemon - INFO - Processing command: get_all_settings with params: {}
2026-03-27 02:47:55,945 - DAMXDaemon - INFO - Processing command: set_thermal_profile with params: {'profile': 'balanced-performance'}
2026-03-27 02:47:56,953 - DAMXDaemon - INFO - Processing command: get_all_settings with params: {}
2026-03-27 02:48:02,969 - DAMXDaemon - INFO - Processing command: get_supported_features with params: {}
2026-03-27 02:48:02,975 - DAMXDaemon - INFO - Processing command: get_all_settings with params: {}
2026-03-27 02:48:03,013 - DAMXDaemon - INFO - Processing command: set_thermal_profile with params: {'profile': 'balanced-performance'}
2026-03-27 02:48:04,021 - DAMXDaemon - INFO - Processing command: get_all_settings with params: {}
2026-03-27 02:48:05,687 - DAMXDaemon - INFO - Processing command: set_fan_speed with params: {'cpu': 0, 'gpu': 0}
2026-03-27 02:48:05,693 - DAMXDaemon - INFO - Processing command: get_all_settings with params: {}
2026-03-27 03:02:49,381 - DAMXDaemon - INFO - Received signal 15, shutting down...
2026-03-27 03:02:49,881 - DAMXDaemon - INFO - Cleaning up resources...
2026-03-27 03:02:49,882 - DAMXDaemon - INFO - Stopping server...
2026-03-27 03:02:49,882 - DAMXDaemon - INFO - Removed socket file: /var/run/DAMX.sock
2026-03-27 03:02:49,882 - DAMXDaemon - INFO - Daemon stopped
2026-03-27 03:09:57,768 - DAMXDaemon - INFO - ** Starting DAMX-Daemon v0.4.6 **
2026-03-27 03:09:57,769 - DAMXDaemon - INFO - linuwu_sense module found. Proceeding with initialization.
2026-03-27 03:09:57,969 - DAMXDaemon - INFO - Detected laptop type: NITRO
2026-03-27 03:09:57,969 - DAMXDaemon - INFO - Base path: /sys/module/linuwu_sense/drivers/platform:acer-wmi/acer-wmi/nitro_sense
2026-03-27 03:09:57,969 - DAMXDaemon - INFO - Four-zone keyboard: No
2026-03-27 03:09:57,969 - DAMXDaemon - INFO - Available features: thermal_profile, backlight_timeout, usb_charging, battery_calibration, fan_speed, battery_limiter
2026-03-27 03:09:57,969 - DAMXDaemon - INFO - Driver Version: 25.701
2026-03-27 03:09:57,970 - DAMXDaemon - INFO - Log level set to INFO
2026-03-27 03:09:57,970 - DAMXDaemon - INFO - ** Starting DAMX-Daemon v0.4.6 **
2026-03-27 03:09:57,970 - DAMXDaemon - INFO - linuwu_sense module found. Proceeding with initialization.
2026-03-27 03:09:58,170 - DAMXDaemon - INFO - Detected laptop type: NITRO
2026-03-27 03:09:58,171 - DAMXDaemon - INFO - Base path: /sys/module/linuwu_sense/drivers/platform:acer-wmi/acer-wmi/nitro_sense
2026-03-27 03:09:58,171 - DAMXDaemon - INFO - Four-zone keyboard: No
2026-03-27 03:09:58,171 - DAMXDaemon - INFO - Available features: thermal_profile, backlight_timeout, usb_charging, battery_calibration, fan_speed, battery_limiter
2026-03-27 03:09:58,171 - DAMXDaemon - INFO - PowerSourceDetector initialized
2026-03-27 03:09:58,185 - DAMXDaemon - INFO - Switched to AC power
2026-03-27 03:09:58,185 - DAMXDaemon - INFO - Monitoring power source started
2026-03-27 03:09:58,186 - DAMXDaemon - INFO - Detected features: backlight_timeout, battery_calibration, battery_limiter, fan_speed, thermal_profile, usb_charging
2026-03-27 03:09:58,187 - DAMXDaemon - INFO - Monitoring power source started
2026-03-27 03:09:58,187 - DAMXDaemon - INFO - Server listening on /var/run/DAMX.sock
2026-03-27 03:11:13,793 - DAMXDaemon - INFO - Processing command: get_supported_features with params: {}
2026-03-27 03:11:13,799 - DAMXDaemon - INFO - Processing command: get_all_settings with params: {}
2026-03-27 03:11:18,551 - DAMXDaemon - INFO - Processing command: set_fan_speed with params: {'cpu': 100, 'gpu': 100}
2026-03-27 03:11:24,730 - DAMXDaemon - INFO - Processing command: set_fan_speed with params: {'cpu': 0, 'gpu': 0}
2026-03-27 03:11:24,736 - DAMXDaemon - INFO - Processing command: get_all_settings with params: {}
2026-03-27 03:11:30,966 - DAMXDaemon - INFO - Processing command: get_supported_features with params: {}
2026-03-27 03:11:30,972 - DAMXDaemon - INFO - Processing command: get_all_settings with params: {}
2026-03-27 03:12:08,376 - DAMXDaemon - INFO - Processing command: get_supported_features with params: {}
2026-03-27 03:12:08,382 - DAMXDaemon - INFO - Processing command: get_all_settings with params: {}
                                                                                                                                                                      2026-03-27 04:33:34,796 - DAMXDaemon - INFO - ** Starting DAMX-Daemon v0.4.6 **
2026-03-27 04:33:34,797 - DAMXDaemon - INFO - linuwu_sense module found. Proceeding with initialization.
2026-03-27 04:33:34,997 - DAMXDaemon - INFO - Detected laptop type: NITRO
2026-03-27 04:33:34,997 - DAMXDaemon - INFO - Base path: /sys/module/linuwu_sense/drivers/platform:acer-wmi/acer-wmi/nitro_sense
2026-03-27 04:33:34,997 - DAMXDaemon - INFO - Four-zone keyboard: No
2026-03-27 04:33:34,997 - DAMXDaemon - INFO - Available features: thermal_profile, usb_charging, backlight_timeout, battery_calibration, battery_limiter, fan_speed
2026-03-27 04:33:34,997 - DAMXDaemon - INFO - Driver Version: 25.701
2026-03-27 04:33:34,998 - DAMXDaemon - INFO - Log level set to INFO
2026-03-27 04:33:34,999 - DAMXDaemon - INFO - ** Starting DAMX-Daemon v0.4.6 **
2026-03-27 04:33:34,999 - DAMXDaemon - INFO - linuwu_sense module found. Proceeding with initialization.
2026-03-27 04:33:35,199 - DAMXDaemon - INFO - Detected laptop type: NITRO
2026-03-27 04:33:35,199 - DAMXDaemon - INFO - Base path: /sys/module/linuwu_sense/drivers/platform:acer-wmi/acer-wmi/nitro_sense
2026-03-27 04:33:35,199 - DAMXDaemon - INFO - Four-zone keyboard: No
2026-03-27 04:33:35,199 - DAMXDaemon - INFO - Available features: thermal_profile, usb_charging, backlight_timeout, battery_calibration, battery_limiter, fan_speed
2026-03-27 04:33:35,200 - DAMXDaemon - INFO - PowerSourceDetector initialized
2026-03-27 04:33:35,213 - DAMXDaemon - INFO - Switched to AC power
2026-03-27 04:33:35,214 - DAMXDaemon - INFO - Monitoring power source started
2026-03-27 04:33:35,214 - DAMXDaemon - INFO - Detected features: backlight_timeout, battery_calibration, battery_limiter, fan_speed, thermal_profile, usb_charging
2026-03-27 04:33:35,214 - DAMXDaemon - INFO - Monitoring power source started
2026-03-27 04:33:35,215 - DAMXDaemon - INFO - Server listening on /var/run/DAMX.sock
2026-03-27 04:35:10,335 - DAMXDaemon - INFO - Processing command: get_supported_features with params: {}
2026-03-27 04:35:10,341 - DAMXDaemon - INFO - Processing command: get_all_settings with params: {}
2026-03-27 04:35:15,431 - DAMXDaemon - INFO - Processing command: set_fan_speed with params: {'cpu': 0, 'gpu': 0}
2026-03-27 04:35:15,438 - DAMXDaemon - INFO - Processing command: get_all_settings with params: {}
2026-03-27 04:35:15,968 - DAMXDaemon - INFO - Processing command: set_fan_speed with params: {'cpu': 100, 'gpu': 100}
2026-03-27 04:38:50,684 - DAMXDaemon - INFO - Processing command: set_fan_speed with params: {'cpu': 0, 'gpu': 0}
2026-03-27 04:38:50,691 - DAMXDaemon - INFO - Processing command: get_all_settings with params: {}
                                                                                                                                                                                                                                                                                                                                                                                                                                                                 2026-03-27 04:42:53,946 - DAMXDaemon - INFO - ** Starting DAMX-Daemon v0.4.6 **
2026-03-27 04:42:53,946 - DAMXDaemon - INFO - linuwu_sense module found. Proceeding with initialization.
2026-03-27 04:42:54,146 - DAMXDaemon - INFO - Detected laptop type: NITRO
2026-03-27 04:42:54,147 - DAMXDaemon - INFO - Base path: /sys/module/linuwu_sense/drivers/platform:acer-wmi/acer-wmi/nitro_sense
2026-03-27 04:42:54,147 - DAMXDaemon - INFO - Four-zone keyboard: No
2026-03-27 04:42:54,147 - DAMXDaemon - INFO - Available features: battery_calibration, thermal_profile, usb_charging, battery_limiter, fan_speed, backlight_timeout
2026-03-27 04:42:54,147 - DAMXDaemon - INFO - Driver Version: 25.701
2026-03-27 04:42:54,147 - DAMXDaemon - INFO - Log level set to INFO
2026-03-27 04:42:54,148 - DAMXDaemon - INFO - ** Starting DAMX-Daemon v0.4.6 **
2026-03-27 04:42:54,148 - DAMXDaemon - INFO - linuwu_sense module found. Proceeding with initialization.
2026-03-27 04:42:54,348 - DAMXDaemon - INFO - Detected laptop type: NITRO
2026-03-27 04:42:54,348 - DAMXDaemon - INFO - Base path: /sys/module/linuwu_sense/drivers/platform:acer-wmi/acer-wmi/nitro_sense
2026-03-27 04:42:54,348 - DAMXDaemon - INFO - Four-zone keyboard: No
2026-03-27 04:42:54,348 - DAMXDaemon - INFO - Available features: battery_calibration, thermal_profile, usb_charging, battery_limiter, fan_speed, backlight_timeout
2026-03-27 04:42:54,348 - DAMXDaemon - INFO - PowerSourceDetector initialized
2026-03-27 04:42:54,362 - DAMXDaemon - INFO - Switched to AC power
2026-03-27 04:42:54,363 - DAMXDaemon - INFO - Monitoring power source started
2026-03-27 04:42:54,363 - DAMXDaemon - INFO - Detected features: backlight_timeout, battery_calibration, battery_limiter, fan_speed, thermal_profile, usb_charging
2026-03-27 04:42:54,364 - DAMXDaemon - INFO - Monitoring power source started
2026-03-27 04:42:54,364 - DAMXDaemon - INFO - Server listening on /var/run/DAMX.sock
2026-03-27 04:43:09,754 - DAMXDaemon - INFO - Processing command: get_supported_features with params: {}
2026-03-27 04:43:09,760 - DAMXDaemon - INFO - Processing command: get_all_settings with params: {}
2026-03-27 04:43:13,611 - DAMXDaemon - INFO - Processing command: set_fan_speed with params: {'cpu': 100, 'gpu': 100}
2026-03-27 04:43:17,130 - DAMXDaemon - INFO - Processing command: set_fan_speed with params: {'cpu': 0, 'gpu': 0}
2026-03-27 04:43:17,136 - DAMXDaemon - INFO - Processing command: get_all_settings with params: {}
                                                                                   2026-03-27 04:44:09,835 - DAMXDaemon - INFO - ** Starting DAMX-Daemon v0.4.6 **
2026-03-27 04:44:09,836 - DAMXDaemon - INFO - linuwu_sense module found. Proceeding with initialization.
2026-03-27 04:44:10,036 - DAMXDaemon - INFO - Detected laptop type: NITRO
2026-03-27 04:44:10,036 - DAMXDaemon - INFO - Base path: /sys/module/linuwu_sense/drivers/platform:acer-wmi/acer-wmi/nitro_sense
2026-03-27 04:44:10,036 - DAMXDaemon - INFO - Four-zone keyboard: No
2026-03-27 04:44:10,036 - DAMXDaemon - INFO - Available features: battery_limiter, backlight_timeout, fan_speed, usb_charging, battery_calibration, thermal_profile
2026-03-27 04:44:10,036 - DAMXDaemon - INFO - Driver Version: 25.701
2026-03-27 04:44:10,037 - DAMXDaemon - INFO - Log level set to INFO
2026-03-27 04:44:10,037 - DAMXDaemon - INFO - ** Starting DAMX-Daemon v0.4.6 **
2026-03-27 04:44:10,037 - DAMXDaemon - INFO - linuwu_sense module found. Proceeding with initialization.
2026-03-27 04:44:10,238 - DAMXDaemon - INFO - Detected laptop type: NITRO
2026-03-27 04:44:10,238 - DAMXDaemon - INFO - Base path: /sys/module/linuwu_sense/drivers/platform:acer-wmi/acer-wmi/nitro_sense
2026-03-27 04:44:10,238 - DAMXDaemon - INFO - Four-zone keyboard: No
2026-03-27 04:44:10,238 - DAMXDaemon - INFO - Available features: battery_limiter, backlight_timeout, fan_speed, usb_charging, battery_calibration, thermal_profile
2026-03-27 04:44:10,238 - DAMXDaemon - INFO - PowerSourceDetector initialized
2026-03-27 04:44:10,252 - DAMXDaemon - INFO - Switched to AC power
2026-03-27 04:44:10,252 - DAMXDaemon - INFO - Monitoring power source started
2026-03-27 04:44:10,253 - DAMXDaemon - INFO - Detected features: backlight_timeout, battery_calibration, battery_limiter, fan_speed, thermal_profile, usb_charging
2026-03-27 04:44:10,253 - DAMXDaemon - INFO - Monitoring power source started
2026-03-27 04:44:10,253 - DAMXDaemon - INFO - Server listening on /var/run/DAMX.sock
2026-03-27 05:07:16,778 - DAMXDaemon - INFO - Processing command: get_supported_features with params: {}
2026-03-27 05:07:16,784 - DAMXDaemon - INFO - Processing command: get_all_settings with params: {}
2026-03-27 22:17:18,694 - DAMXDaemon - INFO - Switched to battery power
2026-03-27 22:18:53,710 - DAMXDaemon - INFO - Switched to AC power
2026-03-27 22:30:56,021 - DAMXDaemon - INFO - Received signal 15, shutting down...
2026-03-27 22:30:56,021 - DAMXDaemon - INFO - Received signal 15, shutting down...
2026-03-27 22:30:56,354 - DAMXDaemon - INFO - Cleaning up resources...
2026-03-27 22:30:56,354 - DAMXDaemon - INFO - Stopping server...
2026-03-27 22:30:56,354 - DAMXDaemon - INFO - Removed socket file: /var/run/DAMX.sock
2026-03-27 22:30:56,355 - DAMXDaemon - INFO - Daemon stopped
2026-03-27 22:31:19,882 - DAMXDaemon - INFO - ** Starting DAMX-Daemon v0.4.6 **
2026-03-27 22:31:19,882 - DAMXDaemon - INFO - linuwu_sense module found. Proceeding with initialization.
2026-03-27 22:31:20,082 - DAMXDaemon - INFO - Detected laptop type: NITRO
2026-03-27 22:31:20,083 - DAMXDaemon - INFO - Base path: /sys/module/linuwu_sense/drivers/platform:acer-wmi/acer-wmi/nitro_sense
2026-03-27 22:31:20,083 - DAMXDaemon - INFO - Four-zone keyboard: No
2026-03-27 22:31:20,083 - DAMXDaemon - INFO - Available features: backlight_timeout, battery_calibration, thermal_profile, battery_limiter, usb_charging, fan_speed
2026-03-27 22:31:20,083 - DAMXDaemon - INFO - Driver Version: 25.701
2026-03-27 22:31:20,089 - DAMXDaemon - INFO - Log level set to INFO
2026-03-27 22:31:20,089 - DAMXDaemon - INFO - ** Starting DAMX-Daemon v0.4.6 **
2026-03-27 22:31:20,089 - DAMXDaemon - INFO - linuwu_sense module found. Proceeding with initialization.
2026-03-27 22:31:20,289 - DAMXDaemon - INFO - Detected laptop type: NITRO
2026-03-27 22:31:20,289 - DAMXDaemon - INFO - Base path: /sys/module/linuwu_sense/drivers/platform:acer-wmi/acer-wmi/nitro_sense
2026-03-27 22:31:20,289 - DAMXDaemon - INFO - Four-zone keyboard: No
2026-03-27 22:31:20,289 - DAMXDaemon - INFO - Available features: backlight_timeout, battery_calibration, thermal_profile, battery_limiter, usb_charging, fan_speed
2026-03-27 22:31:20,289 - DAMXDaemon - INFO - PowerSourceDetector initialized
2026-03-27 22:31:20,302 - DAMXDaemon - INFO - Switched to AC power
2026-03-27 22:31:20,303 - DAMXDaemon - INFO - Monitoring power source started
2026-03-27 22:31:20,303 - DAMXDaemon - INFO - Detected features: backlight_timeout, battery_calibration, battery_limiter, fan_speed, thermal_profile, usb_charging
2026-03-27 22:31:20,304 - DAMXDaemon - INFO - Monitoring power source started
2026-03-27 22:31:20,304 - DAMXDaemon - INFO - Server listening on /var/run/DAMX.sock
2026-03-27 17:59:30,198 - DAMXDaemon - INFO - Received signal 15, shutting down...
2026-03-27 17:59:30,198 - DAMXDaemon - INFO - Received signal 15, shutting down...
2026-03-27 17:59:30,806 - DAMXDaemon - INFO - Cleaning up resources...
2026-03-27 17:59:30,806 - DAMXDaemon - INFO - Stopping server...
2026-03-27 17:59:30,806 - DAMXDaemon - INFO - Removed socket file: /var/run/DAMX.sock
2026-03-27 17:59:30,806 - DAMXDaemon - INFO - Daemon stopped
2026-03-27 17:59:49,796 - DAMXDaemon - INFO - ** Starting DAMX-Daemon v0.4.6 **
2026-03-27 17:59:49,797 - DAMXDaemon - INFO - linuwu_sense module found. Proceeding with initialization.
2026-03-27 17:59:49,997 - DAMXDaemon - INFO - Detected laptop type: NITRO
2026-03-27 17:59:49,997 - DAMXDaemon - INFO - Base path: /sys/module/linuwu_sense/drivers/platform:acer-wmi/acer-wmi/nitro_sense
2026-03-27 17:59:49,997 - DAMXDaemon - INFO - Four-zone keyboard: No
2026-03-27 17:59:49,998 - DAMXDaemon - INFO - Available features: fan_speed, battery_limiter, battery_calibration, thermal_profile, backlight_timeout, usb_charging
2026-03-27 17:59:49,998 - DAMXDaemon - INFO - Driver Version: 25.701
2026-03-27 17:59:49,999 - DAMXDaemon - INFO - Log level set to INFO
2026-03-27 17:59:49,999 - DAMXDaemon - INFO - ** Starting DAMX-Daemon v0.4.6 **
2026-03-27 17:59:49,999 - DAMXDaemon - INFO - linuwu_sense module found. Proceeding with initialization.
2026-03-27 17:59:50,199 - DAMXDaemon - INFO - Detected laptop type: NITRO
2026-03-27 17:59:50,199 - DAMXDaemon - INFO - Base path: /sys/module/linuwu_sense/drivers/platform:acer-wmi/acer-wmi/nitro_sense
2026-03-27 17:59:50,200 - DAMXDaemon - INFO - Four-zone keyboard: No
2026-03-27 17:59:50,200 - DAMXDaemon - INFO - Available features: fan_speed, battery_limiter, battery_calibration, thermal_profile, backlight_timeout, usb_charging
2026-03-27 17:59:50,200 - DAMXDaemon - INFO - PowerSourceDetector initialized
2026-03-27 17:59:50,215 - DAMXDaemon - INFO - Switched to AC power
2026-03-27 17:59:50,216 - DAMXDaemon - INFO - Monitoring power source started
2026-03-27 17:59:50,216 - DAMXDaemon - INFO - Detected features: backlight_timeout, battery_calibration, battery_limiter, fan_speed, thermal_profile, usb_charging
2026-03-27 17:59:50,217 - DAMXDaemon - INFO - Monitoring power source started
2026-03-27 17:59:50,217 - DAMXDaemon - INFO - Server listening on /var/run/DAMX.sock
2026-03-27 18:00:31,445 - DAMXDaemon - INFO - Received signal 15, shutting down...
2026-03-27 18:00:31,445 - DAMXDaemon - INFO - Received signal 15, shutting down...
2026-03-27 18:00:32,263 - DAMXDaemon - INFO - Cleaning up resources...
2026-03-27 18:00:32,264 - DAMXDaemon - INFO - Stopping server...
2026-03-27 18:00:32,264 - DAMXDaemon - INFO - Removed socket file: /var/run/DAMX.sock
2026-03-27 18:00:32,264 - DAMXDaemon - INFO - Daemon stopped
2026-03-27 18:18:39,658 - DAMXDaemon - INFO - ** Starting DAMX-Daemon v0.4.6 **
2026-03-27 18:18:39,658 - DAMXDaemon - INFO - linuwu_sense module found. Proceeding with initialization.
2026-03-27 18:18:39,859 - DAMXDaemon - INFO - Detected laptop type: NITRO
2026-03-27 18:18:39,859 - DAMXDaemon - INFO - Base path: /sys/module/linuwu_sense/drivers/platform:acer-wmi/acer-wmi/nitro_sense
2026-03-27 18:18:39,859 - DAMXDaemon - INFO - Four-zone keyboard: No
2026-03-27 18:18:39,859 - DAMXDaemon - INFO - Available features: backlight_timeout, battery_calibration, battery_limiter, usb_charging, thermal_profile, fan_speed
2026-03-27 18:18:39,859 - DAMXDaemon - INFO - Driver Version: 25.701
2026-03-27 18:18:39,860 - DAMXDaemon - INFO - Log level set to INFO
2026-03-27 18:18:39,860 - DAMXDaemon - INFO - ** Starting DAMX-Daemon v0.4.6 **
2026-03-27 18:18:39,860 - DAMXDaemon - INFO - linuwu_sense module found. Proceeding with initialization.
2026-03-27 18:18:40,061 - DAMXDaemon - INFO - Detected laptop type: NITRO
2026-03-27 18:18:40,061 - DAMXDaemon - INFO - Base path: /sys/module/linuwu_sense/drivers/platform:acer-wmi/acer-wmi/nitro_sense
2026-03-27 18:18:40,061 - DAMXDaemon - INFO - Four-zone keyboard: No
2026-03-27 18:18:40,061 - DAMXDaemon - INFO - Available features: backlight_timeout, battery_calibration, battery_limiter, usb_charging, thermal_profile, fan_speed
2026-03-27 18:18:40,061 - DAMXDaemon - INFO - PowerSourceDetector initialized
2026-03-27 18:18:40,078 - DAMXDaemon - INFO - Switched to battery power
2026-03-27 18:18:40,078 - DAMXDaemon - INFO - Monitoring power source started
2026-03-27 18:18:40,078 - DAMXDaemon - INFO - Detected features: backlight_timeout, battery_calibration, battery_limiter, fan_speed, thermal_profile, usb_charging
2026-03-27 18:18:40,079 - DAMXDaemon - INFO - Monitoring power source started
2026-03-27 18:18:40,079 - DAMXDaemon - INFO - Server listening on /var/run/DAMX.sock
2026-03-27 18:26:40,306 - DAMXDaemon - INFO - Received signal 15, shutting down...
2026-03-27 18:26:40,667 - DAMXDaemon - INFO - Cleaning up resources...
2026-03-27 18:26:40,667 - DAMXDaemon - INFO - Stopping server...
2026-03-27 18:26:40,668 - DAMXDaemon - INFO - Removed socket file: /var/run/DAMX.sock
2026-03-27 18:26:40,668 - DAMXDaemon - INFO - Daemon stopped
2026-03-27 21:28:23,037 - DAMXDaemon - INFO - ** Starting DAMX-Daemon v0.4.6 **
2026-03-27 21:28:23,038 - DAMXDaemon - INFO - linuwu_sense module found. Proceeding with initialization.
2026-03-27 21:28:23,238 - DAMXDaemon - INFO - Detected laptop type: NITRO
2026-03-27 21:28:23,238 - DAMXDaemon - INFO - Base path: /sys/module/linuwu_sense/drivers/platform:acer-wmi/acer-wmi/nitro_sense
2026-03-27 21:28:23,238 - DAMXDaemon - INFO - Four-zone keyboard: No
2026-03-27 21:28:23,238 - DAMXDaemon - INFO - Available features: backlight_timeout, usb_charging, battery_limiter, thermal_profile, fan_speed, battery_calibration
2026-03-27 21:28:23,238 - DAMXDaemon - INFO - Driver Version: 25.701
2026-03-27 21:28:23,239 - DAMXDaemon - INFO - Log level set to INFO
2026-03-27 21:28:23,239 - DAMXDaemon - INFO - ** Starting DAMX-Daemon v0.4.6 **
2026-03-27 21:28:23,239 - DAMXDaemon - INFO - linuwu_sense module found. Proceeding with initialization.
2026-03-27 21:28:23,439 - DAMXDaemon - INFO - Detected laptop type: NITRO
2026-03-27 21:28:23,440 - DAMXDaemon - INFO - Base path: /sys/module/linuwu_sense/drivers/platform:acer-wmi/acer-wmi/nitro_sense
2026-03-27 21:28:23,440 - DAMXDaemon - INFO - Four-zone keyboard: No
2026-03-27 21:28:23,440 - DAMXDaemon - INFO - Available features: backlight_timeout, usb_charging, battery_limiter, thermal_profile, fan_speed, battery_calibration
2026-03-27 21:28:23,440 - DAMXDaemon - INFO - PowerSourceDetector initialized
2026-03-27 21:28:23,452 - DAMXDaemon - INFO - Switched to battery power
2026-03-27 21:28:23,453 - DAMXDaemon - INFO - Monitoring power source started
2026-03-27 21:28:23,453 - DAMXDaemon - INFO - Detected features: backlight_timeout, battery_calibration, battery_limiter, fan_speed, thermal_profile, usb_charging
2026-03-27 21:28:23,454 - DAMXDaemon - INFO - Monitoring power source started
2026-03-27 21:28:23,455 - DAMXDaemon - INFO - Server listening on /var/run/DAMX.sock
2026-03-27 22:00:35,924 - DAMXDaemon - INFO - Processing command: get_supported_features with params: {}
2026-03-27 22:00:35,933 - DAMXDaemon - INFO - Processing command: get_all_settings with params: {}
2026-03-27 22:07:58,784 - DAMXDaemon - INFO - Processing command: set_battery_limiter with params: {'enabled': True}
2026-03-27 22:11:01,879 - DAMXDaemon - INFO - Received signal 15, shutting down...
2026-03-27 22:11:01,879 - DAMXDaemon - INFO - Received signal 15, shutting down...
2026-03-27 22:11:02,580 - DAMXDaemon - INFO - Cleaning up resources...
2026-03-27 22:11:02,581 - DAMXDaemon - INFO - Stopping server...
2026-03-27 22:11:02,581 - DAMXDaemon - INFO - Removed socket file: /var/run/DAMX.sock
2026-03-27 22:11:02,581 - DAMXDaemon - INFO - Daemon stopped
2026-03-27 23:10:41,253 - DAMXDaemon - INFO - ** Starting DAMX-Daemon v0.4.6 **
2026-03-27 23:10:41,253 - DAMXDaemon - INFO - linuwu_sense module found. Proceeding with initialization.
2026-03-27 23:10:41,454 - DAMXDaemon - INFO - Detected laptop type: NITRO
2026-03-27 23:10:41,454 - DAMXDaemon - INFO - Base path: /sys/module/linuwu_sense/drivers/platform:acer-wmi/acer-wmi/nitro_sense
2026-03-27 23:10:41,454 - DAMXDaemon - INFO - Four-zone keyboard: No
2026-03-27 23:10:41,454 - DAMXDaemon - INFO - Available features: thermal_profile, battery_calibration, backlight_timeout, fan_speed, battery_limiter, usb_charging
2026-03-27 23:10:41,454 - DAMXDaemon - INFO - Driver Version: 25.701
2026-03-27 23:10:41,455 - DAMXDaemon - INFO - Log level set to INFO
2026-03-27 23:10:41,455 - DAMXDaemon - INFO - ** Starting DAMX-Daemon v0.4.6 **
2026-03-27 23:10:41,455 - DAMXDaemon - INFO - linuwu_sense module found. Proceeding with initialization.
2026-03-27 23:10:41,655 - DAMXDaemon - INFO - Detected laptop type: NITRO
2026-03-27 23:10:41,656 - DAMXDaemon - INFO - Base path: /sys/module/linuwu_sense/drivers/platform:acer-wmi/acer-wmi/nitro_sense
2026-03-27 23:10:41,656 - DAMXDaemon - INFO - Four-zone keyboard: No
2026-03-27 23:10:41,656 - DAMXDaemon - INFO - Available features: thermal_profile, battery_calibration, backlight_timeout, fan_speed, battery_limiter, usb_charging
2026-03-27 23:10:41,657 - DAMXDaemon - INFO - PowerSourceDetector initialized
2026-03-27 23:10:41,672 - DAMXDaemon - INFO - Switched to battery power
2026-03-27 23:10:41,673 - DAMXDaemon - INFO - Monitoring power source started
2026-03-27 23:10:41,673 - DAMXDaemon - INFO - Detected features: backlight_timeout, battery_calibration, battery_limiter, fan_speed, thermal_profile, usb_charging
2026-03-27 23:10:41,674 - DAMXDaemon - INFO - Monitoring power source started
2026-03-27 23:10:41,674 - DAMXDaemon - INFO - Server listening on /var/run/DAMX.sock
2026-03-27 23:14:56,723 - DAMXDaemon - INFO - Switched to AC power
2026-03-27 23:27:20,488 - DAMXDaemon - INFO - Received signal 15, shutting down...
2026-03-27 23:27:20,488 - DAMXDaemon - INFO - Received signal 15, shutting down...
2026-03-27 23:27:20,845 - DAMXDaemon - INFO - Cleaning up resources...
2026-03-27 23:27:20,845 - DAMXDaemon - INFO - Stopping server...
2026-03-27 23:27:20,845 - DAMXDaemon - INFO - Removed socket file: /var/run/DAMX.sock
2026-03-27 23:27:20,845 - DAMXDaemon - INFO - Daemon stopped
2026-03-27 23:35:32,176 - DAMXDaemon - INFO - ** Starting DAMX-Daemon v0.4.6 **
2026-03-27 23:35:32,177 - DAMXDaemon - INFO - linuwu_sense module found. Proceeding with initialization.
2026-03-27 23:35:32,377 - DAMXDaemon - INFO - Detected laptop type: NITRO
2026-03-27 23:35:32,377 - DAMXDaemon - INFO - Base path: /sys/module/linuwu_sense/drivers/platform:acer-wmi/acer-wmi/nitro_sense
2026-03-27 23:35:32,377 - DAMXDaemon - INFO - Four-zone keyboard: No
2026-03-27 23:35:32,377 - DAMXDaemon - INFO - Available features: fan_speed, usb_charging, thermal_profile, backlight_timeout, battery_limiter, battery_calibration
2026-03-27 23:35:32,377 - DAMXDaemon - INFO - Driver Version: 25.701
2026-03-27 23:35:32,378 - DAMXDaemon - INFO - Log level set to INFO
2026-03-27 23:35:32,378 - DAMXDaemon - INFO - ** Starting DAMX-Daemon v0.4.6 **
2026-03-27 23:35:32,378 - DAMXDaemon - INFO - linuwu_sense module found. Proceeding with initialization.
2026-03-27 23:35:32,579 - DAMXDaemon - INFO - Detected laptop type: NITRO
2026-03-27 23:35:32,579 - DAMXDaemon - INFO - Base path: /sys/module/linuwu_sense/drivers/platform:acer-wmi/acer-wmi/nitro_sense
2026-03-27 23:35:32,579 - DAMXDaemon - INFO - Four-zone keyboard: No
2026-03-27 23:35:32,579 - DAMXDaemon - INFO - Available features: fan_speed, usb_charging, thermal_profile, backlight_timeout, battery_limiter, battery_calibration
2026-03-27 23:35:32,579 - DAMXDaemon - INFO - PowerSourceDetector initialized
2026-03-27 23:35:32,597 - DAMXDaemon - INFO - Switched to AC power
2026-03-27 23:35:32,598 - DAMXDaemon - INFO - Monitoring power source started
2026-03-27 23:35:32,598 - DAMXDaemon - INFO - Detected features: backlight_timeout, battery_calibration, battery_limiter, fan_speed, thermal_profile, usb_charging
2026-03-27 23:35:32,599 - DAMXDaemon - INFO - Monitoring power source started
2026-03-27 23:35:32,600 - DAMXDaemon - INFO - Server listening on /var/run/DAMX.sock
2026-03-27 23:43:10,279 - DAMXDaemon - INFO - Processing command: get_supported_features with params: {}
2026-03-27 23:43:10,285 - DAMXDaemon - INFO - Processing command: get_all_settings with params: {}
                                                                                   2026-03-27 23:45:21,200 - DAMXDaemon - INFO - ** Starting DAMX-Daemon v0.4.6 **
2026-03-27 23:45:21,201 - DAMXDaemon - INFO - linuwu_sense module found. Proceeding with initialization.
2026-03-27 23:45:21,401 - DAMXDaemon - INFO - Detected laptop type: NITRO
2026-03-27 23:45:21,401 - DAMXDaemon - INFO - Base path: /sys/module/linuwu_sense/drivers/platform:acer-wmi/acer-wmi/nitro_sense
2026-03-27 23:45:21,401 - DAMXDaemon - INFO - Four-zone keyboard: No
2026-03-27 23:45:21,401 - DAMXDaemon - INFO - Available features: thermal_profile, usb_charging, backlight_timeout, fan_speed, battery_calibration, battery_limiter
2026-03-27 23:45:21,401 - DAMXDaemon - INFO - Driver Version: 25.701
2026-03-27 23:45:21,402 - DAMXDaemon - INFO - Log level set to INFO
2026-03-27 23:45:21,402 - DAMXDaemon - INFO - ** Starting DAMX-Daemon v0.4.6 **
2026-03-27 23:45:21,402 - DAMXDaemon - INFO - linuwu_sense module found. Proceeding with initialization.
2026-03-27 23:45:21,603 - DAMXDaemon - INFO - Detected laptop type: NITRO
2026-03-27 23:45:21,603 - DAMXDaemon - INFO - Base path: /sys/module/linuwu_sense/drivers/platform:acer-wmi/acer-wmi/nitro_sense
2026-03-27 23:45:21,603 - DAMXDaemon - INFO - Four-zone keyboard: No
2026-03-27 23:45:21,603 - DAMXDaemon - INFO - Available features: thermal_profile, usb_charging, backlight_timeout, fan_speed, battery_calibration, battery_limiter
2026-03-27 23:45:21,603 - DAMXDaemon - INFO - PowerSourceDetector initialized
2026-03-27 23:45:21,615 - DAMXDaemon - INFO - Switched to AC power
2026-03-27 23:45:21,615 - DAMXDaemon - INFO - Monitoring power source started
2026-03-27 23:45:21,615 - DAMXDaemon - INFO - Detected features: backlight_timeout, battery_calibration, battery_limiter, fan_speed, thermal_profile, usb_charging
2026-03-27 23:45:21,616 - DAMXDaemon - INFO - Monitoring power source started
2026-03-27 23:45:21,616 - DAMXDaemon - INFO - Server listening on /var/run/DAMX.sock
2026-03-27 23:55:37,659 - DAMXDaemon - INFO - Processing command: get_supported_features with params: {}
2026-03-27 23:55:37,665 - DAMXDaemon - INFO - Processing command: get_all_settings with params: {}
2026-03-27 23:58:30,846 - DAMXDaemon - INFO - Processing command: get_supported_features with params: {}
2026-03-27 23:58:30,867 - DAMXDaemon - INFO - Processing command: get_all_settings with params: {}
2026-03-27 23:58:33,903 - DAMXDaemon - INFO - Processing command: set_thermal_profile with params: {'profile': 'quiet'}
2026-03-27 23:58:33,958 - DAMXDaemon - INFO - Processing command: set_fan_speed with params: {'cpu': 0, 'gpu': 0}
2026-03-27 23:58:34,989 - DAMXDaemon - INFO - Processing command: get_all_settings with params: {}
2026-03-27 23:59:11,780 - DAMXDaemon - INFO - Switched to battery power
2026-03-28 00:48:15,604 - DAMXDaemon - INFO - Switched to AC power
2026-03-28 01:35:53,301 - DAMXDaemon - INFO - Switched to battery power
2026-03-28 01:41:23,410 - DAMXDaemon - INFO - Switched to AC power
2026-03-28 02:01:23,768 - DAMXDaemon - INFO - Switched to battery power
2026-03-28 10:05:09,293 - DAMXDaemon - INFO - Switched to AC power
2026-03-28 10:14:19,515 - DAMXDaemon - INFO - Switched to battery power
2026-03-28 10:44:25,878 - DAMXDaemon - INFO - Received signal 15, shutting down...
2026-03-28 10:44:26,080 - DAMXDaemon - INFO - Cleaning up resources...
2026-03-28 10:44:26,080 - DAMXDaemon - INFO - Stopping server...
2026-03-28 10:44:26,080 - DAMXDaemon - INFO - Removed socket file: /var/run/DAMX.sock
2026-03-28 10:44:26,081 - DAMXDaemon - INFO - Daemon stopped
2026-03-28 10:44:45,734 - DAMXDaemon - INFO - ** Starting DAMX-Daemon v0.4.6 **
2026-03-28 10:44:45,735 - DAMXDaemon - ERROR - linuwu_sense module not found. Please install the linuwu_sense driver first.
2026-03-28 10:44:45,935 - DAMXDaemon - WARNING - Unknown laptop type detected, attempting driver restart (attempt 1/20)...
2026-03-28 10:44:45,936 - DAMXDaemon - INFO - Attempting to restart drivers and daemon (attempt 1/20)...
2026-03-28 10:44:45,962 - DAMXDaemon - ERROR - Unexpected error during restart (attempt 1): Command '['sudo', 'rmmod', 'linuwu-sense']' returned non-zero exit status 1.
2026-03-28 10:44:45,962 - DAMXDaemon - ERROR - Failed to restart drivers (attempt 1), continuing with limited functionality
2026-03-28 10:44:45,962 - DAMXDaemon - INFO - Detected laptop type: UNKNOWN
2026-03-28 10:44:45,962 - DAMXDaemon - INFO - Base path: 
2026-03-28 10:44:45,962 - DAMXDaemon - INFO - Four-zone keyboard: No
2026-03-28 10:44:45,962 - DAMXDaemon - INFO - Available features: 
2026-03-28 10:44:45,962 - DAMXDaemon - INFO - Driver Version: Unknown Version
2026-03-28 10:44:45,964 - DAMXDaemon - INFO - Log level set to INFO
2026-03-28 10:44:45,964 - DAMXDaemon - INFO - ** Starting DAMX-Daemon v0.4.6 **
2026-03-28 10:44:45,964 - DAMXDaemon - ERROR - linuwu_sense module not found. Please install the linuwu_sense driver first.
2026-03-28 10:44:46,164 - DAMXDaemon - WARNING - Unknown laptop type detected, attempting driver restart (attempt 2/20)...
2026-03-28 10:44:46,165 - DAMXDaemon - INFO - Attempting to restart drivers and daemon (attempt 2/20)...
2026-03-28 10:44:46,172 - DAMXDaemon - ERROR - Unexpected error during restart (attempt 2): Command '['sudo', 'rmmod', 'linuwu-sense']' returned non-zero exit status 1.
2026-03-28 10:44:46,172 - DAMXDaemon - ERROR - Failed to restart drivers (attempt 2), continuing with limited functionality
2026-03-28 10:44:46,172 - DAMXDaemon - INFO - Detected laptop type: UNKNOWN
2026-03-28 10:44:46,172 - DAMXDaemon - INFO - Base path: 
2026-03-28 10:44:46,172 - DAMXDaemon - INFO - Four-zone keyboard: No
2026-03-28 10:44:46,172 - DAMXDaemon - INFO - Available features: 
2026-03-28 10:44:46,172 - DAMXDaemon - INFO - PowerSourceDetector initialized
2026-03-28 10:44:46,172 - DAMXDaemon - INFO - Monitoring power source started
2026-03-28 10:44:46,172 - DAMXDaemon - INFO - Detected features: 
2026-03-28 10:44:46,173 - DAMXDaemon - INFO - Monitoring power source started
2026-03-28 10:44:46,173 - DAMXDaemon - INFO - Server listening on /var/run/DAMX.sock
2026-03-28 10:45:01,148 - DAMXDaemon - INFO - Received signal 15, shutting down...
2026-03-28 10:45:01,187 - DAMXDaemon - INFO - Cleaning up resources...
2026-03-28 10:45:01,187 - DAMXDaemon - INFO - Stopping server...
2026-03-28 10:45:01,187 - DAMXDaemon - INFO - Removed socket file: /var/run/DAMX.sock
2026-03-28 10:45:01,187 - DAMXDaemon - INFO - Daemon stopped
2026-03-28 14:11:56,445 - DAMXDaemon - INFO - ** Starting DAMX-Daemon v0.4.6 **
2026-03-28 14:11:56,446 - DAMXDaemon - ERROR - linuwu_sense module not found. Please install the linuwu_sense driver first.
2026-03-28 14:11:56,646 - DAMXDaemon - WARNING - Unknown laptop type detected, attempting driver restart (attempt 1/20)...
2026-03-28 14:11:56,646 - DAMXDaemon - INFO - Attempting to restart drivers and daemon (attempt 1/20)...
2026-03-28 14:11:56,673 - DAMXDaemon - ERROR - Unexpected error during restart (attempt 1): Command '['sudo', 'rmmod', 'linuwu-sense']' returned non-zero exit status 1.
2026-03-28 14:11:56,673 - DAMXDaemon - ERROR - Failed to restart drivers (attempt 1), continuing with limited functionality
2026-03-28 14:11:56,673 - DAMXDaemon - INFO - Detected laptop type: UNKNOWN
2026-03-28 14:11:56,673 - DAMXDaemon - INFO - Base path: 
2026-03-28 14:11:56,673 - DAMXDaemon - INFO - Four-zone keyboard: No
2026-03-28 14:11:56,673 - DAMXDaemon - INFO - Available features: 
2026-03-28 14:11:56,673 - DAMXDaemon - INFO - Driver Version: Unknown Version
2026-03-28 14:11:56,674 - DAMXDaemon - INFO - Log level set to INFO
2026-03-28 14:11:56,674 - DAMXDaemon - INFO - ** Starting DAMX-Daemon v0.4.6 **
2026-03-28 14:11:56,674 - DAMXDaemon - ERROR - linuwu_sense module not found. Please install the linuwu_sense driver first.
2026-03-28 14:11:56,874 - DAMXDaemon - WARNING - Unknown laptop type detected, attempting driver restart (attempt 2/20)...
2026-03-28 14:11:56,874 - DAMXDaemon - INFO - Attempting to restart drivers and daemon (attempt 2/20)...
2026-03-28 14:11:56,884 - DAMXDaemon - ERROR - Unexpected error during restart (attempt 2): Command '['sudo', 'rmmod', 'linuwu-sense']' returned non-zero exit status 1.
2026-03-28 14:11:56,884 - DAMXDaemon - ERROR - Failed to restart drivers (attempt 2), continuing with limited functionality
2026-03-28 14:11:56,884 - DAMXDaemon - INFO - Detected laptop type: UNKNOWN
2026-03-28 14:11:56,884 - DAMXDaemon - INFO - Base path: 
2026-03-28 14:11:56,884 - DAMXDaemon - INFO - Four-zone keyboard: No
2026-03-28 14:11:56,884 - DAMXDaemon - INFO - Available features: 
2026-03-28 14:11:56,884 - DAMXDaemon - INFO - PowerSourceDetector initialized
2026-03-28 14:11:56,885 - DAMXDaemon - INFO - Monitoring power source started
2026-03-28 14:11:56,885 - DAMXDaemon - INFO - Detected features: 
2026-03-28 14:11:56,885 - DAMXDaemon - INFO - Monitoring power source started
2026-03-28 14:11:56,885 - DAMXDaemon - INFO - Server listening on /var/run/DAMX.sock
2026-03-28 14:13:46,891 - DAMXDaemon - INFO - Received signal 15, shutting down...
2026-03-28 14:13:47,018 - DAMXDaemon - INFO - Cleaning up resources...
2026-03-28 14:13:47,018 - DAMXDaemon - INFO - Stopping server...
2026-03-28 14:13:47,018 - DAMXDaemon - INFO - Removed socket file: /var/run/DAMX.sock
2026-03-28 14:13:47,018 - DAMXDaemon - INFO - Daemon stopped
2026-03-28 14:14:16,784 - DAMXDaemon - INFO - ** Starting DAMX-Daemon v0.4.6 **
2026-03-28 14:14:16,784 - DAMXDaemon - ERROR - linuwu_sense module not found. Please install the linuwu_sense driver first.
2026-03-28 14:14:16,984 - DAMXDaemon - WARNING - Unknown laptop type detected, attempting driver restart (attempt 1/20)...
2026-03-28 14:14:16,985 - DAMXDaemon - INFO - Attempting to restart drivers and daemon (attempt 1/20)...
2026-03-28 14:14:17,243 - DAMXDaemon - ERROR - Unexpected error during restart (attempt 1): Command '['sudo', 'rmmod', 'linuwu-sense']' returned non-zero exit status 1.
2026-03-28 14:14:17,243 - DAMXDaemon - ERROR - Failed to restart drivers (attempt 1), continuing with limited functionality
2026-03-28 14:14:17,243 - DAMXDaemon - INFO - Detected laptop type: UNKNOWN
2026-03-28 14:14:17,243 - DAMXDaemon - INFO - Base path: 
2026-03-28 14:14:17,243 - DAMXDaemon - INFO - Four-zone keyboard: No
2026-03-28 14:14:17,243 - DAMXDaemon - INFO - Available features: 
2026-03-28 14:14:17,243 - DAMXDaemon - INFO - Driver Version: Unknown Version
2026-03-28 14:14:17,244 - DAMXDaemon - INFO - Log level set to INFO
2026-03-28 14:14:17,244 - DAMXDaemon - INFO - ** Starting DAMX-Daemon v0.4.6 **
2026-03-28 14:14:17,244 - DAMXDaemon - ERROR - linuwu_sense module not found. Please install the linuwu_sense driver first.
2026-03-28 14:14:17,444 - DAMXDaemon - WARNING - Unknown laptop type detected, attempting driver restart (attempt 2/20)...
2026-03-28 14:14:17,445 - DAMXDaemon - INFO - Attempting to restart drivers and daemon (attempt 2/20)...
2026-03-28 14:14:17,454 - DAMXDaemon - ERROR - Unexpected error during restart (attempt 2): Command '['sudo', 'rmmod', 'linuwu-sense']' returned non-zero exit status 1.
2026-03-28 14:14:17,454 - DAMXDaemon - ERROR - Failed to restart drivers (attempt 2), continuing with limited functionality
2026-03-28 14:14:17,454 - DAMXDaemon - INFO - Detected laptop type: UNKNOWN
2026-03-28 14:14:17,454 - DAMXDaemon - INFO - Base path: 
2026-03-28 14:14:17,454 - DAMXDaemon - INFO - Four-zone keyboard: No
2026-03-28 14:14:17,454 - DAMXDaemon - INFO - Available features: 
2026-03-28 14:14:17,454 - DAMXDaemon - INFO - PowerSourceDetector initialized
2026-03-28 14:14:17,454 - DAMXDaemon - INFO - Monitoring power source started
2026-03-28 14:14:17,454 - DAMXDaemon - INFO - Detected features: 
2026-03-28 14:14:17,455 - DAMXDaemon - INFO - Monitoring power source started
2026-03-28 14:14:17,455 - DAMXDaemon - INFO - Server listening on /var/run/DAMX.sock
2026-03-28 14:26:06,900 - DAMXDaemon - INFO - Received signal 15, shutting down...
2026-03-28 14:26:06,900 - DAMXDaemon - INFO - Received signal 15, shutting down...
2026-03-28 14:26:07,720 - DAMXDaemon - INFO - Cleaning up resources...
2026-03-28 14:26:07,721 - DAMXDaemon - INFO - Stopping server...
2026-03-28 14:26:07,721 - DAMXDaemon - INFO - Removed socket file: /var/run/DAMX.sock
2026-03-28 14:26:07,721 - DAMXDaemon - INFO - Daemon stopped
2026-03-28 14:26:26,388 - DAMXDaemon - INFO - ** Starting DAMX-Daemon v0.4.6 **
2026-03-28 14:26:26,388 - DAMXDaemon - ERROR - linuwu_sense module not found. Please install the linuwu_sense driver first.
2026-03-28 14:26:26,589 - DAMXDaemon - WARNING - Unknown laptop type detected, attempting driver restart (attempt 1/20)...
2026-03-28 14:26:26,589 - DAMXDaemon - INFO - Attempting to restart drivers and daemon (attempt 1/20)...
2026-03-28 14:26:26,605 - DAMXDaemon - ERROR - Unexpected error during restart (attempt 1): Command '['sudo', 'rmmod', 'linuwu-sense']' returned non-zero exit status 1.
2026-03-28 14:26:26,605 - DAMXDaemon - ERROR - Failed to restart drivers (attempt 1), continuing with limited functionality
2026-03-28 14:26:26,605 - DAMXDaemon - INFO - Detected laptop type: UNKNOWN
2026-03-28 14:26:26,605 - DAMXDaemon - INFO - Base path: 
2026-03-28 14:26:26,605 - DAMXDaemon - INFO - Four-zone keyboard: No
2026-03-28 14:26:26,605 - DAMXDaemon - INFO - Available features: 
2026-03-28 14:26:26,605 - DAMXDaemon - INFO - Driver Version: Unknown Version
2026-03-28 14:26:26,606 - DAMXDaemon - INFO - Log level set to INFO
2026-03-28 14:26:26,606 - DAMXDaemon - INFO - ** Starting DAMX-Daemon v0.4.6 **
2026-03-28 14:26:26,606 - DAMXDaemon - ERROR - linuwu_sense module not found. Please install the linuwu_sense driver first.
2026-03-28 14:26:26,807 - DAMXDaemon - WARNING - Unknown laptop type detected, attempting driver restart (attempt 2/20)...
2026-03-28 14:26:26,807 - DAMXDaemon - INFO - Attempting to restart drivers and daemon (attempt 2/20)...
2026-03-28 14:26:26,816 - DAMXDaemon - ERROR - Unexpected error during restart (attempt 2): Command '['sudo', 'rmmod', 'linuwu-sense']' returned non-zero exit status 1.
2026-03-28 14:26:26,816 - DAMXDaemon - ERROR - Failed to restart drivers (attempt 2), continuing with limited functionality
2026-03-28 14:26:26,816 - DAMXDaemon - INFO - Detected laptop type: UNKNOWN
2026-03-28 14:26:26,817 - DAMXDaemon - INFO - Base path: 
2026-03-28 14:26:26,817 - DAMXDaemon - INFO - Four-zone keyboard: No
2026-03-28 14:26:26,817 - DAMXDaemon - INFO - Available features: 
2026-03-28 14:26:26,817 - DAMXDaemon - INFO - PowerSourceDetector initialized
2026-03-28 14:26:26,817 - DAMXDaemon - INFO - Monitoring power source started
2026-03-28 14:26:26,817 - DAMXDaemon - INFO - Detected features: 
2026-03-28 14:26:26,818 - DAMXDaemon - INFO - Monitoring power source started
2026-03-28 14:26:26,818 - DAMXDaemon - INFO - Server listening on /var/run/DAMX.sock
2026-03-28 14:27:40,733 - DAMXDaemon - INFO - Received signal 15, shutting down...
2026-03-28 14:27:40,909 - DAMXDaemon - INFO - Cleaning up resources...
2026-03-28 14:27:40,909 - DAMXDaemon - INFO - Stopping server...
2026-03-28 14:27:40,909 - DAMXDaemon - INFO - Removed socket file: /var/run/DAMX.sock
2026-03-28 14:27:40,909 - DAMXDaemon - INFO - Daemon stopped
2026-03-28 14:28:01,373 - DAMXDaemon - INFO - ** Starting DAMX-Daemon v0.4.6 **
2026-03-28 14:28:01,373 - DAMXDaemon - ERROR - linuwu_sense module not found. Please install the linuwu_sense driver first.
2026-03-28 14:28:01,574 - DAMXDaemon - WARNING - Unknown laptop type detected, attempting driver restart (attempt 1/20)...
2026-03-28 14:28:01,574 - DAMXDaemon - INFO - Attempting to restart drivers and daemon (attempt 1/20)...
2026-03-28 14:28:01,602 - DAMXDaemon - ERROR - Unexpected error during restart (attempt 1): Command '['sudo', 'rmmod', 'linuwu-sense']' returned non-zero exit status 1.
2026-03-28 14:28:01,602 - DAMXDaemon - ERROR - Failed to restart drivers (attempt 1), continuing with limited functionality
2026-03-28 14:28:01,602 - DAMXDaemon - INFO - Detected laptop type: UNKNOWN
2026-03-28 14:28:01,602 - DAMXDaemon - INFO - Base path: 
2026-03-28 14:28:01,602 - DAMXDaemon - INFO - Four-zone keyboard: No
2026-03-28 14:28:01,602 - DAMXDaemon - INFO - Available features: 
2026-03-28 14:28:01,602 - DAMXDaemon - INFO - Driver Version: Unknown Version
2026-03-28 14:28:01,603 - DAMXDaemon - INFO - Log level set to INFO
2026-03-28 14:28:01,603 - DAMXDaemon - INFO - ** Starting DAMX-Daemon v0.4.6 **
2026-03-28 14:28:01,603 - DAMXDaemon - ERROR - linuwu_sense module not found. Please install the linuwu_sense driver first.
2026-03-28 14:28:01,803 - DAMXDaemon - WARNING - Unknown laptop type detected, attempting driver restart (attempt 2/20)...
2026-03-28 14:28:01,803 - DAMXDaemon - INFO - Attempting to restart drivers and daemon (attempt 2/20)...
2026-03-28 14:28:01,810 - DAMXDaemon - ERROR - Unexpected error during restart (attempt 2): Command '['sudo', 'rmmod', 'linuwu-sense']' returned non-zero exit status 1.
2026-03-28 14:28:01,810 - DAMXDaemon - ERROR - Failed to restart drivers (attempt 2), continuing with limited functionality
2026-03-28 14:28:01,810 - DAMXDaemon - INFO - Detected laptop type: UNKNOWN
2026-03-28 14:28:01,810 - DAMXDaemon - INFO - Base path: 
2026-03-28 14:28:01,810 - DAMXDaemon - INFO - Four-zone keyboard: No
2026-03-28 14:28:01,810 - DAMXDaemon - INFO - Available features: 
2026-03-28 14:28:01,811 - DAMXDaemon - INFO - PowerSourceDetector initialized
2026-03-28 14:28:01,811 - DAMXDaemon - INFO - Monitoring power source started
2026-03-28 14:28:01,811 - DAMXDaemon - INFO - Detected features: 
2026-03-28 14:28:01,812 - DAMXDaemon - INFO - Monitoring power source started
2026-03-28 14:28:01,812 - DAMXDaemon - INFO - Server listening on /var/run/DAMX.sock
2026-03-28 16:13:03,261 - DAMXDaemon - INFO - Processing command: get_supported_features with params: {}
2026-03-28 16:13:03,280 - DAMXDaemon - INFO - Processing command: get_all_settings with params: {}
2026-03-28 16:37:06,822 - DAMXDaemon - INFO - Processing command: get_supported_features with params: {}
2026-03-28 16:37:06,841 - DAMXDaemon - INFO - Processing command: get_all_settings with params: {}
2026-03-28 16:37:08,423 - DAMXDaemon - INFO - Processing command: get_supported_features with params: {}
2026-03-28 16:37:08,445 - DAMXDaemon - INFO - Processing command: get_all_settings with params: {}
                                                                                                                                                                                                                                                                                                                                                                                                                                                                 2026-03-28 18:20:01,223 - DAMXDaemon - INFO - ** Starting DAMX-Daemon v0.4.6 **
2026-03-28 18:20:01,224 - DAMXDaemon - ERROR - linuwu_sense module not found. Please install the linuwu_sense driver first.
2026-03-28 18:20:01,424 - DAMXDaemon - WARNING - Unknown laptop type detected, attempting driver restart (attempt 1/20)...
2026-03-28 18:20:01,424 - DAMXDaemon - INFO - Attempting to restart drivers and daemon (attempt 1/20)...
2026-03-28 18:20:01,567 - DAMXDaemon - ERROR - Unexpected error during restart (attempt 1): Command '['sudo', 'rmmod', 'linuwu-sense']' returned non-zero exit status 1.
2026-03-28 18:20:01,568 - DAMXDaemon - ERROR - Failed to restart drivers (attempt 1), continuing with limited functionality
2026-03-28 18:20:01,568 - DAMXDaemon - INFO - Detected laptop type: UNKNOWN
2026-03-28 18:20:01,568 - DAMXDaemon - INFO - Base path: 
2026-03-28 18:20:01,568 - DAMXDaemon - INFO - Four-zone keyboard: No
2026-03-28 18:20:01,568 - DAMXDaemon - INFO - Available features: 
2026-03-28 18:20:01,568 - DAMXDaemon - INFO - Driver Version: Unknown Version
2026-03-28 18:20:01,569 - DAMXDaemon - INFO - Log level set to INFO
2026-03-28 18:20:01,569 - DAMXDaemon - INFO - ** Starting DAMX-Daemon v0.4.6 **
2026-03-28 18:20:01,569 - DAMXDaemon - ERROR - linuwu_sense module not found. Please install the linuwu_sense driver first.
2026-03-28 18:20:01,769 - DAMXDaemon - WARNING - Unknown laptop type detected, attempting driver restart (attempt 2/20)...
2026-03-28 18:20:01,769 - DAMXDaemon - INFO - Attempting to restart drivers and daemon (attempt 2/20)...
2026-03-28 18:20:01,776 - DAMXDaemon - ERROR - Unexpected error during restart (attempt 2): Command '['sudo', 'rmmod', 'linuwu-sense']' returned non-zero exit status 1.
2026-03-28 18:20:01,776 - DAMXDaemon - ERROR - Failed to restart drivers (attempt 2), continuing with limited functionality
2026-03-28 18:20:01,776 - DAMXDaemon - INFO - Detected laptop type: UNKNOWN
2026-03-28 18:20:01,776 - DAMXDaemon - INFO - Base path: 
2026-03-28 18:20:01,776 - DAMXDaemon - INFO - Four-zone keyboard: No
2026-03-28 18:20:01,776 - DAMXDaemon - INFO - Available features: 
2026-03-28 18:20:01,776 - DAMXDaemon - INFO - PowerSourceDetector initialized
2026-03-28 18:20:01,777 - DAMXDaemon - INFO - Monitoring power source started
2026-03-28 18:20:01,777 - DAMXDaemon - INFO - Detected features: 
2026-03-28 18:20:01,777 - DAMXDaemon - INFO - Monitoring power source started
2026-03-28 18:20:01,777 - DAMXDaemon - INFO - Server listening on /var/run/DAMX.sock
2026-03-28 18:29:48,026 - DAMXDaemon - INFO - Received signal 15, shutting down...
2026-03-28 18:29:48,027 - DAMXDaemon - INFO - Received signal 15, shutting down...
2026-03-28 18:29:48,876 - DAMXDaemon - INFO - Cleaning up resources...
2026-03-28 18:29:48,876 - DAMXDaemon - INFO - Stopping server...
2026-03-28 18:29:48,877 - DAMXDaemon - INFO - Removed socket file: /var/run/DAMX.sock
2026-03-28 18:29:48,877 - DAMXDaemon - INFO - Daemon stopped
2026-03-28 18:39:12,344 - DAMXDaemon - INFO - ** Starting DAMX-Daemon v0.4.6 **
2026-03-28 18:39:12,344 - DAMXDaemon - ERROR - linuwu_sense module not found. Please install the linuwu_sense driver first.
2026-03-28 18:39:12,545 - DAMXDaemon - WARNING - Unknown laptop type detected, attempting driver restart (attempt 1/20)...
2026-03-28 18:39:12,545 - DAMXDaemon - INFO - Attempting to restart drivers and daemon (attempt 1/20)...
2026-03-28 18:39:12,837 - DAMXDaemon - ERROR - Unexpected error during restart (attempt 1): Command '['sudo', 'rmmod', 'linuwu-sense']' returned non-zero exit status 1.
2026-03-28 18:39:12,837 - DAMXDaemon - ERROR - Failed to restart drivers (attempt 1), continuing with limited functionality
2026-03-28 18:39:12,837 - DAMXDaemon - INFO - Detected laptop type: UNKNOWN
2026-03-28 18:39:12,837 - DAMXDaemon - INFO - Base path: 
2026-03-28 18:39:12,837 - DAMXDaemon - INFO - Four-zone keyboard: No
2026-03-28 18:39:12,837 - DAMXDaemon - INFO - Available features: 
2026-03-28 18:39:12,838 - DAMXDaemon - INFO - Driver Version: Unknown Version
2026-03-28 18:39:12,839 - DAMXDaemon - INFO - Log level set to INFO
2026-03-28 18:39:12,839 - DAMXDaemon - INFO - ** Starting DAMX-Daemon v0.4.6 **
2026-03-28 18:39:12,839 - DAMXDaemon - ERROR - linuwu_sense module not found. Please install the linuwu_sense driver first.
2026-03-28 18:39:13,039 - DAMXDaemon - WARNING - Unknown laptop type detected, attempting driver restart (attempt 2/20)...
2026-03-28 18:39:13,039 - DAMXDaemon - INFO - Attempting to restart drivers and daemon (attempt 2/20)...
2026-03-28 18:39:13,047 - DAMXDaemon - ERROR - Unexpected error during restart (attempt 2): Command '['sudo', 'rmmod', 'linuwu-sense']' returned non-zero exit status 1.
2026-03-28 18:39:13,047 - DAMXDaemon - ERROR - Failed to restart drivers (attempt 2), continuing with limited functionality
2026-03-28 18:39:13,047 - DAMXDaemon - INFO - Detected laptop type: UNKNOWN
2026-03-28 18:39:13,047 - DAMXDaemon - INFO - Base path: 
2026-03-28 18:39:13,047 - DAMXDaemon - INFO - Four-zone keyboard: No
2026-03-28 18:39:13,047 - DAMXDaemon - INFO - Available features: 
2026-03-28 18:39:13,047 - DAMXDaemon - INFO - PowerSourceDetector initialized
2026-03-28 18:39:13,048 - DAMXDaemon - INFO - Monitoring power source started
2026-03-28 18:39:13,048 - DAMXDaemon - INFO - Detected features: 
2026-03-28 18:39:13,048 - DAMXDaemon - INFO - Monitoring power source started
2026-03-28 18:39:13,048 - DAMXDaemon - INFO - Server listening on /var/run/DAMX.sock
2026-03-28 19:48:36,472 - DAMXDaemon - INFO - Processing command: get_supported_features with params: {}
2026-03-28 19:48:36,494 - DAMXDaemon - INFO - Processing command: get_all_settings with params: {}
2026-03-28 20:33:11,636 - DAMXDaemon - INFO - Received signal 15, shutting down...
2026-03-28 20:33:11,988 - DAMXDaemon - INFO - Cleaning up resources...
2026-03-28 20:33:11,988 - DAMXDaemon - INFO - Stopping server...
2026-03-28 20:33:11,988 - DAMXDaemon - INFO - Removed socket file: /var/run/DAMX.sock
2026-03-28 20:33:11,988 - DAMXDaemon - INFO - Daemon stopped
2026-03-28 21:31:53,787 - DAMXDaemon - INFO - ** Starting DAMX-Daemon v0.4.6 **
2026-03-28 21:31:53,787 - DAMXDaemon - ERROR - linuwu_sense module not found. Please install the linuwu_sense driver first.
2026-03-28 21:31:53,988 - DAMXDaemon - WARNING - Unknown laptop type detected, attempting driver restart (attempt 1/20)...
2026-03-28 21:31:53,988 - DAMXDaemon - INFO - Attempting to restart drivers and daemon (attempt 1/20)...
2026-03-28 21:31:54,156 - DAMXDaemon - ERROR - Unexpected error during restart (attempt 1): Command '['sudo', 'rmmod', 'linuwu-sense']' returned non-zero exit status 1.
2026-03-28 21:31:54,156 - DAMXDaemon - ERROR - Failed to restart drivers (attempt 1), continuing with limited functionality
2026-03-28 21:31:54,156 - DAMXDaemon - INFO - Detected laptop type: UNKNOWN
2026-03-28 21:31:54,156 - DAMXDaemon - INFO - Base path: 
2026-03-28 21:31:54,156 - DAMXDaemon - INFO - Four-zone keyboard: No
2026-03-28 21:31:54,156 - DAMXDaemon - INFO - Available features: 
2026-03-28 21:31:54,156 - DAMXDaemon - INFO - Driver Version: Unknown Version
2026-03-28 21:31:54,157 - DAMXDaemon - INFO - Log level set to INFO
2026-03-28 21:31:54,157 - DAMXDaemon - INFO - ** Starting DAMX-Daemon v0.4.6 **
2026-03-28 21:31:54,157 - DAMXDaemon - ERROR - linuwu_sense module not found. Please install the linuwu_sense driver first.
2026-03-28 21:31:54,357 - DAMXDaemon - WARNING - Unknown laptop type detected, attempting driver restart (attempt 2/20)...
2026-03-28 21:31:54,358 - DAMXDaemon - INFO - Attempting to restart drivers and daemon (attempt 2/20)...
2026-03-28 21:31:54,367 - DAMXDaemon - ERROR - Unexpected error during restart (attempt 2): Command '['sudo', 'rmmod', 'linuwu-sense']' returned non-zero exit status 1.
2026-03-28 21:31:54,367 - DAMXDaemon - ERROR - Failed to restart drivers (attempt 2), continuing with limited functionality
2026-03-28 21:31:54,367 - DAMXDaemon - INFO - Detected laptop type: UNKNOWN
2026-03-28 21:31:54,367 - DAMXDaemon - INFO - Base path: 
2026-03-28 21:31:54,367 - DAMXDaemon - INFO - Four-zone keyboard: No
2026-03-28 21:31:54,367 - DAMXDaemon - INFO - Available features: 
2026-03-28 21:31:54,367 - DAMXDaemon - INFO - PowerSourceDetector initialized
2026-03-28 21:31:54,368 - DAMXDaemon - INFO - Monitoring power source started
2026-03-28 21:31:54,368 - DAMXDaemon - INFO - Detected features: 
2026-03-28 21:31:54,368 - DAMXDaemon - INFO - Monitoring power source started
2026-03-28 21:31:54,368 - DAMXDaemon - INFO - Server listening on /var/run/DAMX.sock
2026-03-28 22:35:51,919 - DAMXDaemon - INFO - Processing command: get_supported_features with params: {}
2026-03-28 22:35:51,932 - DAMXDaemon - INFO - Processing command: get_all_settings with params: {}
2026-03-29 01:56:15,484 - DAMXDaemon - INFO - Received signal 15, shutting down...
2026-03-29 01:56:15,792 - DAMXDaemon - INFO - Cleaning up resources...
2026-03-29 01:56:15,792 - DAMXDaemon - INFO - Stopping server...
2026-03-29 01:56:15,792 - DAMXDaemon - INFO - Removed socket file: /var/run/DAMX.sock
2026-03-29 01:56:15,792 - DAMXDaemon - INFO - Daemon stopped
2026-03-29 10:13:53,043 - DAMXDaemon - INFO - ** Starting DAMX-Daemon v0.4.6 **
2026-03-29 10:13:53,044 - DAMXDaemon - ERROR - linuwu_sense module not found. Please install the linuwu_sense driver first.
2026-03-29 10:13:53,244 - DAMXDaemon - WARNING - Unknown laptop type detected, attempting driver restart (attempt 1/20)...
2026-03-29 10:13:53,244 - DAMXDaemon - INFO - Attempting to restart drivers and daemon (attempt 1/20)...
2026-03-29 10:13:53,343 - DAMXDaemon - ERROR - Unexpected error during restart (attempt 1): Command '['sudo', 'rmmod', 'linuwu-sense']' returned non-zero exit status 1.
2026-03-29 10:13:53,343 - DAMXDaemon - ERROR - Failed to restart drivers (attempt 1), continuing with limited functionality
2026-03-29 10:13:53,343 - DAMXDaemon - INFO - Detected laptop type: UNKNOWN
2026-03-29 10:13:53,343 - DAMXDaemon - INFO - Base path: 
2026-03-29 10:13:53,344 - DAMXDaemon - INFO - Four-zone keyboard: No
2026-03-29 10:13:53,344 - DAMXDaemon - INFO - Available features: 
2026-03-29 10:13:53,344 - DAMXDaemon - INFO - Driver Version: Unknown Version
2026-03-29 10:13:53,345 - DAMXDaemon - INFO - Log level set to INFO
2026-03-29 10:13:53,345 - DAMXDaemon - INFO - ** Starting DAMX-Daemon v0.4.6 **
2026-03-29 10:13:53,345 - DAMXDaemon - ERROR - linuwu_sense module not found. Please install the linuwu_sense driver first.
2026-03-29 10:13:53,545 - DAMXDaemon - WARNING - Unknown laptop type detected, attempting driver restart (attempt 2/20)...
2026-03-29 10:13:53,545 - DAMXDaemon - INFO - Attempting to restart drivers and daemon (attempt 2/20)...
2026-03-29 10:13:53,553 - DAMXDaemon - ERROR - Unexpected error during restart (attempt 2): Command '['sudo', 'rmmod', 'linuwu-sense']' returned non-zero exit status 1.
2026-03-29 10:13:53,553 - DAMXDaemon - ERROR - Failed to restart drivers (attempt 2), continuing with limited functionality
2026-03-29 10:13:53,553 - DAMXDaemon - INFO - Detected laptop type: UNKNOWN
2026-03-29 10:13:53,553 - DAMXDaemon - INFO - Base path: 
2026-03-29 10:13:53,553 - DAMXDaemon - INFO - Four-zone keyboard: No
2026-03-29 10:13:53,553 - DAMXDaemon - INFO - Available features: 
2026-03-29 10:13:53,553 - DAMXDaemon - INFO - PowerSourceDetector initialized
2026-03-29 10:13:53,554 - DAMXDaemon - INFO - Monitoring power source started
2026-03-29 10:13:53,554 - DAMXDaemon - INFO - Detected features: 
2026-03-29 10:13:53,554 - DAMXDaemon - INFO - Monitoring power source started
2026-03-29 10:13:53,555 - DAMXDaemon - INFO - Server listening on /var/run/DAMX.sock
2026-03-29 10:15:00,477 - DAMXDaemon - INFO - Received signal 15, shutting down...
2026-03-29 10:15:01,185 - DAMXDaemon - INFO - Cleaning up resources...
2026-03-29 10:15:01,185 - DAMXDaemon - INFO - Stopping server...
2026-03-29 10:15:01,186 - DAMXDaemon - INFO - Removed socket file: /var/run/DAMX.sock
2026-03-29 10:15:01,186 - DAMXDaemon - INFO - Daemon stopped
2026-03-29 10:15:21,854 - DAMXDaemon - INFO - ** Starting DAMX-Daemon v0.4.6 **
2026-03-29 10:15:21,854 - DAMXDaemon - ERROR - linuwu_sense module not found. Please install the linuwu_sense driver first.
2026-03-29 10:15:22,055 - DAMXDaemon - WARNING - Unknown laptop type detected, attempting driver restart (attempt 1/20)...
2026-03-29 10:15:22,055 - DAMXDaemon - INFO - Attempting to restart drivers and daemon (attempt 1/20)...
2026-03-29 10:15:22,290 - DAMXDaemon - ERROR - Unexpected error during restart (attempt 1): Command '['sudo', 'rmmod', 'linuwu-sense']' returned non-zero exit status 1.
2026-03-29 10:15:22,290 - DAMXDaemon - ERROR - Failed to restart drivers (attempt 1), continuing with limited functionality
2026-03-29 10:15:22,290 - DAMXDaemon - INFO - Detected laptop type: UNKNOWN
2026-03-29 10:15:22,291 - DAMXDaemon - INFO - Base path: 
2026-03-29 10:15:22,291 - DAMXDaemon - INFO - Four-zone keyboard: No
2026-03-29 10:15:22,291 - DAMXDaemon - INFO - Available features: 
2026-03-29 10:15:22,291 - DAMXDaemon - INFO - Driver Version: Unknown Version
2026-03-29 10:15:22,293 - DAMXDaemon - INFO - Log level set to INFO
2026-03-29 10:15:22,293 - DAMXDaemon - INFO - ** Starting DAMX-Daemon v0.4.6 **
2026-03-29 10:15:22,293 - DAMXDaemon - ERROR - linuwu_sense module not found. Please install the linuwu_sense driver first.
2026-03-29 10:15:22,493 - DAMXDaemon - WARNING - Unknown laptop type detected, attempting driver restart (attempt 2/20)...
2026-03-29 10:15:22,493 - DAMXDaemon - INFO - Attempting to restart drivers and daemon (attempt 2/20)...
2026-03-29 10:15:22,502 - DAMXDaemon - ERROR - Unexpected error during restart (attempt 2): Command '['sudo', 'rmmod', 'linuwu-sense']' returned non-zero exit status 1.
2026-03-29 10:15:22,503 - DAMXDaemon - ERROR - Failed to restart drivers (attempt 2), continuing with limited functionality
2026-03-29 10:15:22,503 - DAMXDaemon - INFO - Detected laptop type: UNKNOWN
2026-03-29 10:15:22,503 - DAMXDaemon - INFO - Base path: 
2026-03-29 10:15:22,503 - DAMXDaemon - INFO - Four-zone keyboard: No
2026-03-29 10:15:22,503 - DAMXDaemon - INFO - Available features: 
2026-03-29 10:15:22,503 - DAMXDaemon - INFO - PowerSourceDetector initialized
2026-03-29 10:15:22,504 - DAMXDaemon - INFO - Monitoring power source started
2026-03-29 10:15:22,504 - DAMXDaemon - INFO - Detected features: 
2026-03-29 10:15:22,504 - DAMXDaemon - INFO - Monitoring power source started
2026-03-29 10:15:22,504 - DAMXDaemon - INFO - Server listening on /var/run/DAMX.sock
2026-03-29 10:59:26,577 - DAMXDaemon - INFO - Received signal 15, shutting down...
2026-03-29 10:59:26,577 - DAMXDaemon - INFO - Received signal 15, shutting down...
2026-03-29 10:59:27,427 - DAMXDaemon - INFO - Cleaning up resources...
2026-03-29 10:59:27,428 - DAMXDaemon - INFO - Stopping server...
2026-03-29 10:59:27,428 - DAMXDaemon - INFO - Removed socket file: /var/run/DAMX.sock
2026-03-29 10:59:27,428 - DAMXDaemon - INFO - Daemon stopped
2026-03-29 11:01:19,047 - DAMXDaemon - INFO - ** Starting DAMX-Daemon v0.4.6 **
2026-03-29 11:01:19,048 - DAMXDaemon - ERROR - linuwu_sense module not found. Please install the linuwu_sense driver first.
2026-03-29 11:01:19,248 - DAMXDaemon - WARNING - Unknown laptop type detected, attempting driver restart (attempt 1/20)...
2026-03-29 11:01:19,248 - DAMXDaemon - INFO - Attempting to restart drivers and daemon (attempt 1/20)...
2026-03-29 11:01:19,398 - DAMXDaemon - ERROR - Unexpected error during restart (attempt 1): Command '['sudo', 'rmmod', 'linuwu-sense']' returned non-zero exit status 1.
2026-03-29 11:01:19,398 - DAMXDaemon - ERROR - Failed to restart drivers (attempt 1), continuing with limited functionality
2026-03-29 11:01:19,398 - DAMXDaemon - INFO - Detected laptop type: UNKNOWN
2026-03-29 11:01:19,398 - DAMXDaemon - INFO - Base path: 
2026-03-29 11:01:19,398 - DAMXDaemon - INFO - Four-zone keyboard: No
2026-03-29 11:01:19,398 - DAMXDaemon - INFO - Available features: 
2026-03-29 11:01:19,398 - DAMXDaemon - INFO - Driver Version: Unknown Version
2026-03-29 11:01:19,399 - DAMXDaemon - INFO - Log level set to INFO
2026-03-29 11:01:19,399 - DAMXDaemon - INFO - ** Starting DAMX-Daemon v0.4.6 **
2026-03-29 11:01:19,399 - DAMXDaemon - ERROR - linuwu_sense module not found. Please install the linuwu_sense driver first.
2026-03-29 11:01:19,599 - DAMXDaemon - WARNING - Unknown laptop type detected, attempting driver restart (attempt 2/20)...
2026-03-29 11:01:19,600 - DAMXDaemon - INFO - Attempting to restart drivers and daemon (attempt 2/20)...
2026-03-29 11:01:19,606 - DAMXDaemon - ERROR - Unexpected error during restart (attempt 2): Command '['sudo', 'rmmod', 'linuwu-sense']' returned non-zero exit status 1.
2026-03-29 11:01:19,606 - DAMXDaemon - ERROR - Failed to restart drivers (attempt 2), continuing with limited functionality
2026-03-29 11:01:19,606 - DAMXDaemon - INFO - Detected laptop type: UNKNOWN
2026-03-29 11:01:19,606 - DAMXDaemon - INFO - Base path: 
2026-03-29 11:01:19,606 - DAMXDaemon - INFO - Four-zone keyboard: No
2026-03-29 11:01:19,606 - DAMXDaemon - INFO - Available features: 
2026-03-29 11:01:19,606 - DAMXDaemon - INFO - PowerSourceDetector initialized
2026-03-29 11:01:19,607 - DAMXDaemon - INFO - Monitoring power source started
2026-03-29 11:01:19,607 - DAMXDaemon - INFO - Detected features: 
2026-03-29 11:01:19,607 - DAMXDaemon - INFO - Monitoring power source started
2026-03-29 11:01:19,607 - DAMXDaemon - INFO - Server listening on /var/run/DAMX.sock
2026-03-29 12:59:58,408 - DAMXDaemon - INFO - Received signal 15, shutting down...
2026-03-29 12:59:58,409 - DAMXDaemon - INFO - Received signal 15, shutting down...
2026-03-29 12:59:58,694 - DAMXDaemon - INFO - Cleaning up resources...
2026-03-29 12:59:58,694 - DAMXDaemon - INFO - Stopping server...
2026-03-29 12:59:58,694 - DAMXDaemon - INFO - Removed socket file: /var/run/DAMX.sock
2026-03-29 12:59:58,694 - DAMXDaemon - INFO - Daemon stopped
2026-03-29 19:28:16,820 - DAMXDaemon - INFO - ** Starting DAMX-Daemon v0.4.6 **
2026-03-29 19:28:16,820 - DAMXDaemon - ERROR - linuwu_sense module not found. Please install the linuwu_sense driver first.
2026-03-29 19:28:17,021 - DAMXDaemon - WARNING - Unknown laptop type detected, attempting driver restart (attempt 1/20)...
2026-03-29 19:28:17,021 - DAMXDaemon - INFO - Attempting to restart drivers and daemon (attempt 1/20)...
2026-03-29 19:28:17,226 - DAMXDaemon - ERROR - Unexpected error during restart (attempt 1): Command '['sudo', 'rmmod', 'linuwu-sense']' returned non-zero exit status 1.
2026-03-29 19:28:17,226 - DAMXDaemon - ERROR - Failed to restart drivers (attempt 1), continuing with limited functionality
2026-03-29 19:28:17,226 - DAMXDaemon - INFO - Detected laptop type: UNKNOWN
2026-03-29 19:28:17,226 - DAMXDaemon - INFO - Base path: 
2026-03-29 19:28:17,226 - DAMXDaemon - INFO - Four-zone keyboard: No
2026-03-29 19:28:17,226 - DAMXDaemon - INFO - Available features: 
2026-03-29 19:28:17,226 - DAMXDaemon - INFO - Driver Version: Unknown Version
2026-03-29 19:28:17,228 - DAMXDaemon - INFO - Log level set to INFO
2026-03-29 19:28:17,228 - DAMXDaemon - INFO - ** Starting DAMX-Daemon v0.4.6 **
2026-03-29 19:28:17,228 - DAMXDaemon - ERROR - linuwu_sense module not found. Please install the linuwu_sense driver first.
2026-03-29 19:28:17,428 - DAMXDaemon - WARNING - Unknown laptop type detected, attempting driver restart (attempt 2/20)...
2026-03-29 19:28:17,428 - DAMXDaemon - INFO - Attempting to restart drivers and daemon (attempt 2/20)...
2026-03-29 19:28:17,438 - DAMXDaemon - ERROR - Unexpected error during restart (attempt 2): Command '['sudo', 'rmmod', 'linuwu-sense']' returned non-zero exit status 1.
2026-03-29 19:28:17,438 - DAMXDaemon - ERROR - Failed to restart drivers (attempt 2), continuing with limited functionality
2026-03-29 19:28:17,438 - DAMXDaemon - INFO - Detected laptop type: UNKNOWN
2026-03-29 19:28:17,438 - DAMXDaemon - INFO - Base path: 
2026-03-29 19:28:17,438 - DAMXDaemon - INFO - Four-zone keyboard: No
2026-03-29 19:28:17,438 - DAMXDaemon - INFO - Available features: 
2026-03-29 19:28:17,438 - DAMXDaemon - INFO - PowerSourceDetector initialized
2026-03-29 19:28:17,439 - DAMXDaemon - INFO - Monitoring power source started
2026-03-29 19:28:17,439 - DAMXDaemon - INFO - Detected features: 
2026-03-29 19:28:17,439 - DAMXDaemon - INFO - Monitoring power source started
2026-03-29 19:28:17,440 - DAMXDaemon - INFO - Server listening on /var/run/DAMX.sock
2026-03-29 19:34:16,602 - DAMXDaemon - INFO - Processing command: get_supported_features with params: {}
2026-03-29 19:34:16,627 - DAMXDaemon - INFO - Processing command: get_all_settings with params: {}
2026-03-29 23:02:37,576 - DAMXDaemon - INFO - Received signal 15, shutting down...
2026-03-29 23:02:37,577 - DAMXDaemon - INFO - Received signal 15, shutting down...
2026-03-29 23:02:38,466 - DAMXDaemon - INFO - Cleaning up resources...
2026-03-29 23:02:38,467 - DAMXDaemon - INFO - Stopping server...
2026-03-29 23:02:38,467 - DAMXDaemon - INFO - Removed socket file: /var/run/DAMX.sock
2026-03-29 23:02:38,467 - DAMXDaemon - INFO - Daemon stopped
2026-03-29 23:03:00,925 - DAMXDaemon - INFO - ** Starting DAMX-Daemon v0.4.6 **
2026-03-29 23:03:00,925 - DAMXDaemon - ERROR - linuwu_sense module not found. Please install the linuwu_sense driver first.
2026-03-29 23:03:01,126 - DAMXDaemon - WARNING - Unknown laptop type detected, attempting driver restart (attempt 1/20)...
2026-03-29 23:03:01,126 - DAMXDaemon - INFO - Attempting to restart drivers and daemon (attempt 1/20)...
2026-03-29 23:03:01,145 - DAMXDaemon - ERROR - Unexpected error during restart (attempt 1): Command '['sudo', 'rmmod', 'linuwu-sense']' returned non-zero exit status 1.
2026-03-29 23:03:01,145 - DAMXDaemon - ERROR - Failed to restart drivers (attempt 1), continuing with limited functionality
2026-03-29 23:03:01,145 - DAMXDaemon - INFO - Detected laptop type: UNKNOWN
2026-03-29 23:03:01,145 - DAMXDaemon - INFO - Base path: 
2026-03-29 23:03:01,145 - DAMXDaemon - INFO - Four-zone keyboard: No
2026-03-29 23:03:01,145 - DAMXDaemon - INFO - Available features: 
2026-03-29 23:03:01,145 - DAMXDaemon - INFO - Driver Version: Unknown Version
2026-03-29 23:03:01,151 - DAMXDaemon - INFO - Log level set to INFO
2026-03-29 23:03:01,152 - DAMXDaemon - INFO - ** Starting DAMX-Daemon v0.4.6 **
2026-03-29 23:03:01,152 - DAMXDaemon - ERROR - linuwu_sense module not found. Please install the linuwu_sense driver first.
2026-03-29 23:03:01,352 - DAMXDaemon - WARNING - Unknown laptop type detected, attempting driver restart (attempt 2/20)...
2026-03-29 23:03:01,352 - DAMXDaemon - INFO - Attempting to restart drivers and daemon (attempt 2/20)...
2026-03-29 23:03:01,362 - DAMXDaemon - ERROR - Unexpected error during restart (attempt 2): Command '['sudo', 'rmmod', 'linuwu-sense']' returned non-zero exit status 1.
2026-03-29 23:03:01,362 - DAMXDaemon - ERROR - Failed to restart drivers (attempt 2), continuing with limited functionality
2026-03-29 23:03:01,362 - DAMXDaemon - INFO - Detected laptop type: UNKNOWN
2026-03-29 23:03:01,362 - DAMXDaemon - INFO - Base path: 
2026-03-29 23:03:01,362 - DAMXDaemon - INFO - Four-zone keyboard: No
2026-03-29 23:03:01,362 - DAMXDaemon - INFO - Available features: 
2026-03-29 23:03:01,362 - DAMXDaemon - INFO - PowerSourceDetector initialized
2026-03-29 23:03:01,363 - DAMXDaemon - INFO - Monitoring power source started
2026-03-29 23:03:01,363 - DAMXDaemon - INFO - Detected features: 
2026-03-29 23:03:01,363 - DAMXDaemon - INFO - Monitoring power source started
2026-03-29 23:03:01,363 - DAMXDaemon - INFO - Server listening on /var/run/DAMX.sock
2026-03-29 23:03:12,183 - DAMXDaemon - INFO - Received signal 15, shutting down...
2026-03-29 23:03:12,183 - DAMXDaemon - INFO - Received signal 15, shutting down...
2026-03-29 23:03:12,378 - DAMXDaemon - INFO - Cleaning up resources...
2026-03-29 23:03:12,378 - DAMXDaemon - INFO - Stopping server...
2026-03-29 23:03:12,379 - DAMXDaemon - INFO - Removed socket file: /var/run/DAMX.sock
2026-03-29 23:03:12,379 - DAMXDaemon - INFO - Daemon stopped
2026-03-30 08:16:09,012 - DAMXDaemon - INFO - ** Starting DAMX-Daemon v0.4.6 **
2026-03-30 08:16:09,012 - DAMXDaemon - ERROR - linuwu_sense module not found. Please install the linuwu_sense driver first.
2026-03-30 08:16:09,212 - DAMXDaemon - WARNING - Unknown laptop type detected, attempting driver restart (attempt 1/20)...
2026-03-30 08:16:09,213 - DAMXDaemon - INFO - Attempting to restart drivers and daemon (attempt 1/20)...
2026-03-30 08:16:09,229 - DAMXDaemon - ERROR - Unexpected error during restart (attempt 1): Command '['sudo', 'rmmod', 'linuwu-sense']' returned non-zero exit status 1.
2026-03-30 08:16:09,229 - DAMXDaemon - ERROR - Failed to restart drivers (attempt 1), continuing with limited functionality
2026-03-30 08:16:09,229 - DAMXDaemon - INFO - Detected laptop type: UNKNOWN
2026-03-30 08:16:09,229 - DAMXDaemon - INFO - Base path: 
2026-03-30 08:16:09,229 - DAMXDaemon - INFO - Four-zone keyboard: No
2026-03-30 08:16:09,229 - DAMXDaemon - INFO - Available features: 
2026-03-30 08:16:09,229 - DAMXDaemon - INFO - Driver Version: Unknown Version
2026-03-30 08:16:09,230 - DAMXDaemon - INFO - Log level set to INFO
2026-03-30 08:16:09,230 - DAMXDaemon - INFO - ** Starting DAMX-Daemon v0.4.6 **
2026-03-30 08:16:09,230 - DAMXDaemon - ERROR - linuwu_sense module not found. Please install the linuwu_sense driver first.
2026-03-30 08:16:09,430 - DAMXDaemon - WARNING - Unknown laptop type detected, attempting driver restart (attempt 2/20)...
2026-03-30 08:16:09,430 - DAMXDaemon - INFO - Attempting to restart drivers and daemon (attempt 2/20)...
2026-03-30 08:16:09,441 - DAMXDaemon - ERROR - Unexpected error during restart (attempt 2): Command '['sudo', 'rmmod', 'linuwu-sense']' returned non-zero exit status 1.
2026-03-30 08:16:09,441 - DAMXDaemon - ERROR - Failed to restart drivers (attempt 2), continuing with limited functionality
2026-03-30 08:16:09,441 - DAMXDaemon - INFO - Detected laptop type: UNKNOWN
2026-03-30 08:16:09,441 - DAMXDaemon - INFO - Base path: 
2026-03-30 08:16:09,441 - DAMXDaemon - INFO - Four-zone keyboard: No
2026-03-30 08:16:09,442 - DAMXDaemon - INFO - Available features: 
2026-03-30 08:16:09,442 - DAMXDaemon - INFO - PowerSourceDetector initialized
2026-03-30 08:16:09,442 - DAMXDaemon - INFO - Monitoring power source started
2026-03-30 08:16:09,442 - DAMXDaemon - INFO - Detected features: 
2026-03-30 08:16:09,443 - DAMXDaemon - INFO - Monitoring power source started
2026-03-30 08:16:09,443 - DAMXDaemon - INFO - Server listening on /var/run/DAMX.sock
2026-03-30 12:58:02,978 - DAMXDaemon - INFO - Received signal 15, shutting down...
2026-03-30 12:58:03,195 - DAMXDaemon - INFO - Cleaning up resources...
2026-03-30 12:58:03,196 - DAMXDaemon - INFO - Stopping server...
2026-03-30 12:58:03,196 - DAMXDaemon - INFO - Removed socket file: /var/run/DAMX.sock
2026-03-30 12:58:03,196 - DAMXDaemon - INFO - Daemon stopped
2026-03-30 12:58:15,949 - DAMXDaemon - INFO - ** Starting DAMX-Daemon v0.4.6 **
2026-03-30 12:58:15,949 - DAMXDaemon - INFO - linuwu_sense module found. Proceeding with initialization.
2026-03-30 12:58:16,150 - DAMXDaemon - INFO - Detected laptop type: NITRO
2026-03-30 12:58:16,151 - DAMXDaemon - INFO - Base path: /sys/module/linuwu_sense/drivers/platform:acer-wmi/acer-wmi/nitro_sense
2026-03-30 12:58:16,151 - DAMXDaemon - INFO - Four-zone keyboard: No
2026-03-30 12:58:16,151 - DAMXDaemon - INFO - Available features: usb_charging, battery_calibration, fan_speed, thermal_profile, backlight_timeout, battery_limiter
2026-03-30 12:58:16,151 - DAMXDaemon - INFO - Driver Version: 25.701
2026-03-30 12:58:16,152 - DAMXDaemon - INFO - Log level set to INFO
2026-03-30 12:58:16,152 - DAMXDaemon - INFO - ** Starting DAMX-Daemon v0.4.6 **
2026-03-30 12:58:16,153 - DAMXDaemon - INFO - linuwu_sense module found. Proceeding with initialization.
2026-03-30 12:58:16,353 - DAMXDaemon - INFO - Detected laptop type: NITRO
2026-03-30 12:58:16,354 - DAMXDaemon - INFO - Base path: /sys/module/linuwu_sense/drivers/platform:acer-wmi/acer-wmi/nitro_sense
2026-03-30 12:58:16,354 - DAMXDaemon - INFO - Four-zone keyboard: No
2026-03-30 12:58:16,354 - DAMXDaemon - INFO - Available features: usb_charging, battery_calibration, fan_speed, thermal_profile, backlight_timeout, battery_limiter
2026-03-30 12:58:16,354 - DAMXDaemon - INFO - PowerSourceDetector initialized
2026-03-30 12:58:16,379 - DAMXDaemon - INFO - Switched to battery power
2026-03-30 12:58:16,380 - DAMXDaemon - INFO - Monitoring power source started
2026-03-30 12:58:16,380 - DAMXDaemon - INFO - Detected features: backlight_timeout, battery_calibration, battery_limiter, fan_speed, thermal_profile, usb_charging
2026-03-30 12:58:16,382 - DAMXDaemon - INFO - Monitoring power source started
2026-03-30 12:58:16,382 - DAMXDaemon - INFO - Server listening on /var/run/DAMX.sock
2026-03-30 12:58:17,890 - DAMXDaemon - INFO - Received signal 15, shutting down...
2026-03-30 12:58:17,890 - DAMXDaemon - INFO - Received signal 15, shutting down...
2026-03-30 12:58:18,385 - DAMXDaemon - INFO - Cleaning up resources...
2026-03-30 12:58:18,385 - DAMXDaemon - INFO - Stopping server...
2026-03-30 12:58:18,385 - DAMXDaemon - INFO - Removed socket file: /var/run/DAMX.sock
2026-03-30 12:58:18,386 - DAMXDaemon - INFO - Daemon stopped
2026-03-30 12:58:38,025 - DAMXDaemon - INFO - ** Starting DAMX-Daemon v0.4.6 **
2026-03-30 12:58:38,026 - DAMXDaemon - INFO - linuwu_sense module found. Proceeding with initialization.
2026-03-30 12:58:38,226 - DAMXDaemon - INFO - Detected laptop type: NITRO
2026-03-30 12:58:38,226 - DAMXDaemon - INFO - Base path: /sys/module/linuwu_sense/drivers/platform:acer-wmi/acer-wmi/nitro_sense
2026-03-30 12:58:38,226 - DAMXDaemon - INFO - Four-zone keyboard: No
2026-03-30 12:58:38,226 - DAMXDaemon - INFO - Available features: thermal_profile, usb_charging, battery_limiter, battery_calibration, fan_speed, backlight_timeout
2026-03-30 12:58:38,227 - DAMXDaemon - INFO - Driver Version: 25.701
2026-03-30 12:58:38,233 - DAMXDaemon - INFO - Log level set to INFO
2026-03-30 12:58:38,233 - DAMXDaemon - INFO - ** Starting DAMX-Daemon v0.4.6 **
2026-03-30 12:58:38,233 - DAMXDaemon - INFO - linuwu_sense module found. Proceeding with initialization.
2026-03-30 12:58:38,434 - DAMXDaemon - INFO - Detected laptop type: NITRO
2026-03-30 12:58:38,434 - DAMXDaemon - INFO - Base path: /sys/module/linuwu_sense/drivers/platform:acer-wmi/acer-wmi/nitro_sense
2026-03-30 12:58:38,434 - DAMXDaemon - INFO - Four-zone keyboard: No
2026-03-30 12:58:38,434 - DAMXDaemon - INFO - Available features: thermal_profile, usb_charging, battery_limiter, battery_calibration, fan_speed, backlight_timeout
2026-03-30 12:58:38,434 - DAMXDaemon - INFO - PowerSourceDetector initialized
2026-03-30 12:58:38,440 - DAMXDaemon - INFO - Switched to battery power
2026-03-30 12:58:38,440 - DAMXDaemon - INFO - Monitoring power source started
2026-03-30 12:58:38,441 - DAMXDaemon - INFO - Detected features: backlight_timeout, battery_calibration, battery_limiter, fan_speed, thermal_profile, usb_charging
2026-03-30 12:58:38,441 - DAMXDaemon - INFO - Monitoring power source started
2026-03-30 12:58:38,441 - DAMXDaemon - INFO - Server listening on /var/run/DAMX.sock
2026-03-30 12:59:14,079 - DAMXDaemon - INFO - Processing command: get_supported_features with params: {}
2026-03-30 12:59:14,105 - DAMXDaemon - INFO - Processing command: get_all_settings with params: {}
